Plant.ID,Spp,Site,Parent,Replicate,Seed.Mass.mg,NAT_1000
321,Capsella_bursa-pastoris,11,9,1,69.22,0.191472034
322,Capsella_bursa-pastoris,11,9,2,62.54,0.191472034
323,Capsella_bursa-pastoris,11,9,3,60.3,0.191472034
324,Capsella_bursa-pastoris,11,9,4,56.32,0.191472034
325,Capsella_bursa-pastoris,11,9,5,72,0.191472034
326,Capsella_bursa-pastoris,11,3,1,51.31,0.191472034
327,Capsella_bursa-pastoris,11,3,2,70.05,0.191472034
328,Capsella_bursa-pastoris,11,6,1,,0.191472034
329,Capsella_bursa-pastoris,11,6,2,63.22,0.191472034
330,Capsella_bursa-pastoris,11,4,1,60.42,0.191472034
331,Capsella_bursa-pastoris,11,4,2,35.21,0.191472034
332,Capsella_bursa-pastoris,14,1,1,,0.103452398
333,Capsella_bursa-pastoris,14,1,2,43.55,0.103452398
334,Capsella_bursa-pastoris,14,1,3,55.11,0.103452398
335,Capsella_bursa-pastoris,14,1,4,45.72,0.103452398
336,Capsella_bursa-pastoris,14,1,5,81.73,0.103452398
337,Capsella_bursa-pastoris,14,3,1,43.43,0.103452398
338,Capsella_bursa-pastoris,14,3,2,38.47,0.103452398
339,Capsella_bursa-pastoris,14,3,3,27.37,0.103452398
340,Capsella_bursa-pastoris,14,3,4,47.13,0.103452398
341,Capsella_bursa-pastoris,14,3,5,25.05,0.103452398
342,Capsella_bursa-pastoris,14,1,6,74.55,0.103452398
343,Capsella_bursa-pastoris,14,1,7,76.23,0.103452398
344,Capsella_bursa-pastoris,14,3,6,55.97,0.103452398
345,Capsella_bursa-pastoris,7,1,1,63.91,0.106409953
346,Capsella_bursa-pastoris,7,1,2,62.08,0.106409953
347,Capsella_bursa-pastoris,7,1,3,73.65,0.106409953
348,Capsella_bursa-pastoris,7,1,4,53.21,0.106409953
349,Capsella_bursa-pastoris,7,1,5,60.24,0.106409953
350,Capsella_bursa-pastoris,7,1,6,56.64,0.106409953
351,Capsella_bursa-pastoris,7,2,1,68.18,0.106409953
352,Capsella_bursa-pastoris,7,2,2,52.75,0.106409953
353,Capsella_bursa-pastoris,7,2,3,47.09,0.106409953
354,Capsella_bursa-pastoris,7,2,4,70.17,0.106409953
355,Capsella_bursa-pastoris,7,2,5,48.49,0.106409953
356,Capsella_bursa-pastoris,7,2,6,,0.106409953
357,Capsella_bursa-pastoris,7,3,1,53.12,0.106409953
358,Capsella_bursa-pastoris,7,4,1,73.59,0.106409953
359,Capsella_bursa-pastoris,7,4,2,,0.106409953
360,Capsella_bursa-pastoris,7,4,3,,0.106409953
361,Capsella_bursa-pastoris,7,4,4,,0.106409953
362,Capsella_bursa-pastoris,7,4,5,81.51,0.106409953
363,Capsella_bursa-pastoris,7,4,6,,0.106409953
364,Capsella_bursa-pastoris,7,5,1,29.09,0.106409953
365,Capsella_bursa-pastoris,7,5,2,50.89,0.106409953
366,Capsella_bursa-pastoris,7,5,3,30.25,0.106409953
367,Capsella_bursa-pastoris,7,5,4,44.7,0.106409953
368,Capsella_bursa-pastoris,7,5,5,21.07,0.106409953
369,Capsella_bursa-pastoris,7,5,6,54.56,0.106409953
370,Capsella_bursa-pastoris,3,7,1,59.19,0.176161408
371,Capsella_bursa-pastoris,3,7,2,57.95,0.176161408
372,Capsella_bursa-pastoris,3,7,3,55.39,0.176161408
373,Capsella_bursa-pastoris,3,7,4,68.43,0.176161408
374,Capsella_bursa-pastoris,3,5,1,55.51,0.176161408
375,Capsella_bursa-pastoris,3,5,2,60.61,0.176161408
376,Capsella_bursa-pastoris,3,5,3,48.04,0.176161408
377,Capsella_bursa-pastoris,3,3,1,57.78,0.176161408
378,Capsella_bursa-pastoris,3,3,2,58.72,0.176161408
379,Capsella_bursa-pastoris,3,3,3,74.78,0.176161408
380,Capsella_bursa-pastoris,3,3,4,59.13,0.176161408
381,Capsella_bursa-pastoris,3,3,5,56.96,0.176161408
382,Capsella_bursa-pastoris,3,3,6,58.43,0.176161408
383,Capsella_bursa-pastoris,10,1,1,64.61,0.069456603
384,Capsella_bursa-pastoris,10,1,2,50.11,0.069456603
385,Capsella_bursa-pastoris,10,1,3,59.56,0.069456603
386,Capsella_bursa-pastoris,10,2,1,59.31,0.069456603
387,Capsella_bursa-pastoris,10,4,1,71.21,0.069456603
388,Capsella_bursa-pastoris,10,5,1,59.23,0.069456603
389,Capsella_bursa-pastoris,10,5,2,46.79,0.069456603
390,Capsella_bursa-pastoris,10,5,3,44.7,0.069456603
391,Capsella_bursa-pastoris,10,5,4,50.08,0.069456603
392,Capsella_bursa-pastoris,9,2,1,64.65,0.139259237
393,Capsella_bursa-pastoris,9,2,2,35.61,0.139259237
394,Capsella_bursa-pastoris,9,2,3,71.96,0.139259237
395,Capsella_bursa-pastoris,9,2,4,42.65,0.139259237
396,Capsella_bursa-pastoris,9,2,5,56.34,0.139259237
397,Capsella_bursa-pastoris,9,3,1,70.45,0.139259237
398,Capsella_bursa-pastoris,9,4,1,77.02,0.139259237
399,Capsella_bursa-pastoris,9,4,2,61.01,0.139259237
400,Capsella_bursa-pastoris,9,4,3,66.72,0.139259237
401,Capsella_bursa-pastoris,9,4,4,63.36,0.139259237
402,Capsella_bursa-pastoris,9,4,5,45.19,0.139259237
403,Capsella_bursa-pastoris,9,4,6,46.42,0.139259237
404,Capsella_bursa-pastoris,9,5,1,79.68,0.139259237
405,Capsella_bursa-pastoris,9,5,2,64.54,0.139259237
406,Capsella_bursa-pastoris,8,4,1,68.11,0.137455814
407,Capsella_bursa-pastoris,8,4,2,45.87,0.137455814
408,Capsella_bursa-pastoris,8,4,3,58.19,0.137455814
409,Capsella_bursa-pastoris,8,4,4,57.56,0.137455814
410,Capsella_bursa-pastoris,8,4,5,54.3,0.137455814
411,Capsella_bursa-pastoris,8,4,6,52.31,0.137455814
412,Capsella_bursa-pastoris,8,4,7,75.81,0.137455814
413,Capsella_bursa-pastoris,8,6,1,44.41,0.137455814
414,Capsella_bursa-pastoris,8,6,2,50.73,0.137455814
415,Capsella_bursa-pastoris,8,6,3,53.66,0.137455814
416,Capsella_bursa-pastoris,8,6,4,48.05,0.137455814
417,Capsella_bursa-pastoris,8,6,5,52.84,0.137455814
418,Capsella_bursa-pastoris,8,6,6,36.03,0.137455814
419,Capsella_bursa-pastoris,8,6,7,46.73,0.137455814
420,Capsella_bursa-pastoris,13,2,1,52.11,0.058560612
421,Capsella_bursa-pastoris,5,2,1,51.04,0.040319972
422,Capsella_bursa-pastoris,5,2,2,49.9,0.040319972
423,Capsella_bursa-pastoris,1,2,1,26.2,0.059382359
424,Capsella_bursa-pastoris,2,4,1,47.34,0.034057749
425,Capsella_bursa-pastoris,2,4,2,60.07,0.034057749
426,Capsella_bursa-pastoris,2,4,3,,0.034057749
427,Capsella_bursa-pastoris,2,2,1,50.01,0.034057749
428,Capsella_bursa-pastoris,2,2,2,45.38,0.034057749
429,Capsella_bursa-pastoris,2,5,1,59.05,0.034057749
430,Capsella_bursa-pastoris,2,5,2,44.85,0.034057749
431,Capsella_bursa-pastoris,2,5,3,40.59,0.034057749
432,Capsella_bursa-pastoris,2,3,1,,0.034057749
433,Capsella_bursa-pastoris,2,3,2,41.28,0.034057749
434,Capsella_bursa-pastoris,2,3,3,37.64,0.034057749
435,Capsella_bursa-pastoris,4,2,1,,0.109938934
436,Capsella_bursa-pastoris,4,2,2,28.52,0.109938934
437,Capsella_bursa-pastoris,4,3,1,42.44,0.109938934
438,Capsella_bursa-pastoris,4,4,1,58.1,0.109938934
439,Capsella_bursa-pastoris,4,4,2,53.77,0.109938934
440,Capsella_bursa-pastoris,4,4,3,49.95,0.109938934
441,Capsella_bursa-pastoris,12,5,1,63.3,0.078703513
442,Capsella_bursa-pastoris,12,5,2,61.7,0.078703513
443,Capsella_bursa-pastoris,12,1,1,,0.078703513
444,Capsella_bursa-pastoris,12,4,1,45.22,0.078703513
445,Capsella_bursa-pastoris,12,4,2,64.3,0.078703513
446,Capsella_bursa-pastoris,12,4,3,34.56,0.078703513
447,Capsella_bursa-pastoris,12,4,4,54.16,0.078703513
448,Capsella_bursa-pastoris,12,4,5,56.06,0.078703513
449,Capsella_bursa-pastoris,12,4,6,,0.078703513
450,Capsella_bursa-pastoris,12,7,1,60.14,0.078703513
451,Capsella_bursa-pastoris,12,6,1,35.56,0.078703513
452,Capsella_bursa-pastoris,12,6,2,42.46,0.078703513
453,Capsella_bursa-pastoris,12,6,3,58.13,0.078703513
454,Capsella_bursa-pastoris,12,6,4,55.87,0.078703513
455,Capsella_bursa-pastoris,16,6,1,53.64,0.137001119
456,Capsella_bursa-pastoris,16,6,2,48.07,0.137001119
457,Capsella_bursa-pastoris,16,6,3,48.61,0.137001119
458,Capsella_bursa-pastoris,16,6,4,,0.137001119
459,Capsella_bursa-pastoris,16,6,5,49.59,0.137001119
460,Capsella_bursa-pastoris,16,6,6,37.09,0.137001119
461,Capsella_bursa-pastoris,16,6,7,32.54,0.137001119
462,Capsella_bursa-pastoris,16,5,1,,0.137001119
463,Capsella_bursa-pastoris,16,4,1,54.82,0.137001119
464,Capsella_bursa-pastoris,15,1,1,39.82,0.125193699
465,Capsella_bursa-pastoris,15,1,2,,0.125193699
466,Capsella_bursa-pastoris,15,2,1,47.4,0.125193699
467,Capsella_bursa-pastoris,15,2,2,,0.125193699
468,Capsella_bursa-pastoris,15,2,3,47.54,0.125193699
469,Capsella_bursa-pastoris,15,2,4,51.62,0.125193699
470,Capsella_bursa-pastoris,15,2,5,49.91,0.125193699
471,Capsella_bursa-pastoris,15,2,6,,0.125193699
472,Capsella_bursa-pastoris,15,2,7,66.06,0.125193699
473,Capsella_bursa-pastoris,15,3,1,40.26,0.125193699
474,Capsella_bursa-pastoris,15,3,2,41.26,0.125193699
475,Capsella_bursa-pastoris,6,1,1,44.57,0.210949724
476,Capsella_bursa-pastoris,6,1,2,,0.210949724
477,Capsella_bursa-pastoris,6,2,1,,0.210949724
478,Capsella_bursa-pastoris,6,2,2,55.27,0.210949724
479,Capsella_bursa-pastoris,6,2,3,78.93,0.210949724
480,Capsella_bursa-pastoris,6,2,4,71.05,0.210949724
481,Capsella_bursa-pastoris,6,2,5,63.76,0.210949724
482,Capsella_bursa-pastoris,6,2,6,53.41,0.210949724
483,Capsella_bursa-pastoris,6,3,1,67.5,0.210949724
484,Capsella_bursa-pastoris,6,3,2,56.06,0.210949724
485,Capsella_bursa-pastoris,6,3,3,66.93,0.210949724
486,Capsella_bursa-pastoris,6,3,4,71.5,0.210949724
487,Capsella_bursa-pastoris,6,3,5,68.67,0.210949724
488,Capsella_bursa-pastoris,6,3,6,55.66,0.210949724
489,Capsella_bursa-pastoris,6,4,1,73.94,0.210949724
490,Capsella_bursa-pastoris,6,4,2,54.92,0.210949724
491,Capsella_bursa-pastoris,6,4,3,60.18,0.210949724
492,Capsella_bursa-pastoris,6,4,4,44.37,0.210949724
493,Capsella_bursa-pastoris,6,4,5,56.9,0.210949724
494,Capsella_bursa-pastoris,6,4,6,69.6,0.210949724
495,Capsella_bursa-pastoris,15,1,3,60.17,0.125193699
496,Capsella_bursa-pastoris,15,1,4,56.29,0.125193699
497,Capsella_bursa-pastoris,15,2,8,69.48,0.125193699
498,Capsella_bursa-pastoris,15,2,9,,0.125193699
499,Capsella_bursa-pastoris,15,2,10,57.89,0.125193699
500,Capsella_bursa-pastoris,15,2,11,,0.125193699
501,Capsella_bursa-pastoris,15,3,3,43.5,0.125193699
502,Capsella_bursa-pastoris,12,2,1,39.74,0.078703513
503,Capsella_bursa-pastoris,12,5,3,,0.078703513
504,Capsella_bursa-pastoris,12,6,5,51.57,0.078703513
505,Capsella_bursa-pastoris,12,6,6,,0.078703513
506,Capsella_bursa-pastoris,12,7,2,46.33,0.078703513
507,Capsella_bursa-pastoris,12,7,3,66.54,0.078703513
508,Capsella_bursa-pastoris,16,1,1,63.06,0.137001119
509,Capsella_bursa-pastoris,16,5,2,36.02,0.137001119
510,Capsella_bursa-pastoris,16,5,3,33.07,0.137001119
511,Capsella_bursa-pastoris,11,7,1,,0.191472034
512,Capsella_bursa-pastoris,11,7,2,,0.191472034
513,Capsella_bursa-pastoris,11,8,1,39.8,0.191472034
514,Capsella_bursa-pastoris,11,10,1,59.28,0.191472034
515,Capsella_bursa-pastoris,11,10,2,57.29,0.191472034
516,Capsella_bursa-pastoris,11,10,3,43.18,0.191472034
517,Capsella_bursa-pastoris,11,10,4,67.66,0.191472034
518,Capsella_bursa-pastoris,8,5,1,66.3,0.137455814
519,Capsella_bursa-pastoris,10,2,2,47.18,0.069456603
520,Capsella_bursa-pastoris,10,4,2,61.22,0.069456603
521,Capsella_bursa-pastoris,13,2,2,51.96,0.058560612
522,Capsella_bursa-pastoris,13,5,1,39.34,0.058560612
523,Capsella_bursa-pastoris,13,6,1,42.37,0.058560612
524,Capsella_bursa-pastoris,13,6,2,37.57,0.058560612
525,Capsella_bursa-pastoris,13,6,3,35.8,0.058560612
526,Capsella_bursa-pastoris,13,7,1,60.6,0.058560612
527,Capsella_bursa-pastoris,2,3,4,29.33,0.034057749
528,Capsella_bursa-pastoris,2,3,5,66.37,0.034057749
529,Capsella_bursa-pastoris,2,4,4,,0.034057749
530,Capsella_bursa-pastoris,2,5,4,70.15,0.034057749
531,Capsella_bursa-pastoris,2,7,1,44.49,0.034057749
532,Capsella_bursa-pastoris,2,1,1,40.56,0.034057749
533,Capsella_bursa-pastoris,2,1,2,44.2,0.034057749
534,Capsella_bursa-pastoris,2,1,3,41.24,0.034057749
535,Capsella_bursa-pastoris,2,1,4,48.9,0.034057749
536,Capsella_bursa-pastoris,2,2,3,40.31,0.034057749
537,Capsella_bursa-pastoris,2,2,4,53.97,0.034057749
538,Capsella_bursa-pastoris,4,2,3,,0.109938934
539,Capsella_bursa-pastoris,4,3,2,,0.109938934
540,Capsella_bursa-pastoris,4,3,3,,0.109938934
541,Capsella_bursa-pastoris,4,3,4,,0.109938934
542,Capsella_bursa-pastoris,4,4,4,47.34,0.109938934
543,Capsella_bursa-pastoris,4,4,5,50.44,0.109938934
544,Capsella_bursa-pastoris,4,4,6,67.27,0.109938934
545,Capsella_bursa-pastoris,4,1,1,57.12,0.109938934
546,Capsella_bursa-pastoris,9,2,6,61.92,0.139259237
547,Capsella_bursa-pastoris,3,4,1,68.67,0.176161408
548,Capsella_bursa-pastoris,3,5,4,49.27,0.176161408
549,Capsella_bursa-pastoris,3,6,1,68.45,0.176161408
550,Capsella_bursa-pastoris,3,6,2,61.15,0.176161408
551,Capsella_bursa-pastoris,3,6,3,59.83,0.176161408
