code;tree;sample;species;organ;VC_length;WD;D;Dh;VD;F;S;Kp;Ks_max;Ks_min;P12;P50;P88
B_Ah_1_1;Ah_1;1;Acer pseudoplatanus;branch;30;0.540;25.11;36.10;187.68;0.12;3.36E-06;3.51;1.39;1.95;-2.80;-3.54;-4.29
B_Ah_1_2;Ah_1;2;Acer pseudoplatanus;branch;30;0.524;25.01;35.71;168.21;0.11;3.72E-06;3.04;n/a;n/a;-0.98;-3.01;-5.03
B_Ah_1_4;Ah_1;4;Acer pseudoplatanus;branch;30;0.558;29.70;36.07;127.19;0.11;6.93E-06;3.30;n/a;n/a;-3.03;-3.73;-4.43
B_Ah_1_5;Ah_1;5;Acer pseudoplatanus;branch;30;0.564;26.05;34.83;154.50;0.11;4.39E-06;2.88;n/a;n/a;-2.39;-3.44;-4.49
B_Ah_2_1;Ah_2;1;Acer pseudoplatanus;branch;30;n/a;n/a;n/a;n/a;n/a;n/a;n/a;0.84;1.21;n/a;n/a;n/a
B_Ah_2_2;Ah_2;2;Acer pseudoplatanus;branch;30;0.538;24.44;33.47;199.36;0.12;3.00E-06;3.07;1.10;2.19;-2.79;-3.56;-4.34
B_Ah_2_2;Ah_2;2;Acer pseudoplatanus;branch;30;0.538;n/a;n/a;n/a;n/a;n/a;n/a;1.10;2.19;-2.79;-3.56;-4.34
B_Ah_2_3;Ah_2;3;Acer pseudoplatanus;branch;30;0.510;29.94;36.62;127.64;0.11;7.02E-06;3.47;1.08;1.95;-2.81;-3.48;-4.15
B_Ah_2_4;Ah_2;4;Acer pseudoplatanus;branch;30;0.563;n/a;n/a;n/a;n/a;n/a;n/a;1.28;1.76;-3.06;-3.65;-4.23
B_Ah_2_5;Ah_2;5;Acer pseudoplatanus;branch;30;n/a;n/a;n/a;n/a;n/a;n/a;n/a;0.79;1.11;n/a;n/a;n/a
B_Ah_3_3;Ah_3;3;Acer pseudoplatanus;branch;30;n/a;n/a;n/a;n/a;n/a;n/a;n/a;1.67;2.23;n/a;n/a;n/a
B_Ah_4_1;Ah_4;1;Acer pseudoplatanus;branch;30;0.542;24.83;37.38;219.97;0.14;2.80E-06;4.31;1.17;1.59;-2.68;-3.21;-3.74
B_Ah_4_2;Ah_4;2;Acer pseudoplatanus;branch;30;0.521;n/a;n/a;n/a;n/a;n/a;n/a;1.19;2.08;-2.53;-3.16;-3.79
B_Ah_4_3;Ah_4;3;Acer pseudoplatanus;branch;30;0.510;31.06;38.77;136.65;0.13;7.06E-06;4.49;1.59;2.43;0.48;-1.87;-4.23
B_Ah_4_4;Ah_4;4;Acer pseudoplatanus;branch;30;n/a;n/a;n/a;n/a;n/a;n/a;n/a;1.36;2.10;n/a;n/a;n/a
B_Ah_4_4;Ah_4;4;Acer pseudoplatanus;branch;30;n/a;n/a;n/a;n/a;n/a;n/a;n/a;1.36;2.10;n/a;n/a;n/a
B_Ah_4_5;Ah_4;5;Acer pseudoplatanus;branch;30;0.487;30.40;38.05;118.95;0.11;7.77E-06;3.58;1.44;1.77;-2.85;-3.27;-3.70
B_Ah_5_1;Ah_5;1;Acer pseudoplatanus;branch;30;0.568;n/a;n/a;n/a;n/a;n/a;n/a;1.23;1.87;-2.81;-3.63;-4.45
B_Ah_5_2;Ah_5;2;Acer pseudoplatanus;branch;30;n/a;n/a;n/a;n/a;n/a;n/a;n/a;1.73;2.46;n/a;n/a;n/a
B_Ah_5_3;Ah_5;3;Acer pseudoplatanus;branch;30;0.586;n/a;n/a;n/a;n/a;n/a;n/a;0.90;1.54;n/a;n/a;n/a
B_Ah_5_4;Ah_5;4;Acer pseudoplatanus;branch;30;0.589;27.35;32.73;115.85;0.09;6.46E-06;2.08;1.43;1.65;-2.97;-3.71;-4.45
B_Ah_5_5;Ah_5;5;Acer pseudoplatanus;branch;30;0.536;25.39;35.26;188.60;0.12;3.42E-06;3.41;1.23;1.78;-2.89;-3.61;-4.33
B_Ah_5_5;Ah_5;5;Acer pseudoplatanus;branch;30;0.536;n/a;n/a;n/a;n/a;n/a;n/a;1.23;1.78;-2.89;-3.61;-4.33
B_Ah_6_1;Ah_6;1;Acer pseudoplatanus;branch;30;0.498;25.59;34.62;185.66;0.12;3.53E-06;3.34;1.82;2.45;-3.10;-3.75;-4.40
B_Ah_6_2;Ah_6;2;Acer pseudoplatanus;branch;30;n/a;n/a;n/a;n/a;n/a;n/a;n/a;1.00;1.13;n/a;n/a;n/a
B_Ah_6_3;Ah_6;3;Acer pseudoplatanus;branch;30;0.555;25.29;34.17;178.19;0.11;3.59E-06;3.07;1.63;1.61;-2.42;-3.48;-4.54
B_Ah_6_4;Ah_6;4;Acer pseudoplatanus;branch;30;0.510;24.56;33.51;194.46;0.12;3.10E-06;2.99;1.06;1.46;-2.87;-3.67;-4.46
B_Ah_6_5;Ah_6;5;Acer pseudoplatanus;branch;30;0.502;24.97;32.85;186.57;0.12;3.34E-06;2.88;1.51;1.91;-2.47;-3.37;-4.26
R_C1_Ah_01_1;Ah_1;1;Acer pseudoplatanus;root;100;0.471;69.75;117.91;41.36;0.20;1.18E-04;62.42;n/a;n/a;-3.18;-3.97;-4.77
R_C1_Ah_02_1;Ah_2;1;Acer pseudoplatanus;root;n/a;0.320;105.64;145.07;34.54;0.39;3.23E-04;198.79;n/a;n/a;n/a;n/a;n/a
R_C1_Ah_1_1;Ah_1;1;Acer pseudoplatanus;root;n/a;0.387;89.56;129.73;37.39;0.30;2.15E-04;117.93;n/a;n/a;n/a;n/a;n/a
R_C1_Ah_1_2;Ah_1;2;Acer pseudoplatanus;root;100;0.365;94.17;137.58;35.82;0.32;2.48E-04;142.62;n/a;n/a;-1.62;-2.43;-3.24
R_X_Ah_1_3;Ah_1;3;Acer pseudoplatanus;root;n/a;n/a;71.93;99.49;38.84;0.20;1.33E-04;44.44;1.17;0.66;n/a;n/a;n/a
R_X_Ah_2_10;Ah_2;10;Acer pseudoplatanus;root;n/a;n/a;n/a;n/a;n/a;n/a;n/a;n/a;n/a;n/a;n/a;n/a;n/a
R_X_Ah_2_11;Ah_2;11;Acer pseudoplatanus;root;n/a;n/a;n/a;n/a;n/a;n/a;n/a;n/a;n/a;n/a;n/a;n/a;n/a
R_C1_Ah_2_1;Ah_2;1;Acer pseudoplatanus;root;n/a;0.434;60.29;87.20;43.84;0.16;8.29E-05;27.31;n/a;n/a;n/a;n/a;n/a
R_C1_Ah_2_2;Ah_2;2;Acer pseudoplatanus;root;100;0.370;82.13;126.43;43.02;0.29;1.57E-04;109.82;n/a;n/a;-2.48;-2.97;-3.45
R_C_Ah_2_5;Ah_2;5;Acer pseudoplatanus;root;n/a;0.437;58.70;99.73;50.90;0.18;6.77E-05;38.23;n/a;n/a;n/a;n/a;n/a
R_X_Ah_2_6;Ah_2;6;Acer pseudoplatanus;root;n/a;n/a;54.17;90.23;46.13;0.14;6.36E-05;24.61;1.08;0.60;n/a;n/a;n/a
R_X_Ah_2_7;Ah_2;7;Acer pseudoplatanus;root;n/a;n/a;57.77;93.11;56.33;0.19;5.92E-05;35.66;0.42;0.40;n/a;n/a;n/a
R_X_Ah_4_6;Ah_4;6;Acer pseudoplatanus;root;n/a;n/a;74.24;108.15;69.66;0.30;6.21E-05;103.68;n/a;13.66;n/a;n/a;n/a
R_X_Ah_4_3;Ah_4;3;Acer pseudoplatanus;root;n/a;n/a;65.31;112.87;46.27;0.20;9.22E-05;55.82;0.55;0.71;n/a;n/a;n/a
R_C1_Ah_5_1;Ah_5;1;Acer pseudoplatanus;root;n/a;0.431;89.93;135.84;38.02;0.31;2.13E-04;133.77;n/a;n/a;n/a;n/a;n/a
R_X_Ah_5_4;Ah_5;4;Acer pseudoplatanus;root;n/a;n/a;47.66;85.69;59.61;0.14;3.81E-05;19.03;0.98;0.47;n/a;n/a;n/a
R_C_Ah_5_5;Ah_5;5;Acer pseudoplatanus;root;n/a;0.568;52.43;90.52;51.60;0.14;5.33E-05;24.73;n/a;n/a;n/a;n/a;n/a
R_C_Ah_5_6;Ah_5;6;Acer pseudoplatanus;root;n/a;0.504;n/a;n/a;n/a;n/a;n/a;n/a;n/a;n/a;n/a;n/a;n/a
R_X_Ah_5_7;Ah_5;7;Acer pseudoplatanus;root;n/a;n/a;49.56;77.77;59.54;0.15;4.12E-05;18.72;0.33;0.44;n/a;n/a;n/a
R_C1_Ah_6_1;Ah_6;1;Acer pseudoplatanus;root;n/a;0.397;96.84;132.73;35.11;0.33;2.67E-04;134.97;n/a;n/a;n/a;n/a;n/a
R_X_Ah_7_1;Ah_7;1;Acer pseudoplatanus;root;n/a;n/a;n/a;n/a;n/a;n/a;n/a;n/a;n/a;3.84;n/a;n/a;n/a
R_X_Ah_7_4;Ah_7;4;Acer pseudoplatanus;root;n/a;n/a;n/a;n/a;n/a;n/a;n/a;n/a;n/a;24.45;n/a;n/a;n/a
S_Ah_1;Ah_1;1;Acer pseudoplatanus;stem;n/a;0.569;54.68;65.84;33.79;0.10;8.85E-05;10.70;n/a;n/a;n/a;n/a;n/a
S_Ah_2;Ah_2;1;Acer pseudoplatanus;stem;n/a;0.570;55.95;72.99;36.18;0.11;8.65E-05;14.85;n/a;n/a;n/a;n/a;n/a
S_Ah_4;Ah_4;1;Acer pseudoplatanus;stem;n/a;0.533;56.64;82.46;35.93;0.12;8.93E-05;20.01;n/a;n/a;n/a;n/a;n/a
S_Ah_5;Ah_5;1;Acer pseudoplatanus;stem;n/a;0.564;58.93;83.49;73.37;0.26;4.73E-05;46.09;n/a;n/a;n/a;n/a;n/a
S_Ah_6;Ah_6;1;Acer pseudoplatanus;stem;n/a;0.546;56.86;68.51;30.66;0.10;1.05E-04;11.41;n/a;n/a;n/a;n/a;n/a
S_Ah_7;Ah_7;1;Acer pseudoplatanus;stem;n/a;0.521;53.89;66.57;41.03;0.12;7.08E-05;12.75;n/a;n/a;n/a;n/a;n/a
B_Ha_1_1;Ha_1;1;Carpinus betulus;branch;30;0.521;23.77;31.51;294.48;0.17;1.92E-06;3.69;1.44;2.09;-2.62;-4.29;-5.97
B_Ha_1_2;Ha_1;2;Carpinus betulus;branch;30;0.532;24.59;33.47;230.21;0.14;2.63E-06;3.54;1.46;2.29;-2.98;-4.41;-5.85
B_Ha_1_3;Ha_1;3;Carpinus betulus;branch;30;0.516;23.71;31.88;398.70;0.22;1.41E-06;5.11;1.60;3.05;-3.82;-4.80;-5.78
B_Ha_1_4;Ha_1;4;Carpinus betulus;branch;30;n/a;n/a;n/a;n/a;n/a;n/a;n/a;1.54;2.40;n/a;n/a;n/a
B_Ha_2_1;Ha_2;1;Carpinus betulus;branch;30;0.542;23.04;29.50;307.56;0.16;1.73E-06;3.21;1.50;2.78;-4.14;-4.98;-5.83
B_Ha_2_2;Ha_2;2;Carpinus betulus;branch;30;0.527;23.02;30.12;276.16;0.15;1.92E-06;2.99;1.93;3.18;-2.31;-3.98;-5.65
B_Ha_2_3;Ha_2;3;Carpinus betulus;branch;30;0.526;24.05;31.04;244.70;0.14;2.36E-06;3.10;2.38;3.32;-3.04;-4.40;-5.75
B_Ha_2_4;Ha_2;4;Carpinus betulus;branch;30;n/a;n/a;n/a;n/a;n/a;n/a;n/a;2.03;2.96;n/a;n/a;n/a
B_Ha_3_1;Ha_3;1;Carpinus betulus;branch;30;0.530;21.12;26.50;369.27;0.17;1.21E-06;2.57;0.94;1.77;-1.92;-3.72;-5.52
B_Ha_3_2;Ha_3;2;Carpinus betulus;branch;30;0.532;19.98;24.44;294.94;0.12;1.35E-06;1.59;0.75;1.77;-3.30;-4.47;-5.65
B_Ha_3_3;Ha_3;3;Carpinus betulus;branch;30;0.600;n/a;n/a;n/a;n/a;n/a;n/a;0.48;1.16;n/a;n/a;n/a
B_Ha_3_4;Ha_3;4;Carpinus betulus;branch;30;0.638;21.73;27.68;395.65;0.19;1.19E-06;3.17;0.88;1.50;-1.99;-3.31;-4.62
B_Ha_3_5;Ha_3;5;Carpinus betulus;branch;30;0.635;22.12;28.04;358.06;0.18;1.37E-06;3.04;0.97;1.59;-1.70;-3.12;-4.54
B_Ha_4_1;Ha_4;1;Carpinus betulus;branch;30;0.565;20.83;25.86;395.28;0.17;1.10E-06;2.58;1.09;1.88;-3.14;-4.53;-5.91
B_Ha_4_2;Ha_4;2;Carpinus betulus;branch;30;n/a;n/a;n/a;n/a;n/a;n/a;n/a;0.82;1.86;n/a;n/a;n/a
B_Ha_4_3;Ha_4;3;Carpinus betulus;branch;30;0.564;21.74;27.67;380.64;0.18;1.24E-06;3.09;1.00;1.96;-3.62;-4.65;-5.68
B_Ha_4_4;Ha_4;4;Carpinus betulus;branch;30;n/a;n/a;n/a;n/a;n/a;n/a;n/a;1.27;1.96;n/a;n/a;n/a
B_Ha_4_5;Ha_4;5;Carpinus betulus;branch;30;0.562;20.48;25.43;412.55;0.17;1.02E-06;2.49;1.21;1.92;-3.73;-4.78;-5.84
B_Ha_5_1;Ha_5;1;Carpinus betulus;branch;30;0.467;18.17;21.75;441.19;0.15;7.48E-07;1.52;1.07;2.34;-2.65;-3.76;-4.88
B_Ha_5_2;Ha_5;2;Carpinus betulus;branch;30;0.480;20.67;26.04;429.33;0.18;9.95E-07;2.76;1.90;2.35;-2.66;-3.58;-4.50
B_Ha_5_3;Ha_5;3;Carpinus betulus;branch;30;0.478;21.12;26.81;447.87;0.20;9.96E-07;3.19;2.01;2.47;-1.98;-3.35;-4.72
B_Ha_5_4;Ha_5;4;Carpinus betulus;branch;30;n/a;21.09;26.94;413.58;0.18;1.08E-06;2.95;1.77;2.23;-2.17;-3.34;-4.52
R_X_Ha_1_2;Ha_1;2;Carpinus betulus;root;n/a;n/a;n/a;n/a;n/a;n/a;n/a;n/a;n/a;7.37;n/a;n/a;n/a
R_C1_Ha_1_1;Ha_1;1;Carpinus betulus;root;100;0.356;79.68;102.07;42.15;0.27;1.51E-04;63.02;n/a;n/a;-2.20;-3.82;-5.43
R_X_Ha_1_3;Ha_1;3;Carpinus betulus;root;n/a;n/a;66.59;93.22;43.92;0.20;1.01E-04;37.73;2.98;4.27;n/a;n/a;n/a
R_C_Ha_1_4;Ha_1;4;Carpinus betulus;root;n/a;0.450;66.79;88.19;38.53;0.17;1.16E-04;30.09;n/a;n/a;n/a;n/a;n/a
R_X_Ha_1_6;Ha_1;6;Carpinus betulus;root;n/a;n/a;51.07;69.79;48.28;0.13;5.40E-05;13.42;4.43;5.15;n/a;n/a;n/a
R_X_Ha_1_7;Ha_1;7;Carpinus betulus;root;n/a;n/a;57.55;79.35;52.22;0.17;6.34E-05;24.18;6.47;4.88;n/a;n/a;n/a
R_X_Ha_1_10;Ha_1;10;Carpinus betulus;root;n/a;n/a;54.02;76.18;48.04;0.14;6.07E-05;18.25;1.17;1.39;n/a;n/a;n/a
R_C1_Ha_2_1;Ha_2;1;Carpinus betulus;root;n/a;0.368;78.06;112.77;52.50;0.32;1.16E-04;88.68;n/a;n/a;n/a;n/a;n/a
R_C1_Ha_2_2;Ha_2;2;Carpinus betulus;root;n/a;0.377;77.33;105.01;45.47;0.27;1.32E-04;67.14;n/a;n/a;n/a;n/a;n/a
R_X_Ha_2_3;Ha_2;3;Carpinus betulus;root;n/a;n/a;80.75;113.64;46.87;0.31;1.39E-04;90.95;6.40;8.09;n/a;n/a;n/a
R_X_Ha_2_6;Ha_2;6;Carpinus betulus;root;n/a;n/a;49.77;81.70;45.52;0.11;5.44E-05;15.05;1.88;1.17;n/a;n/a;n/a
R_C1_Ha_3_1;Ha_3;1;Carpinus betulus;root;100;0.360;75.04;102.25;54.53;0.31;1.03E-04;72.31;n/a;n/a;-1.84;-3.34;-4.85
R_C1_Ha_3_2;Ha_3;2;Carpinus betulus;root;100;0.361;78.91;104.90;51.09;0.32;1.22E-04;79.22;n/a;n/a;-1.62;-4.01;-6.40
R_C1_Ha_5_1;Ha_5;1;Carpinus betulus;root;100;0.410;74.67;99.84;54.22;0.30;1.03E-04;66.77;n/a;n/a;-1.46;-2.86;-4.26
R_C1_Ha_5_2;Ha_5;2;Carpinus betulus;root;n/a;0.404;78.84;103.94;51.38;0.32;1.21E-04;78.82;n/a;n/a;n/a;n/a;n/a
R_X_Ha_5_3;Ha_5;3;Carpinus betulus;root;n/a;n/a;67.85;93.34;52.54;0.24;8.76E-05;47.63;18.00;14.74;n/a;n/a;n/a
R_X_Ha_5_4;Ha_5;4;Carpinus betulus;root;n/a;n/a;60.28;83.59;44.34;0.16;8.20E-05;25.71;9.68;6.17;n/a;n/a;n/a
S_Ha_1;Ha_1;1;Carpinus betulus;stem;n/a;0.614;50.70;77.51;46.17;0.12;5.57E-05;17.64;n/a;n/a;n/a;n/a;n/a
S_Ha_2;Ha_2;1;Carpinus betulus;stem;n/a;0.604;63.78;95.47;33.46;0.14;1.22E-04;31.02;n/a;n/a;n/a;n/a;n/a
S_Ha_3;Ha_3;1;Carpinus betulus;stem;n/a;0.610;44.48;68.53;46.10;0.09;4.29E-05;10.51;n/a;n/a;n/a;n/a;n/a
S_Ha_4;Ha_4;1;Carpinus betulus;stem;n/a;0.616;52.64;85.58;34.31;0.10;8.08E-05;17.80;n/a;n/a;n/a;n/a;n/a
S_Ha_5;Ha_5;1;Carpinus betulus;stem;n/a;0.592;59.68;92.72;36.48;0.13;9.76E-05;29.58;n/a;n/a;n/a;n/a;n/a
S_Ha_6;Ha_6;1;Carpinus betulus;stem;n/a;0.641;43.06;73.54;47.56;0.09;3.90E-05;11.86;n/a;n/a;n/a;n/a;n/a
B_Bu_1_1;Bu_1;1;Fagus sylvatica;branch;30;0.633;21.74;27.75;375.81;0.18;1.26E-06;3.01;0.59;1.17;-2.05;-3.52;-5.00
B_Bu_1_2;Bu_1;2;Fagus sylvatica;branch;30;0.607;20.80;25.43;335.97;0.15;1.29E-06;2.11;0.89;1.35;-2.99;-3.89;-4.79
B_Bu_1_3;Bu_1;3;Fagus sylvatica;branch;30;0.611;20.49;25.79;356.26;0.15;1.18E-06;2.18;0.60;1.13;-2.53;-3.52;-4.50
B_Bu_1_4;Bu_1;4;Fagus sylvatica;branch;30;0.592;22.04;28.07;397.03;0.19;1.22E-06;3.36;0.78;1.46;-1.73;-3.37;-5.00
B_Bu_2_1;Bu_2;1;Fagus sylvatica;branch;30;0.590;n/a;n/a;n/a;n/a;n/a;n/a;1.21;1.62;n/a;n/a;n/a
B_Bu_2_2;Bu_2;2;Fagus sylvatica;branch;30;n/a;n/a;n/a;n/a;n/a;n/a;n/a;1.17;1.90;n/a;n/a;n/a
B_Bu_2_3;Bu_2;3;Fagus sylvatica;branch;30;0.517;n/a;n/a;n/a;n/a;n/a;n/a;1.04;1.34;-1.54;-3.04;-4.55
B_Bu_2_4;Bu_2;4;Fagus sylvatica;branch;30;0.518;19.89;24.79;287.31;0.11;1.38E-06;1.52;1.09;3.05;-1.63;-3.37;-5.10
B_Bu_3_1;Bu_3;1;Fagus sylvatica;branch;30;0.640;19.32;25.45;456.24;0.17;8.18E-07;2.42;0.85;1.30;-2.19;-3.01;-3.83
B_Bu_3_2;Bu_3;2;Fagus sylvatica;branch;30;0.627;21.57;26.68;339.85;0.16;1.37E-06;2.51;0.82;1.23;-2.18;-3.02;-3.86
B_Bu_3_3;Bu_3;3;Fagus sylvatica;branch;30;0.579;22.63;27.60;425.36;0.22;1.20E-06;3.76;1.13;1.53;-2.33;-3.30;-4.27
B_Bu_4_1;Bu_4;1;Fagus sylvatica;branch;30;0.541;20.93;27.48;475.00;0.21;9.22E-07;3.34;1.25;1.59;-1.87;-2.71;-3.55
B_Bu_4_2;Bu_4;2;Fagus sylvatica;branch;30;n/a;n/a;n/a;n/a;n/a;n/a;n/a;0.89;1.63;n/a;n/a;n/a
B_Bu_4_3;Bu_4;3;Fagus sylvatica;branch;30;0.590;21.61;27.20;489.60;0.23;9.54E-07;3.72;0.93;1.43;-2.31;-2.93;-3.56
B_Bu_4_4;Bu_4;4;Fagus sylvatica;branch;30;0.556;20.87;26.74;522.33;0.23;8.34E-07;3.53;1.09;1.71;-2.25;-2.90;-3.55
B_Bu_4_5;Bu_4;5;Fagus sylvatica;branch;30;0.547;20.88;25.92;509.71;0.22;8.55E-07;3.28;1.11;1.49;-2.27;-2.97;-3.66
B_Bu_5_1;Bu_5;1;Fagus sylvatica;branch;30;0.656;22.03;28.08;367.94;0.18;1.32E-06;3.09;0.52;1.31;-2.10;-3.60;-5.10
B_Bu_5_2;Bu_5;2;Fagus sylvatica;branch;30;0.652;n/a;n/a;n/a;n/a;n/a;n/a;0.86;1.42;-2.30;-3.72;-5.13
B_Bu_5_3;Bu_5;3;Fagus sylvatica;branch;30;0.655;20.08;24.55;343.35;0.14;1.17E-06;1.85;0.86;1.35;-2.63;-3.70;-4.77
B_Bu_5_4;Bu_5;4;Fagus sylvatica;branch;30;0.627;21.54;26.09;279.38;0.13;1.66E-06;1.99;0.68;1.45;-3.10;-4.01;-4.92
B_Bu_5_5;Bu_5;5;Fagus sylvatica;branch;30;n/a;n/a;n/a;n/a;n/a;n/a;n/a;0.79;1.25;n/a;n/a;n/a
B_Bu_6_1;Bu_6;1;Fagus sylvatica;branch;30;n/a;n/a;n/a;n/a;n/a;n/a;n/a;0.44;0.92;n/a;n/a;n/a
B_Bu_6_2;Bu_6;2;Fagus sylvatica;branch;30;0.612;21.75;28.71;382.62;0.18;1.24E-06;3.17;0.80;1.28;-2.06;-3.32;-4.57
B_Bu_6_3;Bu_6;3;Fagus sylvatica;branch;30;0.633;22.14;28.30;404.43;0.20;1.21E-06;3.48;0.64;1.27;-1.46;-2.99;-4.51
B_Bu_6_4;Bu_6;4;Fagus sylvatica;branch;30;n/a;n/a;n/a;n/a;n/a;n/a;n/a;0.50;0.83;n/a;n/a;n/a
B_Bu_6_5;Bu_6;5;Fagus sylvatica;branch;30;0.632;21.65;27.25;374.47;0.18;1.25E-06;2.87;0.49;1.26;-1.61;-3.24;-4.87
R_C_Bu_01_1;Bu_1;1;Fagus sylvatica;root;n/a;0.402;52.00;77.83;113.83;0.31;2.38E-05;37.59;n/a;n/a;n/a;n/a;n/a
R_C1_Bu_02_1;Bu_2;1;Fagus sylvatica;root;100;0.315;79.15;109.83;72.91;0.46;8.59E-05;125.99;n/a;n/a;-2.30;-3.04;-3.78
R_X_Bu_02_2;Bu_2;2;Fagus sylvatica;root;n/a;n/a;82.99;108.70;68.24;0.47;1.01E-04;132.06;33.33;29.62;n/a;n/a;n/a
R_X_Bu_02_3;Bu_2;3;Fagus sylvatica;root;n/a;n/a;74.24;108.15;69.66;0.38;7.91E-05;103.68;15.57;13.66;n/a;n/a;n/a
R_C_Bu_03_1;Bu_3;1;Fagus sylvatica;root;n/a;0.438;54.89;76.90;106.43;0.32;2.83E-05;41.98;n/a;n/a;n/a;n/a;n/a
R_X_Bu_03_2;Bu_3;2;Fagus sylvatica;root;n/a;n/a;71.02;98.30;75.43;0.38;6.69E-05;83.08;n/a;n/a;n/a;n/a;n/a
R_X_Bu_03_3;Bu_3;3;Fagus sylvatica;root;n/a;n/a;58.87;82.63;103.29;0.36;3.36E-05;54.50;14.47;13.04;n/a;n/a;n/a
R_C_Bu_04_1;Bu_4;1;Fagus sylvatica;root;n/a;n/a;69.21;91.51;89.14;0.43;5.37E-05;83.04;n/a;n/a;n/a;n/a;n/a
R_C_Bu_04_2;Bu_4;2;Fagus sylvatica;root;n/a;n/a;66.07;86.91;94.02;0.41;4.64E-05;72.74;n/a;n/a;n/a;n/a;n/a
R_X_Bu_04_3;Bu_4;3;Fagus sylvatica;root;n/a;n/a;56.13;72.17;122.29;0.39;2.58E-05;46.33;12.40;10.74;n/a;n/a;n/a
R_X_Bu_04_4;Bu_4;4;Fagus sylvatica;root;n/a;n/a;70.96;94.02;88.56;0.45;5.68E-05;91.16;26.72;31.93;n/a;n/a;n/a
R_X_Bu_04_5;Bu_4;5;Fagus sylvatica;root;n/a;n/a;68.72;91.08;85.51;0.40;5.52E-05;75.70;21.92;17.16;n/a;n/a;n/a
R_C_Bu_05_1;Bu_5;1;Fagus sylvatica;root;n/a;n/a;78.86;111.83;71.09;0.44;8.75E-05;128.88;n/a;n/a;n/a;n/a;n/a
R_X_Bu_05_2;Bu_5;2;Fagus sylvatica;root;n/a;n/a;63.04;88.71;96.75;0.38;4.11E-05;68.25;11.30;13.55;n/a;n/a;n/a
R_C1_Bu_1_1;Bu_1;1;Fagus sylvatica;root;100;0.422;80.04;106.28;63.61;0.41;1.01E-04;106.05;n/a;n/a;-2.01;-2.58;-3.16
R_X_Bu_1_3;Bu_1;3;Fagus sylvatica;root;n/a;n/a;64.64;88.25;89.99;0.38;4.64E-05;67.11;12.75;8.14;n/a;n/a;n/a
R_X_Bu_1_4;Bu_1;4;Fagus sylvatica;root;n/a;n/a;58.48;79.67;90.59;0.31;3.78E-05;43.53;6.00;3.95;n/a;n/a;n/a
R_C1_Bu_1_5;Bu_1;5;Fagus sylvatica;root;100;0.327;63.56;108.97;66.27;0.27;6.10E-05;77.57;n/a;n/a;-1.64;-3.13;-4.61
R_C1_Bu_1_6;Bu_1;6;Fagus sylvatica;root;100;0.381;64.64;95.96;61.67;0.26;6.78E-05;55.89;n/a;n/a;-2.34;-3.57;-4.80
R_C1_Bu_2_1;Bu_2;1;Fagus sylvatica;root;n/a;0.446;66.05;86.31;76.19;0.33;5.73E-05;56.16;n/a;n/a;n/a;n/a;n/a
R_X_Bu_2_2;Bu_2;2;Fagus sylvatica;root;n/a;n/a;43.36;56.02;77.34;0.15;2.43E-05;9.94;0.26;0.14;n/a;n/a;n/a
R_X_Bu_2_3;Bu_2;3;Fagus sylvatica;root;n/a;n/a;57.22;76.12;97.59;0.32;3.36E-05;42.50;5.49;2.44;n/a;n/a;n/a
R_C1_Bu_3_1;Bu_3;1;Fagus sylvatica;root;100;0.375;78.71;104.83;73.93;0.46;8.38E-05;117.01;n/a;n/a;-2.66;-3.37;-4.07
R_C1_Bu_3_2;Bu_3;2;Fagus sylvatica;root;n/a;0.414;62.46;96.67;92.79;0.36;4.20E-05;74.58;n/a;n/a;n/a;n/a;n/a
R_X_Bu_3_3;Bu_3;3;Fagus sylvatica;root;n/a;n/a;58.03;85.51;103.72;0.35;3.25E-05;56.02;20.07;11.95;n/a;n/a;n/a
R_C1_Bu_3_6;Bu_3;6;Fagus sylvatica;root;100;0.410;68.98;99.78;49.76;0.24;9.56E-05;54.09;n/a;n/a;-1.89;-2.45;-3.01
R_C1_Bu_6_1;Bu_6;1;Fagus sylvatica;root;n/a;0.486;65.65;85.30;80.94;0.35;5.32E-05;57.83;n/a;n/a;n/a;n/a;n/a
R_X_Bu_6_3;Bu_6;3;Fagus sylvatica;root;n/a;n/a;50.09;70.11;89.93;0.23;2.79E-05;23.96;3.14;2.02;n/a;n/a;n/a
R_C1_Bu_X1_1;Bu_X1;1;Fagus sylvatica;root;100;0.441;51.29;73.53;113.33;0.30;2.32E-05;36.69;n/a;n/a;-2.89;-3.27;-3.66
R_C1_Bu_X1_2;Bu_X1;2;Fagus sylvatica;root;100;0.368;62.05;92.38;97.88;0.38;3.93E-05;73.43;n/a;n/a;-2.42;-2.93;-3.43
R_C1_Bu_X1_3;Bu_X1;3;Fagus sylvatica;root;100;0.399;52.61;81.79;120.63;0.33;2.29E-05;49.60;n/a;n/a;-2.39;-2.94;-3.50
R_C1_Bu_X3_1;Bu_X3;1;Fagus sylvatica;root;100;0.368;76.34;113.72;73.40;0.43;7.94E-05;130.03;n/a;n/a;-2.01;-2.80;-3.58
S_Bu_1;Bu_1;1;Fagus sylvatica;stem;n/a;0.612;44.28;57.97;122.72;0.24;1.60E-05;19.01;n/a;n/a;n/a;n/a;n/a
S_Bu_2;Bu_2;1;Fagus sylvatica;stem;n/a;0.601;47.58;62.81;112.07;0.25;2.02E-05;23.99;n/a;n/a;n/a;n/a;n/a
S_Bu_3;Bu_3;1;Fagus sylvatica;stem;n/a;0.569;48.49;64.48;109.72;0.26;2.14E-05;25.74;n/a;n/a;n/a;n/a;n/a
S_Bu_4;Bu_4;1;Fagus sylvatica;stem;n/a;0.549;48.69;63.88;132.02;0.31;1.80E-05;30.58;n/a;n/a;n/a;n/a;n/a
S_Bu_5;Bu_5;1;Fagus sylvatica;stem;n/a;0.590;47.69;65.01;109.88;0.25;2.07E-05;24.91;n/a;n/a;n/a;n/a;n/a
S_Bu_6;Bu_6;1;Fagus sylvatica;stem;n/a;0.568;50.51;67.14;124.01;0.32;2.06E-05;33.94;n/a;n/a;n/a;n/a;n/a
B_Li_1_1;Li_1;1;Tilia cordata;branch;30;0.285;29.61;36.29;219.28;0.15;3.14E-06;5.70;1.25;1.93;-2.45;-2.92;-3.39
B_Li_1_2;Li_1;2;Tilia cordata;branch;30;0.273;27.83;34.46;243.23;0.15;2.50E-06;4.94;0.62;1.19;-1.84;-2.84;-3.84
B_Li_1_3;Li_1;3;Tilia cordata;branch;30;0.283;30.33;35.97;262.84;0.19;2.75E-06;7.13;1.07;1.97;-1.12;-3.19;-5.27
B_Li_1_4;Li_1;4;Tilia cordata;branch;30;0.295;28.50;33.73;264.36;0.17;2.41E-06;5.58;1.10;2.09;-2.84;-3.19;-3.54
B_Li_2_1;Li_2;1;Tilia cordata;branch;30;0.345;25.08;28.30;232.69;0.11;2.12E-06;2.70;1.07;1.93;-2.63;-3.21;-3.79
B_Li_2_2;Li_2;2;Tilia cordata;branch;30;0.329;28.92;33.63;239.67;0.16;2.74E-06;5.22;0.78;1.76;-2.54;-3.19;-3.84
B_Li_2_3;Li_2;3;Tilia cordata;branch;30;0.342;27.01;31.62;226.32;0.13;2.53E-06;3.76;0.78;1.15;-2.30;-2.85;-3.39
B_Li_2_4;Li_2;4;Tilia cordata;branch;30;0.340;25.94;30.18;290.47;0.15;1.82E-06;4.07;0.73;1.97;-2.28;-3.15;-4.03
B_Li_3_1;Li_3;1;Tilia cordata;branch;30;0.327;26.56;32.90;240.68;0.13;2.30E-06;4.05;1.35;1.64;-2.21;-2.96;-3.71
B_Li_3_2;Li_3;2;Tilia cordata;branch;30;0.327;28.84;35.40;294.82;0.19;2.22E-06;6.92;1.46;2.14;-2.30;-2.95;-3.60
B_Li_3_3;Li_3;3;Tilia cordata;branch;30;0.359;26.04;32.02;244.33;0.13;2.18E-06;3.71;1.15;2.03;-2.54;-3.18;-3.81
B_Li_3_4;Li_3;4;Tilia cordata;branch;30;n/a;n/a;n/a;n/a;n/a;n/a;n/a;1.67;2.14;n/a;n/a;n/a
B_Li_4_1;Li_4;1;Tilia cordata;branch;30;0.383;28.25;34.32;269.65;0.17;2.32E-06;5.72;0.88;1.62;-1.57;-2.87;-4.16
B_Li_4_2;Li_4;2;Tilia cordata;branch;30;0.392;27.94;33.80;433.29;0.27;1.41E-06;8.71;0.83;2.18;-2.75;-3.58;-4.41
B_Li_4_3;Li_4;3;Tilia cordata;branch;30;0.394;28.75;34.06;535.41;0.35;1.21E-06;11.71;0.74;1.47;-0.59;-2.67;-4.76
B_Li_4_4;Li_4;4;Tilia cordata;branch;30;n/a;n/a;n/a;n/a;n/a;n/a;n/a;1.39;2.99;n/a;n/a;n/a
B_Li_4_5;Li_4;5;Tilia cordata;branch;30;0.428;26.15;31.40;474.59;0.25;1.13E-06;7.22;1.11;1.69;-2.32;-3.20;-4.09
B_Li_5_1;Li_5;1;Tilia cordata;branch;30;0.356;27.49;32.75;429.10;0.25;1.38E-06;7.90;0.63;1.55;-2.30;-3.01;-3.71
B_Li_5_2;Li_5;2;Tilia cordata;branch;30;0.338;28.05;33.68;344.68;0.21;1.79E-06;6.93;0.76;0.83;-1.79;-2.39;-3.00
B_Li_5_3;Li_5;3;Tilia cordata;branch;30;0.379;28.58;34.24;527.28;0.34;1.22E-06;11.45;0.69;1.37;-2.08;-2.89;-3.70
B_Li_5_4;Li_5;4;Tilia cordata;branch;30;0.339;26.36;30.18;403.29;0.22;1.35E-06;5.84;0.65;0.87;n/a;n/a;n/a
R_C1_Li_1_1;Li_1;1;Tilia cordata;root;100;0.236;67.67;91.13;67.70;0.31;6.76E-05;56.92;n/a;n/a;-1.26;-2.13;-3.00
R_X_Li_1_3;Li_1;3;Tilia cordata;root;n/a;n/a;72.56;102.10;66.87;0.35;7.87E-05;81.93;13.33;13.24;n/a;n/a;n/a
R_X_Li_1_4;Li_1;4;Tilia cordata;root;n/a;n/a;74.22;112.18;61.12;0.34;9.01E-05;92.00;17.31;9.72;n/a;n/a;n/a
R_X_Li_1_9;Li_1;9;Tilia cordata;root;n/a;n/a;47.63;65.23;77.11;0.18;2.94E-05;15.20;0.46;0.27;n/a;n/a;n/a
R_C1_Li_3_1;Li_3;1;Tilia cordata;root;100;0.332;57.53;79.40;75.73;0.25;4.37E-05;35.00;n/a;n/a;-2.46;-2.81;-3.17
R_C1_Li_3_2;Li_3;2;Tilia cordata;root;100;0.302;63.09;87.54;68.66;0.27;5.80E-05;45.18;n/a;n/a;-2.35;-2.68;-3.02
R_C_Li_3_3;Li_3;3;Tilia cordata;root;n/a;0.318;58.32;86.32;70.40;0.24;4.83E-05;38.78;n/a;n/a;n/a;n/a;n/a
R_X_Li_3_5;Li_3;5;Tilia cordata;root;n/a;n/a;84.79;115.30;55.94;0.40;1.29E-04;124.51;5.45;3.80;n/a;n/a;n/a
R_X_Li_3_9;Li_3;9;Tilia cordata;root;n/a;n/a;52.98;76.46;78.47;0.22;3.58E-05;28.19;2.80;2.05;n/a;n/a;n/a
R_X_Li_3_10;Li_3;10;Tilia cordata;root;n/a;n/a;52.55;75.37;90.67;0.25;3.05E-05;31.27;1.53;1.37;n/a;n/a;n/a
R_C1_Li_4_1;Li_4;1;Tilia cordata;root;n/a;0.294;68.75;93.32;75.27;0.36;6.28E-05;69.13;n/a;n/a;n/a;n/a;n/a
R_C1_Li_4_2;Li_4;2;Tilia cordata;root;100;0.236;83.70;116.47;65.13;0.46;1.08E-04;140.43;n/a;n/a;-1.82;-2.21;-2.60
R_C1_Li_4_3;Li_4;3;Tilia cordata;root;100;0.298;68.79;94.39;60.98;0.29;7.76E-05;55.56;n/a;n/a;-2.47;-2.83;-3.20
R_X_Li_4_4;Li_4;4;Tilia cordata;root;n/a;n/a;64.31;88.32;70.83;0.29;5.84E-05;51.82;6.56;5.41;n/a;n/a;n/a
R_X_Li_5_2;Li_5;2;Tilia cordata;root;n/a;n/a;60.57;87.02;69.86;0.26;5.25E-05;42.14;17.87;6.12;n/a;n/a;n/a
R_X_Li_5_3;Li_5;3;Tilia cordata;root;n/a;n/a;55.59;79.72;80.54;0.25;3.84E-05;33.91;8.97;2.47;n/a;n/a;n/a
S_Li_1;Li_1;1;Tilia cordata;stem;n/a;0.389;54.22;64.27;72.81;0.21;4.04E-05;20.74;n/a;n/a;n/a;n/a;n/a
S_Li_2;Li_2;1;Tilia cordata;stem;n/a;0.487;47.38;54.74;74.34;0.17;3.02E-05;11.65;n/a;n/a;n/a;n/a;n/a
S_Li_3;Li_3;1;Tilia cordata;stem;n/a;0.481;45.91;53.80;93.78;0.20;2.25E-05;13.29;n/a;n/a;n/a;n/a;n/a
S_Li_4;Li_4;1;Tilia cordata;stem;n/a;0.508;47.05;57.36;91.84;0.20;2.41E-05;15.26;n/a;n/a;n/a;n/a;n/a
S_Li_5;Li_5;1;Tilia cordata;stem;n/a;0.455;46.84;55.39;91.46;0.20;2.40E-05;14.26;n/a;n/a;n/a;n/a;n/a
S_Li_6;Li_6;1;Tilia cordata;stem;n/a;0.428;46.61;53.72;119.09;0.26;1.82E-05;17.49;n/a;n/a;n/a;n/a;n/a
