source,trt,block,row,plot,plant,good_sds,bad_sds,tot_sds,good_fill,tot_fill,notes
1,A,1,3,2,NA,147,NA,147,7.35,7.35,NA
1,A,2,10,5,NA,119,7,126,5.95,6.3,NA
1,A,3,11,2,NA,178,2,180,8.9,9,NA
1,A,4,16,2,NA,NA,NA,NA,NA,NA,NA
1,A,5,25,8,NA,165,NA,165,8.25,8.25,NA
1,A,6,30,5,NA,NA,NA,NA,NA,NA,NA
1,A,7,36,1,NA,155,7,162,7.75,8.1,NA
1,A,8,41,2,NA,144,NA,144,7.2,7.2,NA
1,B,1,3,2,4,190,4,194,9.5,9.7,NA
1,B,2,10,5,1,152,4,156,7.6,7.8,NA
1,B,3,NA,NA,NA,NA,NA,NA,NA,NA,NA
1,B,4,NA,NA,NA,NA,NA,NA,NA,NA,NA
1,B,5,25,8,5,191,NA,191,9.55,9.55,NA
1,B,6,NA,NA,NA,NA,NA,NA,NA,NA,NA
1,B,7,36,1,2,172,NA,172,8.6,8.6,NA
1,B,8,41,2,3,180,NA,180,9,9,NA
2,A,1,4,2,NA,128,NA,128,6.4,6.4,NA
2,A,2,9,5,NA,108,NA,108,5.4,5.4,NA
2,A,3,12,7,NA,NA,NA,NA,NA,NA,NA
2,A,4,17,5,NA,114,NA,114,5.7,5.7,NA
2,A,5,25,4,NA,86,NA,86,4.3,4.3,NA
2,A,6,30,2,NA,141,NA,141,7.05,7.05,NA
2,A,7,34,5,NA,114,NA,114,5.7,5.7,NA
2,A,8,40,6,NA,135,NA,135,6.75,6.75,NA
2,B,NA,NA,NA,NA,NA,NA,NA,NA,NA,No 2B
3,A,1,3,5,NA,188,7,195,9.4,9.75,NA
3,A,2,9,1,NA,121,NA,121,6.05,6.05,NA
3,A,3,14,6,NA,148,NA,148,7.4,7.4,NA
3,A,4,21,4,NA,123,NA,123,6.15,6.15,NA
3,A,5,24,7,NA,187,NA,187,9.35,9.35,NA
3,A,6,31,1,NA,153,NA,153,7.65,7.65,NA
3,A,7,37,6,NA,NA,NA,NA,NA,NA,NA
3,A,8,42,3,NA,190,NA,190,9.5,9.5,NA
3,B,1,3,5,4,177,NA,177,8.85,8.85,NA
3,B,2,9,1,1,185,NA,185,9.25,9.25,NA
3,B,2,9,1,4,151,NA,151,7.55,7.55,NA
3,B,4,NA,NA,NA,NA,NA,NA,NA,NA,NA
3,B,5,NA,NA,NA,NA,NA,NA,NA,NA,NA
3,B,6,31,1,2,188,NA,188,9.4,9.4,NA
3,B,7,NA,NA,NA,NA,NA,NA,NA,NA,NA
3,B,8,NA,NA,NA,NA,NA,NA,NA,NA,NA
4,A,1,1,8,NA,168,4,172,8.4,8.6,NA
4,A,2,6,6,NA,115,NA,115,5.75,5.75,NA
4,A,3,13,4,NA,147,NA,147,7.35,7.35,NA
4,A,4,20,3,NA,162,NA,162,8.1,8.1,NA
4,A,5,26,1,NA,128,NA,128,6.4,6.4,NA
4,A,6,28,6,NA,182,NA,182,9.1,9.1,NA
4,A,7,33,6,NA,191,NA,191,9.55,9.55,NA
4,A,8,40,1,NA,152,NA,152,7.6,7.6,NA
4,B,1,1,8,3,174,NA,174,8.7,8.7,NA
4,B,2,6,6,4,154,NA,154,7.7,7.7,NA
4,B,3,13,4,2,155,NA,155,7.75,7.75,NA
4,B,4,20,3,4,181,NA,181,9.05,9.05,NA
4,B,5,26,1,3,187,NA,187,9.35,9.35,NA
4,B,6,28,6,1,147,NA,147,7.35,7.35,NA
4,B,6,28,6,2,162,NA,162,8.1,8.1,NA
4,B,7,33,6,2,190,NA,190,9.5,9.5,NA
5,A,1,1,6,NA,81,NA,81,4.05,4.05,NA
5,A,2,10,7,NA,148,NA,148,7.4,7.4,NA
5,A,3,15,5,NA,164,NA,164,8.2,8.2,NA
5,A,4,18,2,NA,181,NA,181,9.05,9.05,NA
5,A,5,25,2,NA,142,NA,142,7.1,7.1,NA
5,A,6,30,1,NA,177,NA,177,8.85,8.85,NA
5,A,7,NA,NA,NA,NA,NA,NA,NA,NA,NA
5,A,8,37,2,NA,111,NA,111,5.55,5.55,NA
5,B,NA,NA,NA,NA,NA,NA,NA,NA,NA,No 5B
6,A,1,4,3,NA,97,NA,97,4.85,4.85,NA
6,A,2,6,3,NA,162,NA,162,8.1,8.1,NA
6,A,3,12,4,NA,173,NA,173,8.65,8.65,NA
6,A,4,19,4,NA,159,NA,159,7.95,7.95,NA
6,A,5,23,8,NA,160,NA,160,8,8,NA
6,A,6,29,2,NA,159,NA,159,7.95,7.95,NA
6,A,7,NA,NA,NA,NA,NA,NA,NA,NA,NA
6,A,8,39,7,NA,99,NA,99,4.95,4.95,NA
6,B,1,4,3,2,174,NA,174,8.7,8.7,NA
6,B,1,4,3,4,176,NA,176,8.8,8.8,NA
6,B,2,6,3,1,188,NA,188,9.4,9.4,NA
6,B,3,12,4,4,193,NA,193,9.65,9.65,NA
6,B,4,19,4,1,197,NA,197,9.85,9.85,NA
6,B,4,19,4,4,188,NA,188,9.4,9.4,NA
6,B,6,29,2,4,191,NA,191,9.55,9.55,NA
6,B,8,39,7,4,189,NA,189,9.45,9.45,NA
7,A,1,2,1,NA,114,NA,114,5.7,5.7,NA
7,A,2,7,3,NA,169,NA,169,8.45,8.45,NA
7,A,3,16,4,NA,158,NA,158,7.9,7.9,NA
7,A,4,18,7,NA,118,NA,118,5.9,5.9,NA
7,A,5,23,5,NA,150,NA,150,7.5,7.5,NA
7,A,6,31,2,NA,171,NA,171,8.55,8.55,NA
7,A,7,34,4,NA,153,NA,153,7.65,7.65,NA
7,A,8,39,1,NA,172,NA,172,8.6,8.6,NA
7,B,1,NA,NA,NA,NA,NA,NA,NA,NA,NA
7,B,2,7,3,1,167,NA,167,8.35,8.35,NA
7,B,2,7,3,7,173,NA,173,8.65,8.65,NA
7,B,3,16,4,2,177,NA,177,8.85,8.85,NA
7,B,5,NA,NA,NA,NA,NA,NA,NA,NA,NA
7,B,6,31,2,4,183,NA,183,9.15,9.15,NA
7,B,7,34,4,1,185,NA,185,9.25,9.25,NA
7,B,8,NA,NA,NA,NA,NA,NA,NA,NA,NA
8,A,1,2,6,NA,168,NA,168,8.4,8.4,NA
8,A,2,8,4,NA,171,NA,171,8.55,8.55,NA
8,A,3,15,7,NA,187,NA,187,9.35,9.35,NA
8,A,4,19,3,NA,190,NA,190,9.5,9.5,NA
8,A,5,22,5,NA,165,NA,165,8.25,8.25,NA
8,A,6,29,6,NA,137,NA,137,6.85,6.85,NA
8,A,7,35,4,NA,163,NA,163,8.15,8.15,NA
8,A,8,40,7,NA,185,NA,185,9.25,9.25,NA
8,B,1,2,6,3,177,NA,177,8.85,8.85,NA
8,B,2,8,4,1,170,NA,170,8.5,8.5,NA
8,B,2,8,4,3,193,NA,193,9.65,9.65,NA
8,B,5,22,5,1,185,NA,185,9.25,9.25,NA
8,B,5,22,5,3,178,NA,178,8.9,8.9,NA
8,B,5,22,5,5,196,NA,196,9.8,9.8,NA
8,B,6,29,6,1,186,NA,186,9.3,9.3,NA
8,B,7,35,4,4,190,NA,190,9.5,9.5,NA
9,A,1,3,3,NA,156,NA,156,7.8,7.8,NA
9,A,2,7,5,NA,183,NA,183,9.15,9.15,NA
9,A,3,13,8,NA,180,NA,180,9,9,NA
9,A,4,20,4,NA,173,NA,173,8.65,8.65,NA
9,A,5,27,8,NA,189,NA,189,9.45,9.45,NA
9,A,6,NA,NA,NA,NA,NA,NA,NA,NA,NA
9,A,7,37,3,NA,150,NA,150,7.5,7.5,NA
9,A,8,42,5,NA,186,NA,186,9.3,9.3,NA
9,B,1,3,3,2,191,NA,191,9.55,9.55,NA
9,B,1,3,3,5,170,NA,170,8.5,8.5,NA
9,B,3,13,8,5,182,NA,182,9.1,9.1,NA
9,B,4,20,4,1,196,NA,196,9.8,9.8,NA
9,B,4,20,4,5,189,NA,189,9.45,9.45,NA
9,B,7,37,3,1,182,NA,182,9.1,9.1,NA
9,B,7,37,3,3,186,NA,186,9.3,9.3,NA
9,B,8,42,5,5,170,NA,170,8.5,8.5,NA
10,A,1,3,8,NA,174,10,184,8.7,9.2,NA
10,A,2,10,3,NA,184,NA,184,9.2,9.2,NA
10,A,3,13,6,NA,176,NA,176,8.8,8.8,NA
10,A,4,17,4,NA,184,NA,184,9.2,9.2,NA
10,A,5,22,8,NA,170,NA,170,8.5,8.5,NA
10,A,6,27,6,NA,178,NA,178,8.9,8.9,NA
10,A,7,33,5,NA,162,NA,162,8.1,8.1,NA
10,A,8,40,5,NA,180,NA,180,9,9,NA
10,B,2,10,3,2,178,NA,178,8.9,8.9,NA
10,B,3,13,6,4,191,NA,191,9.55,9.55,NA
10,B,4,17,4,2,194,NA,194,9.7,9.7,NA
10,B,4,17,4,4,190,NA,190,9.5,9.5,NA
10,B,6,27,6,4,190,NA,190,9.5,9.5,NA
10,B,7,33,5,2,166,NA,166,8.3,8.3,NA
10,B,7,33,5,3,193,NA,193,9.65,9.65,NA
10,B,8,40,5,3,183,NA,183,9.15,9.15,NA
11,A,1,3,7,NA,179,NA,179,8.95,8.95,NA
11,A,2,11,8,NA,191,NA,191,9.55,9.55,NA
11,A,3,15,1,NA,188,NA,188,9.4,9.4,NA
11,A,4,18,4,NA,172,NA,172,8.6,8.6,NA
11,A,5,26,3,NA,166,NA,166,8.3,8.3,NA
11,A,6,30,7,NA,165,NA,165,8.25,8.25,NA
11,A,7,32,4,NA,139,NA,139,6.95,6.95,NA
11,A,8,40,2,NA,167,NA,167,8.35,8.35,NA
11,B,1,3,7,3,177,NA,177,8.85,8.85,NA
11,B,2,11,8,2,188,NA,188,9.4,9.4,NA
11,B,2,11,8,5,191,NA,191,9.55,9.55,NA
11,B,4,18,4,4,194,NA,194,9.7,9.7,NA
11,B,5,26,3,1,179,NA,179,8.95,8.95,NA
11,B,6,30,7,1,185,NA,185,9.25,9.25,NA
11,B,7,32,4,2,163,NA,163,8.15,8.15,NA
11,B,8,40,2,1,188,NA,188,9.4,9.4,NA
12,A,1,2,3,NA,165,NA,165,8.25,8.25,NA
12,A,2,8,8,NA,192,NA,192,9.6,9.6,NA
12,A,3,13,1,NA,173,NA,173,8.65,8.65,NA
12,A,4,19,8,NA,148,NA,148,7.4,7.4,NA
12,A,5,26,7,NA,168,NA,168,8.4,8.4,NA
12,A,6,29,1,NA,169,NA,169,8.45,8.45,NA
12,A,7,32,3,NA,152,NA,152,7.6,7.6,NA
12,A,8,38,8,NA,97,NA,97,4.85,4.85,NA
12,B,1,2,3,5,183,NA,183,9.15,9.15,NA
12,B,2,8,8,1,152,NA,152,7.6,7.6,NA
12,B,2,8,8,5,175,NA,175,8.75,8.75,NA
12,B,3,13,1,1,191,NA,191,9.55,9.55,NA
12,B,4,19,8,3,194,NA,194,9.7,9.7,NA
12,B,5,26,7,5,182,NA,182,9.1,9.1,NA
12,B,6,29,1,4,188,NA,188,9.4,9.4,NA
12,B,7,32,3,4,183,NA,183,9.15,9.15,NA
13,A,1,3,1,NA,163,NA,163,8.15,8.15,NA
13,A,2,7,2,NA,169,NA,169,8.45,8.45,NA
13,A,3,12,6,NA,189,NA,189,9.45,9.45,NA
13,A,4,17,3,NA,162,NA,162,8.1,8.1,NA
13,A,5,26,5,NA,173,NA,173,8.65,8.65,NA
13,A,6,29,3,NA,175,NA,175,8.75,8.75,NA
13,A,7,32,1,NA,189,NA,189,9.45,9.45,NA
13,A,8,41,6,NA,187,NA,187,9.35,9.35,NA
13,B,1,3,1,3,186,NA,186,9.3,9.3,NA
13,B,2,7,2,3,180,NA,180,9,9,NA
13,B,3,12,6,3,160,NA,160,8,8,NA
13,B,5,26,5,5,172,NA,172,8.6,8.6,NA
13,B,6,29,3,5,192,NA,192,9.6,9.6,NA
13,B,7,32,1,3,193,NA,193,9.65,9.65,NA
13,B,8,41,6,1,189,NA,189,9.45,9.45,NA
13,B,8,41,6,4,185,NA,185,9.25,9.25,NA
14,A,1,1,1,NA,150,NA,150,7.5,7.5,NA
14,A,2,9,8,NA,180,NA,180,9,9,NA
14,A,3,11,1,NA,178,NA,178,8.9,8.9,NA
14,A,4,21,6,NA,158,NA,158,7.9,7.9,NA
14,A,5,22,4,NA,145,NA,145,7.25,7.25,NA
14,A,6,31,6,NA,148,NA,148,7.4,7.4,Appar
14,A,7,37,8,NA,112,52,164,5.6,8.2,NA
14,A,8,42,2,NA,4,134,138,0.2,6.9,NA
14,B,1,1,1,3,176,NA,176,8.8,8.8,NA
14,B,2,9,8,1,180,NA,180,9,9,NA
14,B,3,11,1,1,198,NA,198,9.9,9.9,NA
14,B,4,21,6,4,182,NA,182,9.1,9.1,NA
14,B,5,22,4,2,176,NA,176,8.8,8.8,NA
14,B,5,22,4,5,187,NA,187,9.35,9.35,NA
14,B,6,31,6,4,173,NA,173,8.65,8.65,Appar
14,B,7,37,8,3,132,25,157,6.6,7.85,NA
15,A,1,4,8,NA,166,NA,166,8.3,8.3,NA
15,A,2,10,6,NA,166,NA,166,8.3,8.3,NA
15,A,3,13,5,NA,160,NA,160,8,8,NA
15,A,4,NA,NA,NA,NA,NA,NA,NA,NA,NA
15,A,5,25,1,NA,170,NA,170,8.5,8.5,NA
15,A,6,28,8,NA,172,NA,172,8.6,8.6,NA
15,A,7,34,1,NA,156,NA,156,7.8,7.8,NA
15,A,8,39,3,NA,181,NA,181,9.05,9.05,NA
15,B,1,4,8,3,176,NA,176,8.8,8.8,NA
15,B,2,10,6,2,189,NA,189,9.45,9.45,NA
15,B,3,13,5,2,179,NA,179,8.95,8.95,NA
15,B,5,25,1,5,191,NA,191,9.55,9.55,NA
15,B,6,28,8,5,196,NA,196,9.8,9.8,NA
15,B,7,34,1,2,187,NA,187,9.35,9.35,NA
15,B,7,34,1,4,196,NA,196,9.8,9.8,NA
15,B,8,39,3,3,158,NA,158,7.9,7.9,NA
16,A,1,3,4,NA,148,NA,148,7.4,7.4,NA
16,A,2,9,7,NA,177,NA,177,8.85,8.85,NA
16,A,3,15,4,NA,166,NA,166,8.3,8.3,NA
16,A,4,18,1,NA,139,NA,139,6.95,6.95,NA
16,A,5,23,7,NA,152,NA,152,7.6,7.6,NA
16,A,6,29,7,NA,178,NA,178,8.9,8.9,NA
16,A,7,36,3,NA,176,NA,176,8.8,8.8,NA
16,A,8,39,2,NA,145,NA,145,7.25,7.25,NA
16,B,1,3,4,5,180,NA,180,9,9,NA
16,B,3,15,4,3,186,NA,186,9.3,9.3,NA
16,B,4,18,1,2,184,NA,184,9.2,9.2,NA
16,B,4,18,1,3,185,NA,185,9.25,9.25,NA
16,B,6,29,7,1,167,NA,167,8.35,8.35,NA
16,B,7,36,3,1,159,NA,159,7.95,7.95,NA
16,B,8,39,2,2,186,NA,186,9.3,9.3,NA
16,B,8,39,2,4,168,NA,168,8.4,8.4,NA
17,A,1,5,7,NA,167,NA,167,8.35,8.35,NA
17,A,2,10,2,NA,160,NA,160,8,8,NA
17,A,3,15,3,NA,160,NA,160,8,8,NA
17,A,4,19,2,NA,186,NA,186,9.3,9.3,NA
17,A,5,23,3,NA,180,NA,180,9,9,NA
17,A,6,32,6,NA,168,NA,168,8.4,8.4,NA
17,A,7,33,8,NA,152,NA,152,7.6,7.6,NA
17,A,8,39,6,NA,172,NA,172,8.6,8.6,NA
17,B,1,5,7,4,184,NA,184,9.2,9.2,NA
17,B,2,10,2,5,169,NA,169,8.45,8.45,NA
17,B,3,15,3,2,174,NA,174,8.7,8.7,NA
17,B,4,19,2,2,189,NA,189,9.45,9.45,NA
17,B,5,23,3,4,173,NA,173,8.65,8.65,NA
17,B,6,32,6,4,185,NA,185,9.25,9.25,NA
17,B,7,33,8,1,195,NA,195,9.75,9.75,NA
17,B,8,39,6,5,184,NA,184,9.2,9.2,NA
18,A,1,2,8,NA,165,NA,165,8.25,8.25,NA
18,A,2,8,7,NA,178,NA,178,8.9,8.9,NA
18,A,3,16,5,NA,167,NA,167,8.35,8.35,NA
18,A,4,20,7,NA,170,NA,170,8.5,8.5,NA
18,A,5,26,4,NA,168,NA,168,8.4,8.4,NA
18,A,6,30,6,NA,176,NA,176,8.8,8.8,NA
18,A,7,33,4,NA,182,NA,182,9.1,9.1,NA
18,A,8,38,3,NA,157,NA,157,7.85,7.85,NA
18,B,2,8,7,2,180,NA,180,9,9,NA
18,B,2,8,7,3,180,NA,180,9,9,NA
18,B,3,16,5,2,195,NA,195,9.75,9.75,NA
18,B,3,16,5,3,186,NA,186,9.3,9.3,NA
18,B,5,26,4,3,176,NA,176,8.8,8.8,NA
18,B,7,33,4,1,172,NA,172,8.6,8.6,NA
18,B,7,33,4,2,195,NA,195,9.75,9.75,NA
18,B,8,38,3,5,192,NA,192,9.6,9.6,NA
19,A,1,4,7,NA,174,NA,174,8.7,8.7,NA
19,A,2,7,4,NA,176,NA,176,8.8,8.8,NA
19,A,3,14,3,NA,150,NA,150,7.5,7.5,NA
19,A,4,21,3,NA,196,NA,196,9.8,9.8,NA
19,A,5,25,7,NA,188,NA,188,9.4,9.4,NA
19,A,6,32,5,NA,176,NA,176,8.8,8.8,NA
19,A,7,35,3,NA,155,NA,155,7.75,7.75,NA
19,A,8,38,4,NA,36,NA,36,1.8,1.8,Appar
19,B,1,4,7,3,181,NA,181,9.05,9.05,NA
19,B,1,4,7,4,186,NA,186,9.3,9.3,NA
19,B,2,7,4,5,172,NA,172,8.6,8.6,NA
19,B,4,21,3,2,170,NA,170,8.5,8.5,NA
19,B,7,35,3,1,180,NA,180,9,9,NA
19,B,7,35,3,4,190,NA,190,9.5,9.5,NA
19,B,7,35,3,5,176,NA,176,8.8,8.8,NA
19,B,8,38,4,5,166,NA,166,8.3,8.3,NA
20,A,1,1,3,NA,157,NA,157,7.85,7.85,NA
20,A,2,8,3,NA,136,NA,136,6.8,6.8,NA
20,A,3,15,6,NA,162,NA,162,8.1,8.1,NA
20,A,4,17,1,NA,160,NA,160,8,8,NA
20,A,5,26,8,NA,176,NA,176,8.8,8.8,NA
20,A,6,29,5,NA,176,NA,176,8.8,8.8,NA
20,A,7,34,8,NA,158,NA,158,7.9,7.9,NA
20,A,8,41,1,NA,141,NA,141,7.05,7.05,NA
20,B,1,1,3,3,189,10,199,9.45,9.95,NA
20,B,1,1,3,4,191,NA,191,9.55,9.55,NA
20,B,2,8,3,4,189,NA,189,9.45,9.45,NA
20,B,2,8,3,5,190,NA,190,9.5,9.5,NA
20,B,3,15,6,1,160,NA,160,8,8,NA
20,B,3,15,6,3,197,NA,197,9.85,9.85,NA
20,B,5,26,8,4,183,NA,183,9.15,9.15,NA
20,B,6,29,5,5,170,NA,170,8.5,8.5,NA
21,A,1,6,7,NA,150,NA,150,7.5,7.5,NA
21,A,2,9,6,NA,164,NA,164,8.2,8.2,NA
21,A,3,12,5,NA,150,NA,150,7.5,7.5,NA
21,A,4,17,7,NA,192,NA,192,9.6,9.6,NA
21,A,5,24,2,NA,180,NA,180,9,9,NA
21,A,6,30,4,NA,174,NA,174,8.7,8.7,NA
21,A,7,35,5,NA,176,NA,176,8.8,8.8,NA
21,A,8,38,2,NA,182,NA,182,9.1,9.1,NA
21,B,1,6,7,1,169,NA,169,8.45,8.45,NA
21,B,2,9,6,3,186,NA,186,9.3,9.3,NA
21,B,5,24,2,1,198,NA,198,9.9,9.9,NA
21,B,5,24,2,4,190,NA,190,9.5,9.5,NA
21,B,6,30,4,4,178,NA,178,8.9,8.9,NA
21,B,7,35,5,1,191,NA,191,9.55,9.55,NA
21,B,7,35,5,4,158,NA,158,7.9,7.9,NA
21,B,8,38,2,1,193,NA,193,9.65,9.65,NA
22,A,1,1,2,NA,64,NA,64,3.2,3.2,Appar
22,A,2,6,2,NA,49,NA,49,2.45,2.45,Appar
22,A,3,14,1,NA,128,49,177,6.4,8.85,NA
22,A,4,18,6,NA,116,NA,116,5.8,5.8,Appar
22,A,5,26,2,NA,145,NA,145,7.25,7.25,Appar
22,A,6,31,5,NA,177,NA,177,8.85,8.85,NA
22,A,7,37,5,NA,157,NA,157,7.85,7.85,Appar
22,A,8,38,1,NA,120,NA,120,6,6,Appar
22,B,2,6,2,5,99,NA,99,4.95,4.95,Appar
22,B,4,18,6,3,151,NA,151,7.55,7.55,Appar
22,B,6,31,5,1,161,NA,161,8.05,8.05,NA
22,B,6,31,5,5,193,NA,193,9.65,9.65,NA
22,B,7,37,5,2,176,NA,176,8.8,8.8,Appar
22,B,7,37,5,3,170,NA,170,8.5,8.5,Appar
22,B,7,37,5,4,159,NA,159,7.95,7.95,Appar
22,B,8,38,1,1,176,NA,176,8.8,8.8,Appar
23,A,1,1,5,NA,146,NA,146,7.3,7.3,NA
23,A,2,8,5,NA,168,NA,168,8.4,8.4,NA
23,A,3,12,2,NA,170,NA,170,8.5,8.5,NA
23,A,4,18,3,NA,152,NA,152,7.6,7.6,NA
23,A,5,23,1,NA,170,NA,170,8.5,8.5,NA
23,A,6,31,4,NA,144,NA,144,7.2,7.2,NA
23,A,7,36,8,NA,128,NA,128,6.4,6.4,NA
23,A,8,41,7,NA,158,NA,158,7.9,7.9,NA
23,B,1,1,5,1,176,NA,176,8.8,8.8,NA
23,B,2,8,5,1,178,NA,178,8.9,8.9,NA
23,B,2,8,5,5,188,NA,188,9.4,9.4,NA
23,B,5,23,1,2,181,NA,181,9.05,9.05,NA
23,B,5,23,1,4,173,NA,173,8.65,8.65,NA
23,B,7,36,8,1,162,NA,162,8.1,8.1,NA
23,B,7,36,8,4,156,28,184,7.8,9.2,NA
23,B,8,41,7,3,181,NA,181,9.05,9.05,NA
24,A,1,2,2,NA,170,NA,170,8.5,8.5,NA
24,A,2,8,1,NA,176,NA,176,8.8,8.8,NA
24,A,3,16,8,NA,172,NA,172,8.6,8.6,NA
24,A,4,18,5,NA,188,NA,188,9.4,9.4,NA
24,A,5,25,6,NA,186,NA,186,9.3,9.3,NA
24,A,6,32,8,NA,155,NA,155,7.75,7.75,NA
24,A,7,34,7,NA,183,NA,183,9.15,9.15,NA
24,A,8,38,7,NA,184,NA,184,9.2,9.2,NA
24,B,1,2,2,2,188,NA,188,9.4,9.4,NA
24,B,2,8,1,1,176,NA,176,8.8,8.8,NA
24,B,2,8,1,5,159,NA,159,7.95,7.95,NA
24,B,4,18,5,2,184,NA,184,9.2,9.2,NA
24,B,5,25,6,2,186,NA,186,9.3,9.3,NA
24,B,5,25,6,5,190,NA,190,9.5,9.5,NA
24,B,6,32,8,3,186,NA,186,9.3,9.3,NA
24,B,8,38,7,4,185,NA,185,9.25,9.25,NA
25,A,1,5,6,NA,155,NA,155,7.75,7.75,NA
25,A,2,6,1,NA,158,NA,158,7.9,7.9,NA
25,A,3,16,6,NA,172,NA,172,8.6,8.6,NA
25,A,4,17,6,NA,164,NA,164,8.2,8.2,NA
25,A,5,27,7,NA,162,NA,162,8.1,8.1,NA
25,A,6,30,8,NA,142,NA,142,7.1,7.1,NA
25,A,7,33,1,NA,174,NA,174,8.7,8.7,NA
25,A,8,41,5,NA,148,NA,148,7.4,7.4,NA
25,B,1,5,6,1,185,NA,185,9.25,9.25,NA
25,B,1,5,6,2,176,NA,176,8.8,8.8,NA
25,B,2,6,1,1,187,NA,187,9.35,9.35,NA
25,B,2,6,1,3,190,NA,190,9.5,9.5,NA
25,B,2,6,1,5,189,NA,189,9.45,9.45,NA
25,B,3,16,6,2,172,NA,172,8.6,8.6,NA
25,B,5,27,7,3,181,NA,181,9.05,9.05,NA
25,B,7,33,1,5,177,NA,177,8.85,8.85,NA
26,A,1,4,6,NA,148,NA,148,7.4,7.4,NA
26,A,2,9,4,NA,170,NA,170,8.5,8.5,NA
26,A,3,15,2,NA,153,NA,153,7.65,7.65,NA
26,A,4,21,2,NA,171,NA,171,8.55,8.55,NA
26,A,5,24,4,NA,152,NA,152,7.6,7.6,NA
26,A,6,31,7,NA,170,NA,170,8.5,8.5,NA
26,A,7,33,3,NA,152,NA,152,7.6,7.6,NA
26,A,8,41,8,NA,175,NA,175,8.75,8.75,NA
26,B,1,4,6,3,188,NA,188,9.4,9.4,NA
26,B,1,4,6,4,199,NA,199,9.95,9.95,NA
26,B,2,9,4,5,188,NA,188,9.4,9.4,NA
26,B,3,15,2,5,188,NA,188,9.4,9.4,NA
26,B,5,24,4,5,189,NA,189,9.45,9.45,NA
26,B,6,31,7,3,138,NA,138,6.9,6.9,NA
26,B,7,33,3,3,160,NA,160,8,8,NA
26,B,7,33,3,5,176,NA,176,8.8,8.8,NA
27,A,1,5,5,NA,190,NA,190,9.5,9.5,NA
27,A,2,9,3,NA,168,NA,168,8.4,8.4,NA
27,A,3,14,8,NA,184,NA,184,9.2,9.2,NA
27,A,4,20,6,NA,161,NA,161,8.05,8.05,NA
27,A,5,24,6,NA,185,NA,185,9.25,9.25,NA
27,A,6,28,2,NA,192,NA,192,9.6,9.6,NA
27,A,7,36,6,NA,177,NA,177,8.85,8.85,NA
27,A,8,41,4,NA,157,NA,157,7.85,7.85,NA
27,B,1,5,5,1,186,NA,186,9.3,9.3,NA
27,B,1,5,5,2,192,NA,192,9.6,9.6,NA
27,B,1,5,5,4,190,NA,190,9.5,9.5,NA
27,B,2,9,3,1,190,NA,190,9.5,9.5,NA
27,B,2,9,3,4,190,NA,190,9.5,9.5,NA
27,B,5,24,6,3,179,NA,179,8.95,8.95,NA
27,B,5,24,6,5,174,NA,174,8.7,8.7,NA
27,B,7,36,6,4,180,NA,180,9,9,NA
28,A,1,5,2,NA,NA,NA,NA,NA,NA,NA
28,A,2,11,7,NA,173,NA,173,8.65,8.65,NA
28,A,3,12,8,NA,165,NA,165,8.25,8.25,NA
28,A,4,19,1,NA,182,NA,182,9.1,9.1,NA
28,A,5,23,4,NA,156,NA,156,7.8,7.8,NA
28,A,6,30,3,NA,179,NA,179,8.95,8.95,NA
28,A,7,37,4,NA,155,NA,155,7.75,7.75,NA
28,A,8,38,6,NA,144,NA,144,7.2,7.2,NA
28,B,2,11,7,1,164,NA,164,8.2,8.2,NA
28,B,4,19,1,3,179,NA,179,8.95,8.95,NA
28,B,4,19,1,4,178,NA,178,8.9,8.9,NA
28,B,6,30,3,5,155,NA,155,7.75,7.75,NA
28,B,7,37,4,4,161,NA,161,8.05,8.05,NA
28,B,7,37,4,5,162,NA,162,8.1,8.1,NA
28,B,8,38,6,2,189,NA,189,9.45,9.45,NA
28,B,8,38,6,4,146,NA,146,7.3,7.3,NA
29,A,1,5,1,NA,169,NA,169,8.45,8.45,NA
29,A,2,7,7,NA,190,NA,190,9.5,9.5,NA
29,A,3,16,7,NA,187,NA,187,9.35,9.35,NA
29,A,4,20,1,NA,180,NA,180,9,9,NA
29,A,5,26,6,NA,184,NA,184,9.2,9.2,NA
29,A,6,27,1,NA,168,NA,168,8.4,8.4,NA
29,A,7,35,2,NA,192,NA,192,9.6,9.6,NA
29,A,8,42,4,NA,159,NA,159,7.95,7.95,NA
29,B,1,5,1,5,190,NA,190,9.5,9.5,NA
29,B,2,7,7,3,166,NA,166,8.3,8.3,NA
29,B,4,20,1,1,172,NA,172,8.6,8.6,NA
29,B,4,20,1,3,186,NA,186,9.3,9.3,NA
29,B,5,26,6,3,186,NA,186,9.3,9.3,NA
29,B,5,26,6,4,185,NA,185,9.25,9.25,NA
29,B,6,27,1,2,189,NA,189,9.45,9.45,NA
29,B,6,27,1,4,190,NA,190,9.5,9.5,NA
30,A,1,3,6,NA,123,13,136,6.15,6.8,NA
30,A,2,6,4,NA,144,NA,144,7.2,7.2,NA
30,A,3,14,7,NA,130,NA,130,6.5,6.5,NA
30,A,4,20,5,NA,164,NA,164,8.2,8.2,NA
30,A,5,23,2,NA,141,NA,141,7.05,7.05,NA
30,A,6,28,4,NA,165,NA,165,8.25,8.25,NA
30,A,7,35,1,NA,168,NA,168,8.4,8.4,NA
30,A,8,42,1,NA,156,NA,156,7.8,7.8,NA
30,B,1,3,6,3,182,NA,182,9.1,9.1,NA
30,B,1,3,6,5,179,NA,179,8.95,8.95,NA
30,B,2,6,4,5,178,NA,178,8.9,8.9,NA
30,B,5,23,2,4,168,NA,168,8.4,8.4,NA
30,B,6,28,4,1,172,NA,172,8.6,8.6,NA
30,B,7,35,1,2,157,NA,157,7.85,7.85,NA
30,B,8,42,1,1,170,NA,170,8.5,8.5,NA
30,B,8,42,1,4,152,NA,152,7.6,7.6,NA
31,A,1,2,5,NA,160,NA,160,8,8,NA
31,A,2,9,2,NA,139,NA,139,6.95,6.95,NA
31,A,3,12,3,NA,162,NA,162,8.1,8.1,NA
31,A,4,21,8,NA,186,NA,186,9.3,9.3,NA
31,A,5,22,3,NA,170,NA,170,8.5,8.5,NA
31,A,6,32,7,NA,144,NA,144,7.2,7.2,NA
31,A,7,32,2,NA,140,NA,140,7,7,NA
31,A,8,40,4,NA,149,NA,149,7.45,7.45,NA
31,B,1,2,5,3,170,NA,170,8.5,8.5,NA
31,B,2,9,2,4,174,NA,174,8.7,8.7,NA
31,B,3,12,3,2,171,NA,171,8.55,8.55,NA
31,B,3,12,3,4,182,NA,182,9.1,9.1,NA
31,B,4,21,8,2,185,NA,185,9.25,9.25,NA
31,B,4,21,8,5,178,NA,178,8.9,8.9,NA
31,B,6,32,7,3,176,NA,176,8.8,8.8,NA
31,B,7,32,2,2,179,NA,179,8.95,8.95,NA
32,A,1,4,5,NA,148,NA,148,7.4,7.4,NA
32,A,2,11,6,NA,142,NA,142,7.1,7.1,NA
32,A,3,14,5,NA,80,NA,80,4,4,NA
32,A,4,21,7,NA,46,NA,46,2.3,2.3,NA
32,A,5,22,1,NA,178,NA,178,8.9,8.9,NA
32,A,6,27,5,NA,126,NA,126,6.3,6.3,NA
32,A,7,35,8,NA,123,NA,123,6.15,6.15,NA
32,A,8,42,7,NA,72,NA,72,3.6,3.6,NA
32,B,1,4,5,2,116,NA,116,5.8,5.8,NA
32,B,2,11,6,1,154,NA,154,7.7,7.7,NA
32,B,3,14,5,1,184,NA,184,9.2,9.2,NA
32,B,4,21,7,1,156,NA,156,7.8,7.8,NA
32,B,5,22,1,5,162,NA,162,8.1,8.1,NA
32,B,6,27,5,1,176,NA,176,8.8,8.8,NA
32,B,7,35,8,5,183,NA,183,9.15,9.15,NA
32,B,8,42,7,3,155,NA,155,7.75,7.75,NA
33,A,1,4,1,NA,156,NA,156,7.8,7.8,NA
33,A,2,6,5,NA,179,NA,179,8.95,8.95,NA
33,A,3,16,3,NA,110,NA,110,5.5,5.5,NA
33,A,4,20,2,NA,171,NA,171,8.55,8.55,NA
33,A,5,22,7,NA,153,NA,153,7.65,7.65,NA
33,A,6,31,3,NA,142,NA,142,7.1,7.1,NA
33,A,7,34,6,NA,157,NA,157,7.85,7.85,NA
33,A,8,40,8,NA,152,NA,152,7.6,7.6,NA
33,B,1,4,1,2,169,NA,169,8.45,8.45,NA
33,B,1,4,1,3,179,NA,179,8.95,8.95,NA
33,B,1,4,1,4,185,NA,185,9.25,9.25,NA
33,B,2,6,5,4,170,NA,170,8.5,8.5,NA
33,B,4,20,2,4,194,NA,194,9.7,9.7,NA
33,B,5,22,7,2,168,NA,168,8.4,8.4,NA
33,B,5,22,7,3,172,NA,172,8.6,8.6,NA
33,B,6,31,3,3,168,NA,168,8.4,8.4,NA
34,A,1,4,4,NA,164,NA,164,8.2,8.2,NA
34,A,2,10,4,NA,160,NA,160,8,8,NA
34,A,3,11,4,NA,182,NA,182,9.1,9.1,NA
34,A,4,19,7,NA,169,NA,169,8.45,8.45,NA
34,A,5,25,3,NA,156,NA,156,7.8,7.8,NA
34,A,6,28,5,NA,139,NA,139,6.95,6.95,NA
34,A,7,36,4,NA,173,NA,173,8.65,8.65,NA
34,A,8,38,5,NA,126,NA,126,6.3,6.3,NA
34,B,1,4,4,3,190,NA,190,9.5,9.5,NA
34,B,2,NA,NA,NA,NA,NA,NA,NA,NA,NA
34,B,3,11,4,1,177,NA,177,8.85,8.85,NA
34,B,4,19,7,2,186,NA,186,9.3,9.3,NA
34,B,5,25,3,4,172,NA,172,8.6,8.6,NA
34,B,6,28,5,2,169,NA,169,8.45,8.45,NA
34,B,7,36,4,5,169,NA,169,8.45,8.45,NA
34,B,8,38,5,3,159,NA,159,7.95,7.95,NA
35,A,1,1,7,NA,159,NA,159,7.95,7.95,NA
35,A,2,7,8,NA,171,NA,171,8.55,8.55,NA
35,A,3,15,8,NA,167,NA,167,8.35,8.35,NA
35,A,4,21,5,NA,173,NA,173,8.65,8.65,NA
35,A,5,23,6,NA,169,NA,169,8.45,8.45,NA
35,A,6,29,4,NA,187,NA,187,9.35,9.35,NA
35,A,7,34,3,NA,186,NA,186,9.3,9.3,NA
35,A,8,41,3,NA,176,NA,176,8.8,8.8,NA
35,B,5,23,6,1,183,NA,183,9.15,9.15,NA
35,B,5,23,6,2,191,NA,191,9.55,9.55,NA
35,B,5,23,6,5,189,NA,189,9.45,9.45,NA
35,B,6,29,4,1,187,NA,187,9.35,9.35,NA
35,B,6,29,4,2,184,NA,184,9.2,9.2,NA
35,B,6,29,4,3,181,NA,181,9.05,9.05,NA
35,B,7,34,3,1,155,NA,155,7.75,7.75,NA
35,B,7,34,3,3,171,NA,171,8.55,8.55,NA
36,A,1,5,4,NA,177,NA,177,8.85,8.85,NA
36,A,2,10,1,NA,176,NA,176,8.8,8.8,NA
36,A,3,14,4,NA,140,NA,140,7,7,NA
36,A,4,16,1,NA,NA,NA,NA,NA,NA,NA
36,A,5,24,3,NA,178,NA,178,8.9,8.9,NA
36,A,6,28,7,NA,161,NA,161,8.05,8.05,NA
36,A,7,33,2,NA,116,NA,116,5.8,5.8,NA
36,A,8,37,1,NA,153,NA,153,7.65,7.65,NA
36,B,1,5,4,2,186,NA,186,9.3,9.3,NA
36,B,1,5,4,5,182,NA,182,9.1,9.1,NA
36,B,2,10,1,1,169,NA,169,8.45,8.45,NA
36,B,3,14,4,5,150,NA,150,7.5,7.5,NA
36,B,7,33,2,1,189,NA,189,9.45,9.45,NA
36,B,7,33,2,2,185,NA,185,9.25,9.25,NA
36,B,7,33,2,5,178,NA,178,8.9,8.9,NA
36,B,8,37,1,2,189,NA,189,9.45,9.45,NA
37,A,1,6,8,NA,128,NA,128,6.4,6.4,NA
37,A,2,10,8,NA,175,NA,175,8.75,8.75,NA
37,A,3,11,3,NA,165,NA,165,8.25,8.25,NA
37,A,4,19,6,NA,166,NA,166,8.3,8.3,NA
37,A,5,22,6,NA,166,NA,166,8.3,8.3,NA
37,A,6,31,8,NA,168,NA,168,8.4,8.4,NA
37,A,7,35,7,NA,188,NA,188,9.4,9.4,NA
37,A,8,39,5,NA,162,NA,162,8.1,8.1,NA
37,B,1,6,8,1,180,NA,180,9,9,NA
37,B,1,6,8,5,191,NA,191,9.55,9.55,NA
37,B,2,10,8,3,196,NA,196,9.8,9.8,NA
37,B,3,11,3,2,194,NA,194,9.7,9.7,NA
37,B,4,19,6,4,184,NA,184,9.2,9.2,NA
37,B,6,31,8,5,182,NA,182,9.1,9.1,NA
37,B,7,35,7,4,200,NA,200,10,10,NA
37,B,8,39,5,3,124,NA,124,6.2,6.2,NA
38,A,2,7,6,NA,156,NA,156,7.8,7.8,NA
38,A,3,12,1,NA,137,NA,137,6.85,6.85,NA
38,A,7,33,7,NA,184,NA,184,9.2,9.2,NA
38,B,NA,NA,NA,NA,NA,NA,NA,NA,NA,No 38B
39,A,1,2,4,NA,166,NA,166,8.3,8.3,NA
39,A,2,7,1,NA,136,NA,136,6.8,6.8,NA
39,A,3,13,2,NA,157,NA,157,7.85,7.85,NA
39,A,4,17,2,NA,170,NA,170,8.5,8.5,NA
39,A,5,24,1,NA,122,NA,122,6.1,6.1,NA
39,A,6,27,4,NA,158,NA,158,7.9,7.9,NA
39,A,7,36,5,NA,122,NA,122,6.1,6.1,NA
39,A,8,42,8,NA,154,NA,154,7.7,7.7,NA
39,B,1,2,4,5,187,NA,187,9.35,9.35,NA
39,B,2,NA,NA,NA,NA,NA,NA,NA,NA,NA
39,B,3,NA,NA,NA,NA,NA,NA,NA,NA,NA
39,B,4,NA,NA,NA,NA,NA,NA,NA,NA,NA
39,B,5,NA,NA,NA,NA,NA,NA,NA,NA,NA
39,B,7,36,5,3,172,NA,172,8.6,8.6,NA
39,B,8,42,8,2,126,NA,126,6.3,6.3,NA
39,B,8,42,8,5,162,NA,162,8.1,8.1,NA
40,A,1,1,4,NA,115,NA,115,5.75,5.75,NA
40,A,2,11,5,NA,178,NA,178,8.9,8.9,NA
40,A,3,14,2,NA,159,NA,159,7.95,7.95,NA
40,A,4,18,8,NA,162,NA,162,8.1,8.1,NA
40,A,5,22,2,NA,148,NA,148,7.4,7.4,NA
40,A,6,29,8,NA,181,NA,181,9.05,9.05,NA
40,A,7,36,2,NA,150,NA,150,7.5,7.5,NA
40,A,8,42,6,NA,173,NA,173,8.65,8.65,NA
40,B,1,1,4,2,179,NA,179,8.95,8.95,NA
40,B,1,1,4,5,176,NA,176,8.8,8.8,NA
40,B,2,11,5,4,180,NA,180,9,9,NA
40,B,4,18,8,2,178,NA,178,8.9,8.9,NA
40,B,5,22,2,5,191,NA,191,9.55,9.55,NA
40,B,7,36,2,2,185,NA,185,9.25,9.25,NA
40,B,7,36,2,4,188,NA,188,9.4,9.4,NA
40,B,8,42,6,3,191,NA,191,9.55,9.55,NA
41,A,1,5,8,NA,15,NA,15,0.75,0.75,NA
41,A,2,8,2,NA,16,NA,16,0.8,0.8,NA
41,A,3,13,7,NA,78,NA,78,3.9,3.9,NA
41,A,4,19,5,NA,129,NA,129,6.45,6.45,NA
41,A,5,24,8,NA,50,NA,50,2.5,2.5,NA
41,A,6,28,3,NA,108,NA,108,5.4,5.4,NA
41,A,7,34,2,NA,152,NA,152,7.6,7.6,NA
41,A,8,39,8,NA,24,NA,24,1.2,1.2,NA
41,B,1,5,8,1,118,NA,118,5.9,5.9,NA
41,B,1,5,8,5,162,NA,162,8.1,8.1,NA
41,B,2,8,2,4,165,NA,165,8.25,8.25,NA
41,B,4,19,5,3,147,NA,147,7.35,7.35,NA
41,B,4,19,5,5,167,NA,167,8.35,8.35,NA
41,B,6,28,3,3,160,NA,160,8,8,NA
41,B,6,28,3,4,150,NA,150,7.5,7.5,NA
41,B,7,34,2,1,140,NA,140,7,7,NA
42,A,1,2,7,NA,185,NA,185,9.25,9.25,NA
42,A,2,8,6,NA,167,NA,167,8.35,8.35,NA
42,A,3,13,3,NA,177,NA,177,8.85,8.85,NA
42,A,4,17,8,NA,162,NA,162,8.1,8.1,NA
42,A,5,25,5,NA,160,NA,160,8,8,NA
42,A,6,28,1,NA,161,NA,161,8.05,8.05,NA
42,A,7,36,7,NA,173,NA,173,8.65,8.65,NA
42,A,8,40,3,NA,173,NA,173,8.65,8.65,NA
42,B,2,8,6,1,172,NA,172,8.6,8.6,NA
42,B,2,8,6,2,172,NA,172,8.6,8.6,NA
42,B,2,8,6,5,187,NA,187,9.35,9.35,NA
42,B,5,25,5,3,193,NA,193,9.65,9.65,NA
42,B,6,28,1,1,162,NA,162,8.1,8.1,NA
42,B,7,36,7,1,175,NA,175,8.75,8.75,NA
42,B,8,40,3,3,174,NA,174,8.7,8.7,NA
42,B,8,40,3,5,170,NA,170,8.5,8.5,NA