NA,NA,NA,no_plant,no_survival,no_survival,no_survival,no_survival,no_survival,,no_survival,,no_survival,no_survival,no_survival,no_survival,no_survival,no_survival
Plot,Rep,Entry,6/12/12,6/27/12,7/27/12,8/24/12,9/29/12,10/27/12,%surviorship,4/27/13,%winterkill,5/31/13,6/29/13,8/30/13,5/1/14,6/5/14,8/12/14
1,1,35,9,4,2,2,2,2,0.22,1,0.5,1,1,NA,NA,NA,NA
2,1,2,10,10,10,10,10,10,1,10,0,10,10,10,10,10,8
3,1,23,10,10,10,10,10,10,1,10,0,10,10,10,9,9,8
4,1,13,10,9,9,9,9,8,0.8,8,0,8,8,8,8,8,8
5,2,32,10,9,7,6,5,5,0.5,5,0,5,5,4,2,2,NA
6,2,14,10,10,10,10,10,10,1,9,0.1,9,9,9,5,5,3
7,2,25,10,8,8,8,8,8,0.8,8,0,6,6,6,NA,NA,NA
8,2,8,10,10,9,9,9,9,0.9,9,0,8,8,8,2,2,2
9,3,18,10,10,8,6,3,3,0.3,3,0,3,3,2,NA,NA,NA
10,3,21,10,10,9,9,9,9,0.9,8,0.11,7,7,6,2,2,2
11,3,30,10,9,8,7,6,6,0.6,4,0.33,3,3,3,3,2,NA
12,3,32,10,10,10,8,6,6,0.6,6,0,6,6,3,1,1,NA
13,4,35,10,7,5,1,1,1,0.1,1,0,1,1,1,1,1,1
14,4,27,10,10,7,7,7,7,0.7,5,0.29,5,5,5,3,3,3
15,4,29,10,10,7,7,7,7,0.7,7,0,7,7,7,5,5,5
16,4,3,10,10,6,7,7,5,0.5,4,0.2,4,4,NA,NA,NA,NA
17,1,15,10,8,6,6,6,6,0.6,6,0,5,5,5,2,2,2
18,1,30,10,10,7,5,4,3,0.3,3,0,2,2,2,1,NA,NA
19,1,10,10,8,7,7,7,7,0.7,7,0,7,7,7,7,7,7
20,1,5,10,9,8,8,7,5,0.5,5,0,5,4,2,1,1,NA
21,2,26,10,10,10,9,9,8,0.8,8,0,8,7,7,4,4,4
22,2,4,10,10,9,9,9,9,0.9,9,0,9,9,9,9,9,9
23,2,28,10,10,10,10,10,10,1,9,0.1,9,9,9,9,9,9
24,2,35,10,9,9,9,8,8,0.8,3,0.63,3,3,3,3,3,3
25,3,19,10,10,10,10,10,10,1,8,0.2,8,8,8,2,1,1
26,3,2,10,10,10,10,10,10,1,10,0,10,10,10,9,9,8
27,3,15,10,9,8,8,8,8,0.8,8,0,7,7,6,2,2,1
28,3,6,10,10,9,9,9,9,0.9,9,0,8,8,7,7,6,6
29,4,4,10,10,10,10,10,10,1,10,0,10,10,10,9,9,9
30,4,5,10,10,8,7,6,6,0.6,5,0.17,4,4,NA,NA,NA,NA
31,4,13,10,9,9,9,9,9,0.9,9,0,9,9,9,8,7,7
32,4,7,10,8,4,4,4,4,0.4,4,0,4,4,3,0,NA,NA
33,1,7,10,10,8,7,6,6,0.6,6,0,5,5,2,0,NA,NA
34,1,6,10,10,6,6,5,5,0.5,4,0.2,4,4,2,2,2,2
35,1,34,10,8,6,4,7,4,0.4,4,0,4,4,4,3,3,3
36,1,11,10,10,9,9,8,8,0.8,8,0,7,7,6,5,5,3
37,2,24,10,10,9,9,9,9,0.9,9,0,9,9,6,0,NA,NA
38,2,12,10,9,8,8,8,8,0.8,7,0.13,7,7,7,5,3,3
39,2,34,10,10,7,7,7,7,0.7,7,0,7,7,6,6,6,6
40,2,33,10,10,10,10,10,10,1,9,0.1,6,6,4,0,NA,NA
41,3,35,10,10,6,3,3,2,0.2,2,0,2,2,1,1,1,1
42,3,16,10,10,9,8,7,7,0.7,7,0,7,7,6,2,2,2
43,3,36,10,10,7,8,7,7,0.7,7,0,7,7,6,6,6,5
44,3,23,10,10,10,10,10,10,1,10,0,10,9,9,5,5,5
45,4,30,10,10,8,7,5,5,0.5,5,0,5,5,3,2,2,2
46,4,12,10,10,10,9,9,9,0.9,9,0,6,6,5,4,4,3
47,4,32,10,9,7,7,5,4,0.4,4,0,4,4,NA,NA,NA,NA
48,4,14,10,10,9,9,9,9,0.9,9,0,8,7,1,0,NA,NA
49,1,29,10,10,9,8,8,8,0.8,8,0,8,8,8,6,6,6
50,1,33,10,9,9,9,9,9,0.9,9,0,6,5,5,1,1,1
51,1,25,10,10,9,9,9,9,0.9,9,0,8,8,6,NA,NA,NA
52,1,38,10,10,10,10,10,9,0.9,9,0,9,9,8,8,8,8
53,2,1,10,10,10,10,8,5,0.5,5,0,5,5,1,NA,NA,NA
54,2,31,10,10,10,10,10,10,1,10,0,10,10,10,10,10,10
55,2,9,10,10,10,10,10,10,1,9,0.1,9,9,8,4,4,4
56,2,22,10,10,10,10,10,10,1,9,0.1,9,9,7,6,6,6
57,3,14,10,9,8,8,8,7,0.7,7,0,7,7,7,3,2,2
58,3,25,10,9,7,7,7,7,0.7,6,0.14,6,6,6,0,NA,NA
59,3,38,10,10,10,10,10,10,1,10,0,10,10,8,8,8,8
60,3,11,10,9,8,8,8,8,0.8,8,0,8,7,6,2,2,2
61,4,23,10,10,10,10,10,10,1,10,0,10,10,7,6,6,6
62,4,20,10,10,10,9,9,9,0.9,7,0.22,4,4,3,NA,NA,NA
63,4,1,10,10,5,5,3,3,0.3,2,0.33,2,2,NA,NA,NA,NA
64,4,16,10,7,7,7,7,7,0.7,7,0,7,7,6,NA,NA,NA
65,1,17,10,9,7,7,7,7,0.7,7,0,7,7,7,7,7,7
66,1,24,10,10,10,10,10,10,1,8,0.2,8,8,5,1,1,NA
67,1,31,10,10,7,7,7,7,0.7,7,0,7,7,6,3,3,3
68,1,21,10,10,10,10,10,10,1,8,0.2,7,7,6,1,NA,NA
69,2,30,10,9,6,5,4,4,0.4,4,0,4,4,3,NA,NA,NA
70,2,5,10,9,8,8,4,5,0.5,3,0.4,3,3,1,NA,NA,NA
71,2,37,10,10,10,10,10,10,1,10,0,10,10,10,10,10,8
72,2,19,10,10,10,9,9,9,0.9,8,0.11,8,8,5,3,2,NA
73,3,22,10,10,10,10,10,10,1,10,0,10,10,9,8,8,8
74,3,24,10,10,10,7,5,4,0.4,4,0,4,4,4,1,1,NA
75,3,10,10,10,10,10,10,10,1,9,0.1,9,9,6,4,4,4
76,3,7,10,9,7,7,7,7,0.7,7,0,7,7,4,2,1,NA
77,4,37,10,10,10,10,10,10,1,10,0,10,10,3,1,1,1
78,4,31,10,10,8,7,7,7,0.7,6,0.14,6,6,5,5,5,5
79,4,18,10,9,7,6,2,2,0.2,1,0.5,0,0,NA,NA,NA,NA
80,4,34,10,7,7,7,7,7,0.7,7,0,7,6,5,4,4,4
81,1,12,10,7,5,4,4,4,0.4,4,0,4,4,3,1,1,NA
82,1,19,10,9,8,8,8,8,0.8,8,0,7,5,3,NA,NA,NA
83,1,3,10,9,7,6,2,2,0.2,1,0.5,1,1,NA,NA,NA,NA
84,1,32,10,10,9,9,9,9,0.9,8,0.11,8,8,4,3,2,NA
85,2,27,10,10,7,7,7,7,0.7,6,0.14,6,6,6,5,4,3
86,2,13,10,9,8,8,8,8,0.8,8,0,8,8,8,8,8,8
87,2,20,10,10,10,10,10,9,0.9,9,0,9,9,7,2,2,1
88,2,29,10,10,10,10,9,9,0.9,9,0,9,9,9,9,9,8
89,3,26,10,8,7,7,6,4,0.4,3,0.25,3,3,2,2,2,1
90,3,8,10,8,6,6,6,6,0.6,6,0,6,6,6,3,3,2
91,3,5,10,10,8,5,5,4,0.4,4,0,4,2,1,1,1,1
92,3,17,10,10,9,9,9,9,0.9,9,0,9,9,9,9,9,9
93,4,22,10,9,9,9,9,9,0.9,9,0,9,9,6,4,4,4
94,4,9,10,10,10,10,10,10,1,9,0.1,8,8,7,2,2,2
95,4,25,10,10,10,10,10,10,1,6,0.4,5,5,2,NA,NA,NA
96,4,15,10,10,8,8,8,8,0.8,7,0.13,5,5,5,NA,NA,NA
97,1,27,10,10,9,9,9,9,0.9,9,0,9,9,8,8,8,8
98,1,18,10,10,9,9,5,5,0.5,5,0,5,5,2,1,1,NA
99,1,26,10,9,7,7,6,6,0.6,4,0.33,4,4,4,4,4,4
100,1,28,10,9,9,9,9,9,0.9,9,0,9,9,9,9,9,9
101,2,18,10,9,9,7,5,4,0.4,3,0.25,3,2,1,NA,NA,NA
102,2,7,9,9,9,8,8,8,0.89,8,0,8,7,7,2,2,NA
103,2,3,10,10,10,9,9,8,0.8,8,0,8,8,4,2,2,2
104,2,16,10,9,9,9,9,9,0.9,9,0,9,9,7,2,2,1
105,3,34,10,9,7,7,7,7,0.7,5,0.29,5,4,4,4,4,4
106,3,33,10,10,10,10,10,10,1,9,0.1,7,7,7,2,2,2
107,3,28,10,10,10,10,10,10,1,10,0,10,10,10,10,10,8
108,3,29,10,10,9,9,9,9,0.9,9,0,9,9,9,9,9,9
109,4,17,10,10,8,7,7,7,0.7,7,0,7,7,6,6,6,6
110,4,21,10,10,10,10,10,10,1,9,0.1,9,9,9,7,7,7
111,4,33,10,10,10,10,10,10,1,9,0.1,9,8,5,1,1,NA
112,4,6,10,9,6,5,5,3,0.3,3,0,3,3,3,3,2,2
113,1,16,10,9,9,9,9,9,0.9,9,0,9,9,9,6,6,6
114,1,4,10,10,10,10,10,10,1,10,0,10,10,10,10,10,9
115,1,22,10,10,9,9,9,9,0.9,9,0,9,9,9,4,4,3
116,1,14,10,10,8,8,8,8,0.8,8,0,8,7,7,3,2,2
117,2,15,10,10,10,10,10,10,1,10,0,9,9,9,4,4,2
118,2,17,10,10,10,10,10,10,1,10,0,10,10,9,9,8,8
119,2,21,10,10,8,8,8,8,0.8,7,0.13,7,7,6,1,1,1
120,2,38,10,10,6,6,6,5,0.5,5,0,5,5,5,5,5,5
121,3,12,10,10,10,10,9,9,0.9,9,0,9,9,9,5,3,3
122,3,13,10,10,8,8,8,8,0.8,7,0.13,7,7,7,7,5,5
123,3,37,10,10,10,10,10,10,1,9,0.1,7,9,9,9,9,9
124,3,1,10,9,8,7,4,2,0.2,1,0.5,1,1,1,NA,NA,NA
125,4,24,10,10,10,9,9,8,0.8,8,0,8,8,7,2,1,NA
126,4,23,10,10,10,10,10,10,1,10,0,10,10,8,8,8,8
127,4,10,10,10,8,8,8,8,0.8,8,0,8,8,6,5,4,4
128,4,38,10,9,9,9,9,9,0.9,9,0,9,9,9,7,7,4
129,1,20,10,10,10,9,9,9,0.9,9,0,9,8,7,5,3,3
130,1,8,10,10,9,9,9,8,0.8,8,0,8,7,7,1,1,1
131,1,9,10,10,10,10,9,9,0.9,9,0,9,9,9,6,6,6
132,1,36,10,9,9,9,9,9,0.9,9,0,9,9,9,6,6,4
133,2,11,10,9,7,7,7,7,0.7,7,0,7,7,6,1,1,1
134,2,5,10,9,9,9,8,8,0.8,7,0.13,7,7,5,5,5,5
135,2,36,10,10,10,9,8,7,0.7,8,-0.14,8,7,5,3,2,2
136,2,2,10,10,10,10,10,10,1,10,0,10,10,8,8,8,8
137,3,27,10,10,10,9,9,9,0.9,9,0,9,9,9,8,8,7
138,3,4,10,10,10,10,10,9,0.9,9,0,9,9,8,6,6,6
139,3,9,10,10,9,9,9,9,0.9,9,0,8,8,8,3,2,2
140,3,20,10,10,8,8,8,8,0.8,8,0,8,8,7,1,1,1
141,4,26,10,10,8,6,4,2,0.2,2,0,2,2,1,2,2,1
142,4,11,10,10,7,7,7,7,0.7,5,0.29,4,4,3,1,NA,NA
143,4,36,10,8,6,6,6,6,0.6,6,0,6,6,5,3,3,3
144,4,8,10,8,5,5,5,5,0.5,3,0.4,2,2,2,NA,NA,NA
145,1,NA,NA,NA,NA,NA,NA,NA,NA,NA,NA,NA,NA,NA,NA,5,3
146,1,NA,NA,NA,NA,NA,NA,NA,NA,NA,NA,NA,NA,NA,NA,2,2
147,1,37,10,9,8,8,8,8,0.8,8,0,8,7,7,7,7,6
148,1,1,10,8,7,7,7,1,0.1,0,1,0,0,NA,NA,NA,NA
149,7,28,10,10,9,9,9,9,0.9,9,0,9,9,9,9,9,9
150,7,8,10,10,10,10,10,10,1,10,0,10,10,6,3,2,2
151,2,10,10,9,9,9,9,9,0.9,9,0,9,9,9,9,9,9
152,2,23,10,10,10,10,10,10,1,10,0,10,10,7,2,2,2
153,6,29,10,10,10,10,9,9,0.9,7,0.22,7,7,5,5,5,4
154,3,NA,NA,NA,NA,NA,NA,NA,NA,NA,NA,NA,NA,NA,NA,4,3
155,3,31,10,9,7,7,7,6,0.6,6,0,6,6,6,6,6,6
156,3,3,10,10,8,6,4,3,0.3,3,0,3,1,1,NA,NA,NA
157,5,15,10,7,6,6,6,6,0.6,3,0.5,3,3,3,NA,NA,NA
158,5,20,10,10,8,8,8,8,0.8,6,0.25,6,5,6,2,2,2
159,4,2,10,10,10,10,10,10,1,10,0,10,10,10,10,10,10
160,4,19,10,10,10,10,9,9,0.9,7,0.22,6,6,5,1,NA,NA
161,8,19,10,10,9,9,8,8,0.8,8,0,8,7,5,1,1,1
162,8,33,10,10,10,10,10,10,1,9,0.1,7,7,6,NA,NA,1
163,8,9,10,9,7,7,7,7,0.7,7,0,7,7,7,6,6,6
164,8,38,10,7,7,7,7,6,0.6,6,0,6,6,6,6,6,6
165,7,35,10,10,10,10,10,10,1,10,0,3,3,3,3,3,2
166,7,2,10,10,10,10,10,10,1,10,0,10,10,10,10,10,9
167,7,22,10,10,9,9,9,9,0.9,9,0,9,9,9,8,8,7
168,7,4,10,10,10,10,9,9,0.9,9,0,9,9,7,7,6,6
169,6,38,10,10,7,7,6,5,0.5,6,-0.2,6,6,6,5,5,5
170,6,24,5,5,5,5,5,5,1,7,-0.4,5,5,7,2,1,NA
171,6,20,10,10,8,8,8,8,0.8,7,0.13,7,7,7,1,1,1
172,6,8,10,10,9,9,9,9,0.9,9,0,9,9,8,4,3,3
173,5,27,10,10,9,8,8,8,0.8,7,0.13,7,7,7,5,5,5
174,5,19,10,8,7,7,7,7,0.7,7,0,7,7,3,NA,NA,NA
175,5,30,10,10,8,8,8,8,0.8,8,0,8,8,8,6,4,2
176,5,26,10,9,6,5,5,5,0.5,5,0,5,5,3,3,3,3
177,8,29,3,3,3,3,3,3,1,3,0,3,3,3,3,3,3
178,8,11,10,10,9,9,9,9,0.9,8,0.11,6,6,6,2,2,2
179,8,28,10,10,10,10,10,10,1,10,0,10,10,10,10,10,8
180,8,26,10,10,8,8,8,8,0.8,7,0.13,7,6,3,3,3,3
181,7,5,10,10,8,7,6,4,0.4,4,0,4,2,2,NA,NA,NA
182,7,31,10,10,9,9,9,8,0.8,8,0,7,7,6,6,5,5
183,7,21,10,10,10,10,10,10,1,8,0.2,7,7,7,3,3,2
184,7,16,10,10,9,9,9,9,0.9,9,0,9,9,8,4,3,3
185,6,31,10,9,7,7,7,7,0.7,7,0,5,5,5,3,3,3
186,6,2,10,10,10,10,10,10,1,10,0,10,10,9,9,9,9
187,6,9,10,10,10,10,10,10,1,8,0.2,8,8,8,2,1,1
188,6,35,10,9,6,3,1,1,0.1,0,1,0,0,NA,NA,NA,NA
189,5,23,9,9,9,9,9,9,1,8,0.11,8,8,6,NA,NA,NA
190,5,16,10,9,9,8,8,8,0.8,7,0.13,7,7,4,1,1,1
191,5,14,10,9,9,9,9,9,0.9,9,0,8,8,7,1,1,1
192,5,35,10,5,5,3,3,3,0.3,2,0.33,1,0,NA,NA,NA,NA
193,8,15,10,10,7,7,7,7,0.7,5,0.29,5,5,5,NA,NA,NA
194,8,37,10,10,9,9,8,8,0.8,8,0,8,8,7,7,7,7
195,8,14,10,10,10,10,10,9,0.9,9,0,9,9,4,2,2,2
196,8,17,10,7,3,3,3,3,0.3,2,0.33,2,2,2,1,1,1
197,7,30,8,8,6,6,6,4,0.5,6,-0.5,6,6,6,3,2,2
198,7,6,10,9,8,7,7,7,0.7,7,0,7,7,7,6,6,5
199,7,3,10,8,8,8,7,7,0.7,7,0,7,7,3,3,3,2
200,7,25,10,7,6,6,6,6,0.6,6,0,5,5,5,2,2,1
201,6,32,7,7,6,6,6,6,0.86,4,0.33,4,4,3,NA,5,NA
202,6,37,10,10,10,10,10,10,1,10,0,10,10,10,10,10,9
203,6,7,10,10,9,9,9,9,0.9,6,0.33,6,6,6,1,NA,NA
204,6,10,4,4,3,3,3,3,0.75,3,0,2,2,2,2,2,2
205,5,8,10,9,6,6,6,6,0.6,6,0,6,6,5,1,1,1
206,5,1,10,10,9,8,5,5,0.5,5,0,5,5,2,1,1,NA
207,5,34,10,8,5,4,6,4,0.4,4,0,4,4,4,2,2,2
208,5,12,10,10,7,7,7,7,0.7,6,0.14,6,5,5,1,1,1
209,8,36,10,8,6,6,6,5,0.5,4,0.2,4,4,3,3,NA,3
210,8,4,10,10,10,10,10,10,1,9,0.1,9,9,8,8,8,8
211,8,22,5,5,3,3,3,3,0.6,3,0,3,3,3,2,2,2
212,8,35,4,4,4,4,4,3,0.75,3,0,3,3,3,1,1,1
213,7,13,10,10,9,8,7,7,0.7,6,0.14,6,6,6,6,6,6
214,7,29,10,9,8,8,8,8,0.8,8,0,8,8,8,7,7,7
215,7,7,7,7,6,3,3,3,0.43,3,0,3,3,2,NA,NA,NA
216,7,18,10,9,9,9,6,4,0.4,4,0,4,4,1,NA,NA,NA
217,6,11,10,10,8,8,8,7,0.7,7,0,6,6,6,1,1,1
218,6,14,10,10,9,9,9,9,0.9,9,0,8,8,8,2,2,1
219,6,34,10,9,4,4,3,2,0.2,2,0,2,2,2,2,2,2
220,6,33,10,10,9,9,9,9,0.9,8,0.11,7,7,2,NA,NA,NA
221,5,29,10,10,10,10,8,7,0.7,7,0,7,7,7,7,7,7
222,5,22,10,10,10,9,9,9,0.9,9,0,9,9,4,4,3,3
223,5,21,10,10,9,9,8,7,0.7,5,0.29,2,2,2,NA,NA,NA
224,5,32,10,10,10,10,9,4,0.4,4,0,4,4,2,NA,NA,2
225,8,1,10,10,2,2,2,2,0.2,2,0,2,2,NA,NA,NA,NA
226,8,8,10,10,7,7,7,7,0.7,7,0,6,6,6,NA,NA,NA
227,8,27,10,10,8,8,8,8,0.8,7,0.13,7,7,7,7,7,7
228,8,21,10,10,8,8,8,8,0.8,8,0,8,7,6,4,4,4
229,7,27,10,10,7,7,7,7,0.7,7,0,7,7,7,7,7,7
230,7,37,10,10,10,10,10,10,1,10,0,10,10,9,9,9,8
231,7,20,10,10,9,9,9,9,0.9,8,0.11,8,8,8,4,4,4
232,7,14,10,10,9,9,9,9,0.9,9,0,9,9,8,5,5,5
233,6,22,10,10,10,10,10,10,1,10,0,10,10,8,8,8,8
234,6,19,10,10,10,10,10,10,1,10,0,10,10,9,1,NA,NA
235,6,3,10,10,7,2,3,1,0.1,1,0,1,1,NA,NA,NA,NA
236,6,36,10,7,6,6,6,6,0.6,6,0,6,6,3,2,2,1
237,5,25,10,9,8,8,7,7,0.7,7,0,5,4,1,NA,NA,NA
238,5,10,10,9,7,7,7,7,0.7,7,0,6,6,3,3,3,3
239,5,6,10,9,7,7,4,4,0.4,4,0,4,4,4,2,2,2
240,5,5,10,9,5,4,4,4,0.4,3,0.25,2,1,NA,NA,NA,NA
241,8,18,8,6,4,2,2,1,0.13,1,0,1,1,NA,NA,NA,NA
242,8,5,7,7,3,3,1,2,0.29,2,0,2,0,NA,NA,NA,NA
243,8,20,10,10,10,10,10,10,1,10,0,9,9,9,5,2,2
244,8,16,5,4,4,3,2,2,0.4,2,0,2,2,2,2,NA,NA
245,7,26,10,9,9,8,8,8,0.8,7,0.13,7,7,5,5,4,4
246,7,34,10,10,9,9,9,9,0.9,7,0.22,7,7,7,7,7,7
247,7,19,10,10,10,10,10,10,1,8,0.2,8,5,6,NA,NA,NA
248,7,33,10,10,10,10,10,9,0.9,5,0.44,3,3,3,NA,NA,NA
249,6,25,10,10,9,9,9,9,0.9,7,0.22,5,5,4,NA,NA,NA
250,6,5,10,8,7,7,3,3,0.3,3,0,3,3,1,1,1,NA
251,6,28,10,10,10,10,10,10,1,10,0,10,9,8,8,8,8
252,6,17,10,9,7,7,7,7,0.7,5,0.29,5,5,NA,NA,NA,NA
253,5,7,10,10,10,9,8,8,0.8,8,0,7,6,3,NA,NA,NA
254,5,38,10,9,6,6,6,6,0.6,4,0.33,4,4,2,2,2,2
255,5,37,10,10,10,10,10,10,1,10,0,10,10,6,6,6,6
256,5,17,10,10,8,8,8,8,0.8,7,0.13,6,6,6,3,2,2
257,8,34,10,8,6,6,6,6,0.6,5,0.17,5,5,5,5,5,5
258,8,25,10,10,9,9,9,9,0.9,9,0,9,8,8,NA,NA,NA
259,8,13,10,9,7,7,7,6,0.6,6,0,6,6,6,4,4,4
260,8,12,10,10,10,10,10,10,1,10,0,10,10,10,8,6,3
261,7,15,10,10,6,6,5,5,0.5,4,0.2,4,4,3,NA,NA,NA
262,7,17,10,10,8,8,8,8,0.8,8,0,7,7,7,5,5,5
263,7,1,10,10,7,5,5,4,0.4,2,0.5,2,1,1,1,1,NA
264,7,12,10,10,10,10,10,10,1,10,0,10,10,10,8,5,5
265,6,5,10,10,6,6,6,5,0.5,5,0,5,5,5,2,2,2
266,6,4,10,10,10,10,10,10,1,10,0,10,10,8,8,7,7
267,6,18,10,10,9,9,9,8,0.8,7,0.13,7,7,1,1,NA,NA
268,6,30,10,10,5,4,4,4,0.4,4,0,4,4,2,2,1,NA
269,5,4,10,9,9,9,9,9,0.9,9,0,9,9,8,6,6,5
270,5,9,10,7,7,7,7,7,0.7,7,0,7,7,5,3,2,2
271,5,2,10,9,8,8,8,8,0.8,8,0,8,8,7,7,7,7
272,5,13,10,8,7,7,7,7,0.7,7,0,7,7,6,5,5,5
273,8,6,10,8,6,5,4,4,0.4,4,0,4,4,4,4,3,3
274,8,3,10,10,6,6,3,3,0.3,2,0.33,2,2,3,1,NA,NA
275,8,31,10,9,9,9,8,8,0.8,8,0,8,8,5,2,2,2
276,8,2,10,10,10,10,10,10,1,10,0,9,9,7,6,6,6
277,7,11,10,10,10,10,10,10,1,8,0.2,8,7,7,1,NA,NA
278,7,38,10,9,8,8,8,8,0.8,8,0,8,8,7,6,6,6
279,7,36,10,9,8,8,8,8,0.8,7,0.13,7,7,6,6,4,4
280,7,9,10,9,9,7,7,7,0.7,6,0.14,6,6,6,4,4,3
281,6,27,10,8,6,6,6,6,0.6,6,0,6,6,4,4,4,4
282,6,26,10,9,7,6,5,4,0.4,4,0,4,4,3,2,2,2
283,6,15,10,9,7,7,7,7,0.7,7,0,7,7,5,NA,NA,NA
284,6,16,10,10,10,10,9,9,0.9,9,0,9,9,5,1,1,1
285,5,31,10,9,8,8,8,8,0.8,8,0,8,8,7,2,2,2
286,5,18,10,10,8,8,8,5,0.5,5,0,5,5,1,1,1,1
287,5,36,10,9,8,8,7,7,0.7,7,0,7,7,2,2,2,2
288,5,33,10,8,7,7,7,7,0.7,4,0.43,3,3,2,NA,NA,NA
289,6,21,10,8,3,3,3,3,0.3,3,0,3,3,3,1,1,1
290,6,13,10,9,7,7,7,7,0.7,7,0,7,7,7,5,3,3
291,6,12,10,8,6,6,6,6,0.6,5,0.17,7,4,3,NA,NA,NA
292,6,1,10,8,6,5,5,5,0.5,3,0.4,3,1,NA,NA,NA,NA
293,5,24,10,8,5,5,5,5,0.5,5,0,5,5,2,NA,NA,NA
294,5,3,10,9,5,5,3,3,0.3,2,0.33,2,2,1,1,1,1
295,5,28,10,10,9,9,9,7,0.7,7,0,7,7,6,6,6,5
296,5,11,10,8,8,8,8,8,0.8,8,0,4,5,4,1,1,NA
