scrubbed_species_binomial,scrubbed_genus
Acanthocalycium ferrarii,Acanthocalycium
Acanthocalycium glaucum,Acanthocalycium
Acanthocalycium klimpelianum,Acanthocalycium
Acanthocalycium spiniflorum,Acanthocalycium
Acanthocalycium thionanthum,Acanthocalycium
Acanthocephala haselbergii,Acanthocephala
Acanthocereus baxaniensis,Acanthocereus
Acanthocereus chiapensis,Acanthocereus
Acanthocereus fosterianus,Acanthocereus
Acanthocereus hirschtianus,Acanthocereus
Acanthocereus horridus,Acanthocereus
Acanthocereus oaxacensis,Acanthocereus
Acanthocereus occidentalis,Acanthocereus
Acanthocereus rosei,Acanthocereus
Acanthocereus subinermis,Acanthocereus
Acanthocereus tetragonus,Acanthocereus
Acharagma aguirreanum,Acharagma
Acharagma roseanum,Acharagma
Airampoa albisaetacens,Airampoa
Airampoa ayrampo,Airampoa
Airampoa microdisca,Airampoa
Ancistrocactus brevihamatus,Ancistrocactus
Ancistrocactus scheeri,Ancistrocactus
Ancistrocactus tobuschii,Ancistrocactus
Anisocereus gaumeri,Anisocereus
Anisocereus lepidanthus,Anisocereus
Aporocactus flagelliformis,Aporocactus
Aporocactus martianus,Aporocactus
Ariocarpus agavoides,Ariocarpus
Ariocarpus bravoanus,Ariocarpus
Ariocarpus fissuratus,Ariocarpus
Ariocarpus kotschoubeyanus,Ariocarpus
Ariocarpus retusus,Ariocarpus
Ariocarpus scaphirostris,Ariocarpus
Armatocereus arduus,Armatocereus
Armatocereus balsasensis,Armatocereus
Armatocereus brevispinus,Armatocereus
Armatocereus cartwrightianus,Armatocereus
Armatocereus godingianus,Armatocereus
Armatocereus humilis,Armatocereus
Armatocereus laetus,Armatocereus
Armatocereus mataranus,Armatocereus
Armatocereus matucanensis,Armatocereus
Armatocereus oligogonus,Armatocereus
Armatocereus procerus,Armatocereus
Armatocereus rauhii,Armatocereus
Armatocereus riomajensis,Armatocereus
Armatocereus rupicola,Armatocereus
Arrojadoa bahiensis,Arrojadoa
Arrojadoa dinae,Arrojadoa
Arrojadoa eriocaulis,Arrojadoa
Arrojadoa heimenii,Arrojadoa
Arrojadoa hofackeriana,Arrojadoa
Arrojadoa marylaniae,Arrojadoa
Arrojadoa multiflora,Arrojadoa
Arrojadoa penicillata,Arrojadoa
Arrojadoa rhodantha,Arrojadoa
Arrojadoa x albiflora,Arrojadoa
Arthrocereus glaziovii,Arthrocereus
Arthrocereus melanurus,Arthrocereus
Arthrocereus mirabilis,Arthrocereus
Arthrocereus rondonianus,Arthrocereus
Arthrocereus spinosissimus,Arthrocereus
Astrophytum asterias,Astrophytum
Astrophytum aureum,Astrophytum
Astrophytum capricorne,Astrophytum
Astrophytum caput-medusae,Astrophytum
Astrophytum myriostigma,Astrophytum
Astrophytum ornatum,Astrophytum
Austrocactus bertinii,Austrocactus
Austrocactus coxii,Austrocactus
Austrocactus patagonicus,Austrocactus
Austrocactus philippii,Austrocactus
Austrocactus spiniflorus,Austrocactus
Austrocylindropuntia cylindrica,Austrocylindropuntia
Austrocylindropuntia floccosa,Austrocylindropuntia
Austrocylindropuntia lagopus,Austrocylindropuntia
Austrocylindropuntia miquelii,Austrocylindropuntia
Austrocylindropuntia pachypus,Austrocylindropuntia
Austrocylindropuntia shaferi,Austrocylindropuntia
Austrocylindropuntia subulata,Austrocylindropuntia
Austrocylindropuntia verschaffeltii,Austrocylindropuntia
Austrocylindropuntia vestita,Austrocylindropuntia
Aztekium hintonii,Aztekium
Aztekium ritteri,Aztekium
Backebergia militaris,Backebergia
Bergerocactus emoryi,Bergerocactus
Bisnaga latispinus,Bisnaga
Bisnaga macrodisca,Bisnaga
Blossfeldia liliputana,Blossfeldia
Borzicactus purpureus,Borzicactus
Borzicactus samnensis,Borzicactus
Brachycereus nesioticus,Brachycereus
Brasilicereus markgrafii,Brasilicereus
Brasilicereus phaeacanthus,Brasilicereus
Brasiliopuntia brasiliensis,Brasiliopuntia
Brasiliopuntia schulzii,Brasiliopuntia
Brittonrosea gladiata,Brittonrosea
Browningia albiceps,Browningia
Browningia altissima,Browningia
Browningia amstutziae,Browningia
Browningia caineana,Browningia
Browningia candelaris,Browningia
Browningia chlorocarpa,Browningia
Browningia columnaris,Browningia
Browningia hernandezii,Browningia
Browningia hertlingiana,Browningia
Browningia icaensis,Browningia
Browningia microsperma,Browningia
Browningia pilleifera,Browningia
Browningia riosaniensis,Browningia
Browningia utcubambensis,Browningia
Browningia viridis,Browningia
Cactus acanthophlegmus,Cactus
Cactus affinis,Cactus
Cactus atroruber,Cactus
Cactus atrosanguineus,Cactus
Cactus brownii,Cactus
Cactus euchlorus,Cactus
Cactus fellneri,Cactus
Cactus glaucus,Cactus
Cactus goodrichii,Cactus
Cactus hystrix,Cactus
Cactus krameri,Cactus
Cactus lanifer,Cactus
Cactus loricatus,Cactus
Cactus mitis,Cactus
Cactus muehlenpfordtii,Cactus
Cactus mutabilis,Cactus
Cactus neumannianus,Cactus
Cactus niger,Cactus
Cactus odieranus,Cactus
Cactus oothele,Cactus
Cactus polycentrus,Cactus
Cactus procerus,Cactus
Cactus purpureus,Cactus
Cactus pyrrhochroacanthus,Cactus
Cactus quadrispinus,Cactus
Cactus rhodeocentrus,Cactus
Cactus roseus,Cactus
Cactus rufidulus,Cactus
Cactus spectabilis,Cactus
Cactus stella-aurata,Cactus
Cactus tenuis,Cactus
Cactus triacanthus,Cactus
Cactus webbianus,Cactus
Cactus wegeneri,Cactus
Calymmanthium fertile,Calymmanthium
Calymmanthium substerile,Calymmanthium
Carnegiea gigantea,Carnegiea
Castellanosia caineana,Castellanosia
Cephalocereus apicicephalium,Cephalocereus
Cephalocereus columna-trajani,Cephalocereus
Cephalocereus euphorbioides,Cephalocereus
Cephalocereus exerens,Cephalocereus
Cephalocereus fulviceps,Cephalocereus
Cephalocereus macrocephalus,Cephalocereus
Cephalocereus mezcalaensis,Cephalocereus
Cephalocereus nizandensis,Cephalocereus
Cephalocereus nudus,Cephalocereus
Cephalocereus polylophus,Cephalocereus
Cephalocereus remolinensis,Cephalocereus
Cephalocereus rhodanthus,Cephalocereus
Cephalocereus scoparius,Cephalocereus
Cephalocereus senilis,Cephalocereus
Cephalocereus tetazo,Cephalocereus
Cephalocereus tetetzo,Cephalocereus
Cephalocereus totolapensis,Cephalocereus
Cereus adelmarii,Cereus
Cereus aethiops,Cereus
Cereus albicaulis,Cereus
Cereus amazonicus,Cereus
Cereus argentinensis,Cereus
Cereus bicolor,Cereus
Cereus braunii,Cereus
Cereus childsii,Cereus
Cereus cochabambensis,Cereus
Cereus colosseus,Cereus
Cereus comarapanus,Cereus
Cereus crispatus,Cereus
Cereus diffusus,Cereus
Cereus eburneus,Cereus
Cereus enneacanthus,Cereus
Cereus estevesii,Cereus
Cereus fernambucensis,Cereus
Cereus forbesii,Cereus
Cereus fricii,Cereus
Cereus grandicostatus,Cereus
Cereus haageanus,Cereus
Cereus haenkeanus,Cereus
Cereus hankeanus,Cereus
Cereus hertrichianus,Cereus
Cereus hexagonus,Cereus
Cereus hildmannianus,Cereus
Cereus horrispinus,Cereus
Cereus houlletii,Cereus
Cereus huilunchu,Cereus
Cereus insularis,Cereus
Cereus jamacaru,Cereus
Cereus kroenleinii,Cereus
Cereus lamprospermus,Cereus
Cereus lanosus,Cereus
Cereus mirabella,Cereus
Cereus mortensenii,Cereus
Cereus nashii,Cereus
Cereus pachyrrhizus,Cereus
Cereus paraguayensis,Cereus
Cereus peruvianus,Cereus
Cereus phatnospermus,Cereus
Cereus phoeniceus,Cereus
Cereus pierrebraunianus,Cereus
Cereus polyachaetus,Cereus
Cereus repandus,Cereus
Cereus ridleii,Cereus
Cereus robinii,Cereus
Cereus saddianus,Cereus
Cereus spegazzinii,Cereus
Cereus stenogonus,Cereus
Cereus tacuaralensis,Cereus
Cereus trigonodendron,Cereus
Cereus uruguayanus,Cereus
Cereus validus,Cereus
Cereus vargasianus,Cereus
Cereus yungasensis,Cereus
Chilenia occulta,Chilenia
Chileorebutia reichei,Chileorebutia
Cipocereus bradei,Cipocereus
Cipocereus crassisepalus,Cipocereus
Cipocereus laniflorus,Cipocereus
Cipocereus minensis,Cipocereus
Cipocereus pleurocarpus,Cipocereus
Cipocereus pusilliflorus,Cipocereus
Cleistocactus acanthurus,Cleistocactus
Cleistocactus baumannii,Cleistocactus
Cleistocactus brookeae,Cleistocactus
Cleistocactus buchtienii,Cleistocactus
Cleistocactus candelilla,Cleistocactus
Cleistocactus chotaensis,Cleistocactus
Cleistocactus chrysocephalus,Cleistocactus
Cleistocactus clavispinus,Cleistocactus
Cleistocactus ferrarii,Cleistocactus
Cleistocactus fieldianus,Cleistocactus
Cleistocactus granditessellatus,Cleistocactus
Cleistocactus grossei,Cleistocactus
Cleistocactus hildegardiae,Cleistocactus
Cleistocactus hoffmannii,Cleistocactus
Cleistocactus hyalacanthus,Cleistocactus
Cleistocactus hystrix,Cleistocactus
Cleistocactus icosagonus,Cleistocactus
Cleistocactus jajoanus,Cleistocactus
Cleistocactus laniceps,Cleistocactus
Cleistocactus leonensis,Cleistocactus
Cleistocactus longiserpens,Cleistocactus
Cleistocactus luribayensis,Cleistocactus
Cleistocactus morawetzianus,Cleistocactus
Cleistocactus muyurinensis,Cleistocactus
Cleistocactus neoroezlii,Cleistocactus
Cleistocactus orthogonus,Cleistocactus
Cleistocactus pachycladus,Cleistocactus
Cleistocactus palhuayensis,Cleistocactus
Cleistocactus paraguariensis,Cleistocactus
Cleistocactus parapetiensis,Cleistocactus
Cleistocactus parviflorus,Cleistocactus
Cleistocactus peculiaris,Cleistocactus
Cleistocactus piraymirensis,Cleistocactus
Cleistocactus plagiostoma,Cleistocactus
Cleistocactus pungens,Cleistocactus
Cleistocactus reae,Cleistocactus
Cleistocactus ritteri,Cleistocactus
Cleistocactus roezlii,Cleistocactus
Cleistocactus roseiflorus,Cleistocactus
Cleistocactus samaipatanus,Cleistocactus
Cleistocactus sepium,Cleistocactus
Cleistocactus serpens,Cleistocactus
Cleistocactus sextonianus,Cleistocactus
Cleistocactus smaragdiflorus,Cleistocactus
Cleistocactus strausii,Cleistocactus
Cleistocactus sulcifer,Cleistocactus
Cleistocactus tenuiserpens,Cleistocactus
Cleistocactus tominensis,Cleistocactus
Cleistocactus tupizensis,Cleistocactus
Cleistocactus variispinus,Cleistocactus
Cleistocactus winteri,Cleistocactus
Cleistocactus x rojoi,Cleistocactus
Cleistocactus xylorhizus,Cleistocactus
Cochemiea halei,Cochemiea
Cochemiea pondii,Cochemiea
Cochemiea poselgeri,Cochemiea
Coleocephalocereus aureus,Coleocephalocereus
Coleocephalocereus braunii,Coleocephalocereus
Coleocephalocereus buxbaumianus,Coleocephalocereus
Coleocephalocereus decumbens,Coleocephalocereus
Coleocephalocereus diersianus,Coleocephalocereus
Coleocephalocereus estevesii,Coleocephalocereus
Coleocephalocereus fluminensis,Coleocephalocereus
Coleocephalocereus goebelianus,Coleocephalocereus
Coleocephalocereus pluricostatus,Coleocephalocereus
Coleocephalocereus purpureus,Coleocephalocereus
Coleocephalocereus uebelmanniorum,Coleocephalocereus
Consolea corallicola,Consolea
Consolea falcata,Consolea
Consolea macracantha,Consolea
Consolea microcarpa,Consolea
Consolea millspaughii,Consolea
Consolea moniliformis,Consolea
Consolea nashii,Consolea
Consolea rubescens,Consolea
Consolea spinosissima,Consolea
Copiapoa ahremephiana,Copiapoa
Copiapoa alticostata,Copiapoa
Copiapoa angustiflora,Copiapoa
Copiapoa aphanes,Copiapoa
Copiapoa boliviana,Copiapoa
Copiapoa bridgesii,Copiapoa
Copiapoa calderana,Copiapoa
Copiapoa chanaralensis,Copiapoa
Copiapoa cinerascens,Copiapoa
Copiapoa cinerea,Copiapoa
Copiapoa coquimbana,Copiapoa
Copiapoa dealbata,Copiapoa
Copiapoa decorticans,Copiapoa
Copiapoa echinata,Copiapoa
Copiapoa echinoides,Copiapoa
Copiapoa eremophila,Copiapoa
Copiapoa fiedleriana,Copiapoa
Copiapoa grandiflora,Copiapoa
Copiapoa humilis,Copiapoa
Copiapoa hypogaea,Copiapoa
Copiapoa krainziana,Copiapoa
Copiapoa laui,Copiapoa
Copiapoa longistaminea,Copiapoa
Copiapoa malletiana,Copiapoa
Copiapoa marginata,Copiapoa
Copiapoa megarhiza,Copiapoa
Copiapoa montana,Copiapoa
Copiapoa pendulina,Copiapoa
Copiapoa rarissima,Copiapoa
Copiapoa rupestris,Copiapoa
Copiapoa serpentisulcata,Copiapoa
Copiapoa solaris,Copiapoa
Copiapoa taltalensis,Copiapoa
Copiapoa tocopillana,Copiapoa
Copiapoa varispinata,Copiapoa
Corryocactus acervatus,Corryocactus
Corryocactus apiciflorus,Corryocactus
Corryocactus aureus,Corryocactus
Corryocactus ayacuchoensis,Corryocactus
Corryocactus ayopayanus,Corryocactus
Corryocactus brachycladus,Corryocactus
Corryocactus brachypetalus,Corryocactus
Corryocactus brevispinus,Corryocactus
Corryocactus brevistylus,Corryocactus
Corryocactus chachapoyensis,Corryocactus
Corryocactus charazanensis,Corryocactus
Corryocactus chavinilloensis,Corryocactus
Corryocactus cuajonesensis,Corryocactus
Corryocactus erectus,Corryocactus
Corryocactus gracilis,Corryocactus
Corryocactus heteracanthus,Corryocactus
Corryocactus huincoensis,Corryocactus
Corryocactus matucanensis,Corryocactus
Corryocactus megarhizus,Corryocactus
Corryocactus melaleucus,Corryocactus
Corryocactus melanotrichus,Corryocactus
Corryocactus odoratus,Corryocactus
Corryocactus otuyensis,Corryocactus
Corryocactus perezianus,Corryocactus
Corryocactus pilispinus,Corryocactus
Corryocactus prostratus,Corryocactus
Corryocactus pulquinensis,Corryocactus
Corryocactus puquiensis,Corryocactus
Corryocactus pyroporphyranthus,Corryocactus
Corryocactus quivillanus,Corryocactus
Corryocactus serpens,Corryocactus
Corryocactus solitarius,Corryocactus
Corryocactus squarrosus,Corryocactus
Corryocactus tarijensis,Corryocactus
Corryocactus tenuiculus,Corryocactus
Corynopuntia aggeria,Corynopuntia
Corynopuntia bulbispina,Corynopuntia
Corynopuntia clavata,Corynopuntia
Corynopuntia emoryi,Corynopuntia
Corynopuntia grahamii,Corynopuntia
Corynopuntia invicta,Corynopuntia
Corynopuntia marenae,Corynopuntia
Corynopuntia moelleri,Corynopuntia
Corynopuntia parishii,Corynopuntia
Corynopuntia reflexispina,Corynopuntia
Corynopuntia schottii,Corynopuntia
Corynopuntia vilis,Corynopuntia
Coryphantha alversonii,Coryphantha
Coryphantha bella,Coryphantha
Coryphantha chaffeyi,Coryphantha
Coryphantha chihuahuensis,Coryphantha
Coryphantha chlorantha,Coryphantha
Coryphantha clava,Coryphantha
Coryphantha clavata,Coryphantha
Coryphantha compacta,Coryphantha
Coryphantha cornifera,Coryphantha
Coryphantha cubensis,Coryphantha
Coryphantha dasyacantha,Coryphantha
Coryphantha delaetiana,Coryphantha
Coryphantha delicata,Coryphantha
Coryphantha difficilis,Coryphantha
Coryphantha duncanii,Coryphantha
Coryphantha durangensis,Coryphantha
Coryphantha echinoidea,Coryphantha
Coryphantha echinus,Coryphantha
Coryphantha elephantidens,Coryphantha
Coryphantha erecta,Coryphantha
Coryphantha georgii,Coryphantha
Coryphantha glanduligera,Coryphantha
Coryphantha glassii,Coryphantha
Coryphantha gracilis,Coryphantha
Coryphantha guerkeana,Coryphantha
Coryphantha hesteri,Coryphantha
Coryphantha hintoniorum,Coryphantha
Coryphantha jalpanensis,Coryphantha
Coryphantha kracikii,Coryphantha
Coryphantha laredoi,Coryphantha
Coryphantha lloydii,Coryphantha
Coryphantha longicornis,Coryphantha
Coryphantha macromeris,Coryphantha
Coryphantha maiz-tablasensis,Coryphantha
Coryphantha melleospina,Coryphantha
Coryphantha minima,Coryphantha
Coryphantha missouriensis,Coryphantha
Coryphantha neglecta,Coryphantha
Coryphantha nickelsiae,Coryphantha
Coryphantha obscura,Coryphantha
Coryphantha octacantha,Coryphantha
Coryphantha odorata,Coryphantha
Coryphantha ottonis,Coryphantha
Coryphantha pallida,Coryphantha
Coryphantha poselgeriana,Coryphantha
Coryphantha potosiana,Coryphantha
Coryphantha pottsiana,Coryphantha
Coryphantha pseudoechinus,Coryphantha
Coryphantha pseudonickelsae,Coryphantha
Coryphantha pseudonickelsiae,Coryphantha
Coryphantha pseudoradians,Coryphantha
Coryphantha pulleineana,Coryphantha
Coryphantha pycnacantha,Coryphantha
Coryphantha radians,Coryphantha
Coryphantha ramillosa,Coryphantha
Coryphantha recurvata,Coryphantha
Coryphantha reduncuspina,Coryphantha
Coryphantha retusa,Coryphantha
Coryphantha robbinsorum,Coryphantha
Coryphantha robertii,Coryphantha
Coryphantha robustispina,Coryphantha
Coryphantha salinensis,Coryphantha
Coryphantha salm-dyckiana,Coryphantha
Coryphantha scheeri,Coryphantha
Coryphantha sneedii,Coryphantha
Coryphantha strobiliformis,Coryphantha
Coryphantha sulcata,Coryphantha
Coryphantha tripugionacantha,Coryphantha
Coryphantha tuberculosa,Coryphantha
Coryphantha unicornis,Coryphantha
Coryphantha vaupeliana,Coryphantha
Coryphantha vivipara,Coryphantha
Coryphantha vogtherriana,Coryphantha
Coryphantha werdermannii,Coryphantha
Coryphantha wohlschlageri,Coryphantha
Coryphantha zilziana,Coryphantha
Cumarinia odorata,Cumarinia
Cumulopuntia berteroi,Cumulopuntia
Cumulopuntia boliviana,Cumulopuntia
Cumulopuntia chichensis,Cumulopuntia
Cumulopuntia corotilla,Cumulopuntia
Cumulopuntia dactylifera,Cumulopuntia
Cumulopuntia frigida,Cumulopuntia
Cumulopuntia galerasensis,Cumulopuntia
Cumulopuntia hystrix,Cumulopuntia
Cumulopuntia mistiensis,Cumulopuntia
Cumulopuntia pentlandii,Cumulopuntia
Cumulopuntia recurvata,Cumulopuntia
Cumulopuntia rossiana,Cumulopuntia
Cumulopuntia sphaerica,Cumulopuntia
Cumulopuntia tortispina,Cumulopuntia
Cumulopuntia tubercularis,Cumulopuntia
Cumulopuntia tumida,Cumulopuntia
Cumulopuntia zehnderi,Cumulopuntia
Cylindropuntia abysii,Cylindropuntia
Cylindropuntia abyssi,Cylindropuntia
Cylindropuntia acanthocarpa,Cylindropuntia
Cylindropuntia alcahes,Cylindropuntia
Cylindropuntia anteojoensis,Cylindropuntia
Cylindropuntia arbuscula,Cylindropuntia
Cylindropuntia bigelovii,Cylindropuntia
Cylindropuntia californica,Cylindropuntia
Cylindropuntia calmalliana,Cylindropuntia
Cylindropuntia caribaea,Cylindropuntia
Cylindropuntia cholla,Cylindropuntia
Cylindropuntia ciribe,Cylindropuntia
Cylindropuntia davisii,Cylindropuntia
Cylindropuntia echinocarpa,Cylindropuntia
Cylindropuntia fosbergii,Cylindropuntia
Cylindropuntia fulgida,Cylindropuntia
Cylindropuntia ganderi,Cylindropuntia
Cylindropuntia hystrix,Cylindropuntia
Cylindropuntia imbricata,Cylindropuntia
Cylindropuntia kleiniae,Cylindropuntia
Cylindropuntia leptocaulis,Cylindropuntia
Cylindropuntia lindsayi,Cylindropuntia
Cylindropuntia molesta,Cylindropuntia
Cylindropuntia munzii,Cylindropuntia
Cylindropuntia parryi,Cylindropuntia
Cylindropuntia prolifera,Cylindropuntia
Cylindropuntia ramosissima,Cylindropuntia
Cylindropuntia rosea,Cylindropuntia
Cylindropuntia sanfelipensis,Cylindropuntia
Cylindropuntia santamaria,Cylindropuntia
Cylindropuntia spinosior,Cylindropuntia
Cylindropuntia tesajo,Cylindropuntia
Cylindropuntia thurberi,Cylindropuntia
Cylindropuntia tunicata,Cylindropuntia
Cylindropuntia versicolor,Cylindropuntia
Cylindropuntia whipplei,Cylindropuntia
Cylindropuntia wolfii,Cylindropuntia
Cylindropuntia x deserta,Cylindropuntia
Cylindropuntia x kelvinensis,Cylindropuntia
Cylindropuntia x neoarbuscula,Cylindropuntia
Cylindropuntia x vivipara,Cylindropuntia
Cylindropuntia xkelvinensis,Cylindropuntia
Cylindropuntia xvivipara,Cylindropuntia
Deamia chontalensis,Deamia
Deamia testudo,Deamia
Dendrocereus nudiflorus,Dendrocereus
Dendrocereus undulosus,Dendrocereus
Denmoza rhodacantha,Denmoza
Discocactus bahiensis,Discocactus
Discocactus catingicola,Discocactus
Discocactus diersianus,Discocactus
Discocactus ferricola,Discocactus
Discocactus flagriformis,Discocactus
Discocactus hartmannii,Discocactus
Discocactus heptacanthus,Discocactus
Discocactus horstii,Discocactus
Discocactus placentiformis,Discocactus
Discocactus pseudoinsignis,Discocactus
Discocactus zehntneri,Discocactus
Disocactus ackermannii,Disocactus
Disocactus anguliger,Disocactus
Disocactus aurantiacus,Disocactus
Disocactus biformis,Disocactus
Disocactus cinnabarinus,Disocactus
Disocactus crenatus,Disocactus
Disocactus eichlamii,Disocactus
Disocactus flagelliformis,Disocactus
Disocactus kimnachii,Disocactus
Disocactus lepidocarpus,Disocactus
Disocactus macdougallii,Disocactus
Disocactus macranthus,Disocactus
Disocactus martianus,Disocactus
Disocactus nelsonii,Disocactus
Disocactus phyllanthoides,Disocactus
Disocactus quezaltecus,Disocactus
Disocactus schrankii,Disocactus
Disocactus speciosus,Disocactus
Eccremocactus bradei,Eccremocactus
Echinocactus acanthodes,Echinocactus
Echinocactus decaisnei,Echinocactus
Echinocactus gibbosus,Echinocactus
Echinocactus grusonii,Echinocactus
Echinocactus horizonthalonius,Echinocactus
Echinocactus johnsonii,Echinocactus
Echinocactus lemairei,Echinocactus
Echinocactus parryi,Echinocactus
Echinocactus platyacanthus,Echinocactus
Echinocactus polycephalus,Echinocactus
Echinocactus pulverulentus,Echinocactus
Echinocactus sellowii,Echinocactus
Echinocactus texensis,Echinocactus
Echinocereus adustus,Echinocereus
Echinocereus apachensis,Echinocereus
Echinocereus arizonicus,Echinocereus
Echinocereus armatus,Echinocereus
Echinocereus barthelowanus,Echinocereus
Echinocereus berlandieri,Echinocereus
Echinocereus bonkerae,Echinocereus
Echinocereus boyce-thompsonii,Echinocereus
Echinocereus brandegeei,Echinocereus
Echinocereus bristolii,Echinocereus
Echinocereus chaletii,Echinocereus
Echinocereus chisoensis,Echinocereus
Echinocereus chisosensis,Echinocereus
Echinocereus chloranthus,Echinocereus
Echinocereus cinerascens,Echinocereus
Echinocereus coccineus,Echinocereus
Echinocereus dasyacanthus,Echinocereus
Echinocereus davisii,Echinocereus
Echinocereus delaetii,Echinocereus
Echinocereus engelmannii,Echinocereus
Echinocereus enneacanthus,Echinocereus
Echinocereus fasciculatus,Echinocereus
Echinocereus fendleri,Echinocereus
Echinocereus ferreirianus,Echinocereus
Echinocereus grandis,Echinocereus
Echinocereus klapperi,Echinocereus
Echinocereus knippelianus,Echinocereus
Echinocereus kroenleinii,Echinocereus
Echinocereus laui,Echinocereus
Echinocereus ledingii,Echinocereus
Echinocereus leucanthus,Echinocereus
Echinocereus lindsayi,Echinocereus
Echinocereus llanuraensis,Echinocereus
Echinocereus lloydii,Echinocereus
Echinocereus longisetus,Echinocereus
Echinocereus mapimiensis,Echinocereus
Echinocereus maritimus,Echinocereus
Echinocereus mojavensis,Echinocereus
Echinocereus nicholii,Echinocereus
Echinocereus nivosus,Echinocereus
Echinocereus occidentalis,Echinocereus
Echinocereus ortegae,Echinocereus
Echinocereus palmeri,Echinocereus
Echinocereus pamanesiorum,Echinocereus
Echinocereus papillosus,Echinocereus
Echinocereus parkeri,Echinocereus
Echinocereus pectinatus,Echinocereus
Echinocereus pensilis,Echinocereus
Echinocereus pentalophus,Echinocereus
Echinocereus phoeniceus,Echinocereus
Echinocereus pleiogonus,Echinocereus
Echinocereus polyacanthus,Echinocereus
Echinocereus poselgeri,Echinocereus
Echinocereus primolanatus,Echinocereus
Echinocereus pseudopectinatus,Echinocereus
Echinocereus pulchellus,Echinocereus
Echinocereus rayonesensis,Echinocereus
Echinocereus reichenbachii,Echinocereus
Echinocereus rigidissimus,Echinocereus
Echinocereus rischeri,Echinocereus
Echinocereus russanthus,Echinocereus
Echinocereus scheeri,Echinocereus
Echinocereus schereri,Echinocereus
Echinocereus schmollii,Echinocereus
Echinocereus sciurus,Echinocereus
Echinocereus scopulorum,Echinocereus
Echinocereus spinigemmatus,Echinocereus
Echinocereus stolonifer,Echinocereus
Echinocereus stoloniferus,Echinocereus
Echinocereus stramineus,Echinocereus
Echinocereus subinermis,Echinocereus
Echinocereus topiensis,Echinocereus
Echinocereus triglochidiatus,Echinocereus
Echinocereus viereckii,Echinocereus
Echinocereus viridiflorus,Echinocereus
Echinocereus websterianus,Echinocereus
Echinocereus x roetteri,Echinocereus
Echinocereus x roetteri var. neomexicanus,Echinocereus
Echinocereus xroetteri,Echinocereus
Echinocereus yavapaiensis,Echinocereus
Echinomastus erectocentrus,Echinomastus
Echinomastus gautii,Echinomastus
Echinomastus intertextus,Echinomastus
Echinomastus johnsonii,Echinomastus
Echinomastus mariposensis,Echinomastus
Echinomastus unguispinus,Echinomastus
Echinomastus warnockii,Echinomastus
Echinopsis adolfofriedrichii,Echinopsis
Echinopsis albispinosa,Echinopsis
Echinopsis ancistrophora,Echinopsis
Echinopsis angelesiae,Echinopsis
Echinopsis antezanae,Echinopsis
Echinopsis apiculata,Echinopsis
Echinopsis arachnacantha,Echinopsis
Echinopsis arboricola,Echinopsis
Echinopsis arebaloi,Echinopsis
Echinopsis atacamensis,Echinopsis
Echinopsis aurea,Echinopsis
Echinopsis backebergii,Echinopsis
Echinopsis baldiana,Echinopsis
Echinopsis bertramiana,Echinopsis
Echinopsis bolligeriana,Echinopsis
Echinopsis boyuibensis,Echinopsis
Echinopsis brasiliensis,Echinopsis
Echinopsis bridgesii,Echinopsis
Echinopsis caineana,Echinopsis
Echinopsis cajasensis,Echinopsis
Echinopsis calliantholilacina,Echinopsis
Echinopsis callichroma,Echinopsis
Echinopsis calochlora,Echinopsis
Echinopsis camarguensis,Echinopsis
Echinopsis candicans,Echinopsis
Echinopsis caulescens,Echinopsis
Echinopsis cephalomacrostibas,Echinopsis
Echinopsis chalaensis,Echinopsis
Echinopsis chamaecereus,Echinopsis
Echinopsis chiloensis,Echinopsis
Echinopsis chrysantha,Echinopsis
Echinopsis chrysochete,Echinopsis
Echinopsis cinnabarina,Echinopsis
Echinopsis cochabambensis,Echinopsis
Echinopsis comarapana,Echinopsis
Echinopsis conaconensis,Echinopsis
Echinopsis coquimbana,Echinopsis
Echinopsis coronata,Echinopsis
Echinopsis cotacajesii,Echinopsis
Echinopsis crassicaulis,Echinopsis
Echinopsis cristata,Echinopsis
Echinopsis cuzcoensis,Echinopsis
Echinopsis decaisneana,Echinopsis
Echinopsis densispina,Echinopsis
Echinopsis derenbergii,Echinopsis
Echinopsis deserticola,Echinopsis
Echinopsis escayachensis,Echinopsis
Echinopsis eyriesii,Echinopsis
Echinopsis fabrisii,Echinopsis
Echinopsis famatimensis,Echinopsis
Echinopsis ferox,Echinopsis
Echinopsis formosa,Echinopsis
Echinopsis friedrichii,Echinopsis
Echinopsis glauca,Echinopsis
Echinopsis graciliflora,Echinopsis
Echinopsis guentheri,Echinopsis
Echinopsis haematantha,Echinopsis
Echinopsis hahniana,Echinopsis
Echinopsis hammerschmidii,Echinopsis
Echinopsis hertrichiana,Echinopsis
Echinopsis huascha,Echinopsis
Echinopsis huotii,Echinopsis
Echinopsis hystrichoides,Echinopsis
Echinopsis ibicuatensis,Echinopsis
Echinopsis kladiwaiana,Echinopsis
Echinopsis klingleriana,Echinopsis
Echinopsis knuthiana,Echinopsis
Echinopsis lageniformis,Echinopsis
Echinopsis lamprochlora,Echinopsis
Echinopsis lateritia,Echinopsis
Echinopsis leucantha,Echinopsis
Echinopsis litoralis,Echinopsis
Echinopsis longispina,Echinopsis
Echinopsis macrogona,Echinopsis
Echinopsis mamillosa,Echinopsis
Echinopsis marsoneri,Echinopsis
Echinopsis mataranensis,Echinopsis
Echinopsis maximiliana,Echinopsis
Echinopsis meyeri,Echinopsis
Echinopsis mieckleyi,Echinopsis
Echinopsis minuana,Echinopsis
Echinopsis mirabilis,Echinopsis
Echinopsis molesta,Echinopsis
Echinopsis multiplex,Echinopsis
Echinopsis nigra,Echinopsis
Echinopsis obrepanda,Echinopsis
Echinopsis oligotricha,Echinopsis
Echinopsis oxygona,Echinopsis
Echinopsis pachanoi,Echinopsis
Echinopsis pampana,Echinopsis
Echinopsis pamparuizii,Echinopsis
Echinopsis pasacana,Echinopsis
Echinopsis pentlandii,Echinopsis
Echinopsis peruviana,Echinopsis
Echinopsis pseudomamillosa,Echinopsis
Echinopsis pugionacantha,Echinopsis
Echinopsis puquiensis,Echinopsis
Echinopsis quadratiumbonata,Echinopsis
Echinopsis rhodacantha,Echinopsis
Echinopsis rhodotricha,Echinopsis
Echinopsis riviere-de-caraltii,Echinopsis
Echinopsis rojasii,Echinopsis
Echinopsis roseo-lilacina,Echinopsis
Echinopsis saltensis,Echinopsis
Echinopsis sanguiniflora,Echinopsis
Echinopsis santaensis,Echinopsis
Echinopsis schickendantzii,Echinopsis
Echinopsis schieliana,Echinopsis
Echinopsis schoenii,Echinopsis
Echinopsis scopulicola,Echinopsis
Echinopsis serpentina,Echinopsis
Echinopsis silvestrii,Echinopsis
Echinopsis smrziana,Echinopsis
Echinopsis spachiana,Echinopsis
Echinopsis spinibarbis,Echinopsis
Echinopsis strigosa,Echinopsis
Echinopsis subdenudata,Echinopsis
Echinopsis sucrensis,Echinopsis
Echinopsis tacaquirensis,Echinopsis
Echinopsis taratensis,Echinopsis
Echinopsis tarijensis,Echinopsis
Echinopsis tarmaensis,Echinopsis
Echinopsis tegeleriana,Echinopsis
Echinopsis terscheckii,Echinopsis
Echinopsis thelegona,Echinopsis
Echinopsis thelegonoides,Echinopsis
Echinopsis thionantha,Echinopsis
Echinopsis tiegeliana,Echinopsis
Echinopsis trichosa,Echinopsis
Echinopsis tubiflora,Echinopsis
Echinopsis tulhuayacensis,Echinopsis
Echinopsis tunariensis,Echinopsis
Echinopsis uyupampensis,Echinopsis
Echinopsis vasquezii,Echinopsis
Echinopsis volliana,Echinopsis
Echinopsis walteri,Echinopsis
Echinopsis werdermannii,Echinopsis
Echinopsis x cabrerae,Echinopsis
Echinopsis yuquina,Echinopsis
Emorycactus xeranthemoides,Emorycactus
Epiphyllum anguliger,Epiphyllum
Epiphyllum baueri,Epiphyllum
Epiphyllum cartagense,Epiphyllum
Epiphyllum chrysocardium,Epiphyllum
Epiphyllum crenatum,Epiphyllum
Epiphyllum floribundum,Epiphyllum
Epiphyllum grandilobum,Epiphyllum
Epiphyllum hookeri,Epiphyllum
Epiphyllum laui,Epiphyllum
Epiphyllum lepidocarpum,Epiphyllum
Epiphyllum macropterum,Epiphyllum
Epiphyllum oxypetalum,Epiphyllum
Epiphyllum phyllanthus,Epiphyllum
Epiphyllum pumilum,Epiphyllum
Epiphyllum thomasianum,Epiphyllum
Epiphyllum trimetrale,Epiphyllum
Epithelantha bokei,Epithelantha
Epithelantha micromeris,Epithelantha
Erdisia quadrangularis,Erdisia
Eriosyce aerocarpa,Eriosyce
Eriosyce andreaeana,Eriosyce
Eriosyce armata,Eriosyce
Eriosyce aspillagae,Eriosyce
Eriosyce atroviridis,Eriosyce
Eriosyce aurata,Eriosyce
Eriosyce bulbocalyx,Eriosyce
Eriosyce calderana,Eriosyce
Eriosyce caligophila,Eriosyce
Eriosyce castanea,Eriosyce
Eriosyce ceratistes,Eriosyce
Eriosyce chilensis,Eriosyce
Eriosyce confinis,Eriosyce
Eriosyce crispa,Eriosyce
Eriosyce curvispina,Eriosyce
Eriosyce duripulpa,Eriosyce
Eriosyce engleri,Eriosyce
Eriosyce eriosyzoides,Eriosyce
Eriosyce esmeraldana,Eriosyce
Eriosyce fankhauseri,Eriosyce
Eriosyce fulva,Eriosyce
Eriosyce garaventae,Eriosyce
Eriosyce glabrescens,Eriosyce
Eriosyce heinrichiana,Eriosyce
Eriosyce ihotzkyanae,Eriosyce
Eriosyce iquiquensis,Eriosyce
Eriosyce islayensis,Eriosyce
Eriosyce krausii,Eriosyce
Eriosyce kunzei,Eriosyce
Eriosyce lapampaensis,Eriosyce
Eriosyce laui,Eriosyce
Eriosyce limariensis,Eriosyce
Eriosyce malleolata,Eriosyce
Eriosyce marksiana,Eriosyce
Eriosyce megacarpa,Eriosyce
Eriosyce napina,Eriosyce
Eriosyce occulta,Eriosyce
Eriosyce odieri,Eriosyce
Eriosyce omasensis,Eriosyce
Eriosyce paucicostata,Eriosyce
Eriosyce pygmaea,Eriosyce
Eriosyce recondita,Eriosyce
Eriosyce rodentiophila,Eriosyce
Eriosyce senilis,Eriosyce
Eriosyce simulans,Eriosyce
Eriosyce sociabilis,Eriosyce
Eriosyce spinosior,Eriosyce
Eriosyce strausiana,Eriosyce
Eriosyce subgibbosa,Eriosyce
Eriosyce taltalensis,Eriosyce
Eriosyce umadeave,Eriosyce
Eriosyce vertongenii,Eriosyce
Eriosyce villicumensis,Eriosyce
Eriosyce villosa,Eriosyce
Escobaria aguirreana,Escobaria
Escobaria albicolumnaria,Escobaria
Escobaria alversonii,Escobaria
Escobaria chihuahuensis,Escobaria
Escobaria cubensis,Escobaria
Escobaria dasyacantha,Escobaria
Escobaria deserti,Escobaria
Escobaria duncanii,Escobaria
Escobaria emskoetteriana,Escobaria
Escobaria guadalupensis,Escobaria
Escobaria henricksonii,Escobaria
Escobaria hesteri,Escobaria
Escobaria laredoi,Escobaria
Escobaria lloydii,Escobaria
Escobaria minima,Escobaria
Escobaria missouriensis,Escobaria
Escobaria orcuttii,Escobaria
Escobaria organensis,Escobaria
Escobaria robbinsiorum,Escobaria
Escobaria robbinsorum,Escobaria
Escobaria roseana,Escobaria
Escobaria sandbergii,Escobaria
Escobaria sneedii,Escobaria
Escobaria tuberculosa,Escobaria
Escobaria villardii,Escobaria
Escobaria vivipara,Escobaria
Escobaria zilziana,Escobaria
Escontria chiotilla,Escontria
Espostoa baumannii,Espostoa
Espostoa blossfeldiorum,Espostoa
Espostoa calva,Espostoa
Espostoa frutescens,Espostoa
Espostoa guentheri,Espostoa
Espostoa haagei,Espostoa
Espostoa huanucoensis,Espostoa
Espostoa hylaea,Espostoa
Espostoa lanata,Espostoa
Espostoa lanianuligera,Espostoa
Espostoa melanostele,Espostoa
Espostoa mirabilis,Espostoa
Espostoa nana,Espostoa
Espostoa ritteri,Espostoa
Espostoa ruficeps,Espostoa
Espostoa senilis,Espostoa
Espostoa superba,Espostoa
Espostoa utcubambensis,Espostoa
Espostoopsis dybowskii,Espostoopsis
Estevesia alex-bragae,Estevesia
Eulychnia acida,Eulychnia
Eulychnia aricensis,Eulychnia
Eulychnia breviflora,Eulychnia
Eulychnia castanea,Eulychnia
Eulychnia iquiquensis,Eulychnia
Eulychnia ritteri,Eulychnia
Eulychnia saint-pieana,Eulychnia
Facheiroa cephaliomelana,Facheiroa
Facheiroa squamosa,Facheiroa
Facheiroa ulei,Facheiroa
Ferocactus acanthodes,Ferocactus
Ferocactus alamosanus,Ferocactus
Ferocactus chrysacanthus,Ferocactus
Ferocactus cylindraceus,Ferocactus
Ferocactus diguetii,Ferocactus
Ferocactus eastwoodiae,Ferocactus
Ferocactus echidne,Ferocactus
Ferocactus emoryi,Ferocactus
Ferocactus flavovirens,Ferocactus
Ferocactus fordii,Ferocactus
Ferocactus glaucescens,Ferocactus
Ferocactus gracilis,Ferocactus
Ferocactus haematacanthus,Ferocactus
Ferocactus hamatacanthus,Ferocactus
Ferocactus herrerae,Ferocactus
Ferocactus histrix,Ferocactus
Ferocactus johnstonianus,Ferocactus
Ferocactus latispinus,Ferocactus
Ferocactus lindsayi,Ferocactus
Ferocactus macrodiscus,Ferocactus
Ferocactus peninsulae,Ferocactus
Ferocactus pilosus,Ferocactus
Ferocactus pottsii,Ferocactus
Ferocactus rectispinus,Ferocactus
Ferocactus recurvus,Ferocactus
Ferocactus reppenhagenii,Ferocactus
Ferocactus robustus,Ferocactus
Ferocactus schwarzii,Ferocactus
Ferocactus townsendianus,Ferocactus
Ferocactus viridescens,Ferocactus
Ferocactus wislizeni,Ferocactus
Frailea alexandri,Frailea
Frailea asterioides,Frailea
Frailea buenekeri,Frailea
Frailea buiningiana,Frailea
Frailea castanea,Frailea
Frailea cataphracta,Frailea
Frailea chiquitana,Frailea
Frailea curvispina,Frailea
Frailea friedrichii,Frailea
Frailea fulviseta,Frailea
Frailea gracillima,Frailea
Frailea grahliana,Frailea
Frailea knippeliana,Frailea
Frailea larae,Frailea
Frailea mammifera,Frailea
Frailea perumbilicata,Frailea
Frailea phaeodisca,Frailea
Frailea pseudopulcherrima,Frailea
Frailea pumila,Frailea
Frailea pygmaea,Frailea
Frailea schilinzkyana,Frailea
Frailea stockingeri,Frailea
Geohintonia mexicana,Geohintonia
Glandulicactus crassihamatus,Glandulicactus
Glandulicactus uncinatus,Glandulicactus
Glandulicereus chacalapensis,Glandulicereus
Grusonia aggeria,Grusonia
Grusonia agglomerata,Grusonia
Grusonia bradtiana,Grusonia
Grusonia bulbispina,Grusonia
Grusonia clavata,Grusonia
Grusonia densispina,Grusonia
Grusonia dumetorum,Grusonia
Grusonia emoryi,Grusonia
Grusonia grahamii,Grusonia
Grusonia invicta,Grusonia
Grusonia kunzei,Grusonia
Grusonia marenae,Grusonia
Grusonia moelleri,Grusonia
Grusonia parishii,Grusonia
Grusonia pulchella,Grusonia
Grusonia reflexispina,Grusonia
Grusonia robertsii,Grusonia
Grusonia schottii,Grusonia
Grusonia vilis,Grusonia
Gymnocalycium alboareolatum,Gymnocalycium
Gymnocalycium amerhauseri,Gymnocalycium
Gymnocalycium andreae,Gymnocalycium
Gymnocalycium angelae,Gymnocalycium
Gymnocalycium anisitsii,Gymnocalycium
Gymnocalycium baldianum,Gymnocalycium
Gymnocalycium bayrianum,Gymnocalycium
Gymnocalycium bodenbenderianum,Gymnocalycium
Gymnocalycium bruchii,Gymnocalycium
Gymnocalycium buenekeri,Gymnocalycium
Gymnocalycium calochlorum,Gymnocalycium
Gymnocalycium capillaense,Gymnocalycium
Gymnocalycium capillense,Gymnocalycium
Gymnocalycium carolinense,Gymnocalycium
Gymnocalycium castellanosii,Gymnocalycium
Gymnocalycium chacoense,Gymnocalycium
Gymnocalycium chiquitanum,Gymnocalycium
Gymnocalycium coloradense,Gymnocalycium
Gymnocalycium deeszianum,Gymnocalycium
Gymnocalycium delaetii,Gymnocalycium
Gymnocalycium denudatum,Gymnocalycium
Gymnocalycium erinaceum,Gymnocalycium
Gymnocalycium erolesii,Gymnocalycium
Gymnocalycium eurypleurum,Gymnocalycium
Gymnocalycium eytianum,Gymnocalycium
Gymnocalycium fischeri,Gymnocalycium
Gymnocalycium frankianum,Gymnocalycium
Gymnocalycium gaponii,Gymnocalycium
Gymnocalycium gibbosum,Gymnocalycium
Gymnocalycium horstii,Gymnocalycium
Gymnocalycium hossei,Gymnocalycium
Gymnocalycium hybopleurum,Gymnocalycium
Gymnocalycium hyptiacanthum,Gymnocalycium
Gymnocalycium intertextum,Gymnocalycium
Gymnocalycium itatiquense,Gymnocalycium
Gymnocalycium jochumii,Gymnocalycium
Gymnocalycium kieslingii,Gymnocalycium
Gymnocalycium kroenleinii,Gymnocalycium
Gymnocalycium kuehhasii,Gymnocalycium
Gymnocalycium leeanum,Gymnocalycium
Gymnocalycium leptanthum,Gymnocalycium
Gymnocalycium mackieanum,Gymnocalycium
Gymnocalycium marsoneri,Gymnocalycium
Gymnocalycium mazanense,Gymnocalycium
Gymnocalycium megalothelos,Gymnocalycium
Gymnocalycium megatae,Gymnocalycium
Gymnocalycium mesopotamicum,Gymnocalycium
Gymnocalycium mihanovichii,Gymnocalycium
Gymnocalycium monvillei,Gymnocalycium
Gymnocalycium mostii,Gymnocalycium
Gymnocalycium mucidum,Gymnocalycium
Gymnocalycium nataliae,Gymnocalycium
Gymnocalycium netrelianum,Gymnocalycium
Gymnocalycium neuhuberi,Gymnocalycium
Gymnocalycium ochoterenae,Gymnocalycium
Gymnocalycium oenanthemum,Gymnocalycium
Gymnocalycium paediophilum,Gymnocalycium
Gymnocalycium papschii,Gymnocalycium
Gymnocalycium paraguayense,Gymnocalycium
Gymnocalycium parvulum,Gymnocalycium
Gymnocalycium pediophilum,Gymnocalycium
Gymnocalycium pflanzii,Gymnocalycium
Gymnocalycium platense,Gymnocalycium
Gymnocalycium pugionacanthum,Gymnocalycium
Gymnocalycium quehlianum,Gymnocalycium
Gymnocalycium ragonesei,Gymnocalycium
Gymnocalycium raineri,Gymnocalycium
Gymnocalycium rauschii,Gymnocalycium
Gymnocalycium reductum,Gymnocalycium
Gymnocalycium rhodantherum,Gymnocalycium
Gymnocalycium ritterianum,Gymnocalycium
Gymnocalycium robustum,Gymnocalycium
Gymnocalycium rosae,Gymnocalycium
Gymnocalycium saglionis,Gymnocalycium
Gymnocalycium schickendantzii,Gymnocalycium
Gymnocalycium schreiteri,Gymnocalycium
Gymnocalycium schroederianum,Gymnocalycium
Gymnocalycium spegazzinii,Gymnocalycium
Gymnocalycium stellatum,Gymnocalycium
Gymnocalycium stenopleurum,Gymnocalycium
Gymnocalycium striglianum,Gymnocalycium
Gymnocalycium stuckertii,Gymnocalycium
Gymnocalycium taningaense,Gymnocalycium
Gymnocalycium terweemeanum,Gymnocalycium
Gymnocalycium tillianum,Gymnocalycium
Gymnocalycium uebelmannianum,Gymnocalycium
Gymnocalycium uruguayense,Gymnocalycium
Gymnocalycium zegarrae,Gymnocalycium
Haageocereus acranthus,Haageocereus
Haageocereus albispinus,Haageocereus
Haageocereus australis,Haageocereus
Haageocereus chalaensis,Haageocereus
Haageocereus chryseus,Haageocereus
Haageocereus decumbens,Haageocereus
Haageocereus fascicularis,Haageocereus
Haageocereus fulvus,Haageocereus
Haageocereus icensis,Haageocereus
Haageocereus icosagonoides,Haageocereus
Haageocereus lanugispinus,Haageocereus
Haageocereus limensis,Haageocereus
Haageocereus multangularis,Haageocereus
Haageocereus pacalaensis,Haageocereus
Haageocereus platinospinus,Haageocereus
Haageocereus pluriflorus,Haageocereus
Haageocereus pseudomelanostele,Haageocereus
Haageocereus pseudoversicolor,Haageocereus
Haageocereus subtilispinus,Haageocereus
Haageocereus tenuis,Haageocereus
Haageocereus versicolor,Haageocereus
Haageocereus vulpes,Haageocereus
Haageocereus zangalensis,Haageocereus
Hamatocactus crassihamatus,Hamatocactus
Hamatocactus hamatocanthus,Hamatocactus
Hariota clavata,Hariota
Harrisia aboriginum,Harrisia
Harrisia adscendens,Harrisia
Harrisia balansae,Harrisia
Harrisia bonplandii,Harrisia
Harrisia brookii,Harrisia
Harrisia caymanensis,Harrisia
Harrisia divaricata,Harrisia
Harrisia earlei,Harrisia
Harrisia eriophora,Harrisia
Harrisia fernowii,Harrisia
Harrisia fragrans,Harrisia
Harrisia gracilis,Harrisia
Harrisia hahniana,Harrisia
Harrisia hurstii,Harrisia
Harrisia martinii,Harrisia
Harrisia nashii,Harrisia
Harrisia platygona,Harrisia
Harrisia pomanensis,Harrisia
Harrisia portoricensis,Harrisia
Harrisia regelii,Harrisia
Harrisia simpsonii,Harrisia
Harrisia taetra,Harrisia
Harrisia taylorii,Harrisia
Harrisia tetracantha,Harrisia
Harrisia tortuosa,Harrisia
Hatiora cylindrica,Hatiora
Hatiora epiphylloides,Hatiora
Hatiora gaertneri,Hatiora
Hatiora herminiae,Hatiora
Hatiora rosea,Hatiora
Hatiora salicornioides,Hatiora
Heliocereus aurantiacus,Heliocereus
Heliocereus schrankii,Heliocereus
Heliocereus speciosus,Heliocereus
Hylocereus calcaratus,Hylocereus
Hylocereus costaricensis,Hylocereus
Hylocereus escuintlensis,Hylocereus
Hylocereus lemairei,Hylocereus
Hylocereus megalanthus,Hylocereus
Hylocereus microcladus,Hylocereus
Hylocereus minutiflorus,Hylocereus
Hylocereus monacanthus,Hylocereus
Hylocereus ocamponis,Hylocereus
Hylocereus peruvianus,Hylocereus
Hylocereus polyrhizus,Hylocereus
Hylocereus purpusii,Hylocereus
Hylocereus scandens,Hylocereus
Hylocereus setaceus,Hylocereus
Hylocereus stenopterus,Hylocereus
Hylocereus trigonus,Hylocereus
Hylocereus undatus,Hylocereus
Islaya iquiquensis,Islaya
Islaya islayensis,Islaya
Islaya laui,Islaya
Isolatocereus dumortieri,Isolatocereus
Jasminocereus galapagensis,Jasminocereus
Jasminocereus thouarsii,Jasminocereus
Kimnachia ramulosa,Kimnachia
Lasiocereus fulvus,Lasiocereus
Lasiocereus rupicola,Lasiocereus
Lemaireocereus hollianus,Lemaireocereus
Lemaireocereus thurberi,Lemaireocereus
Leocereus bahiensis,Leocereus
Lepismium brevispinum,Lepismium
Lepismium crenatum,Lepismium
Lepismium cruciforme,Lepismium
Lepismium houlletianum,Lepismium
Lepismium incachacanum,Lepismium
Lepismium lineare,Lepismium
Lepismium lorentzianum,Lepismium
Lepismium lumbricoides,Lepismium
Lepismium micranthum,Lepismium
Lepismium warmingianum,Lepismium
Leptocereus arboreus,Leptocereus
Leptocereus assurgens,Leptocereus
Leptocereus carinatus,Leptocereus
Leptocereus ekmanii,Leptocereus
Leptocereus grantianus,Leptocereus
Leptocereus leonii,Leptocereus
Leptocereus maxonii,Leptocereus
Leptocereus paniculatus,Leptocereus
Leptocereus prostratus,Leptocereus
Leptocereus quadricostatus,Leptocereus
Leptocereus santamarinae,Leptocereus
Leptocereus scopulophilus,Leptocereus
Leptocereus sylvestris,Leptocereus
Leptocereus weingartianus,Leptocereus
Leptocereus wrightii,Leptocereus
Leuchtenbergia principis,Leuchtenbergia
Leuenbergeria bleo,Leuenbergeria
Lobivia arachnacantha,Lobivia
Lobivia backebergii,Lobivia
Lobivia brachiantha,Lobivia
Lobivia bruchii,Lobivia
Lobivia caespitosa,Lobivia
Lobivia caineana,Lobivia
Lobivia chrysantha,Lobivia
Lobivia chrysochete,Lobivia
Lobivia cinnabarina,Lobivia
Lobivia corbula,Lobivia
Lobivia crassicaulis,Lobivia
Lobivia densispina,Lobivia
Lobivia einsteinii,Lobivia
Lobivia euanthema,Lobivia
Lobivia famatimensis,Lobivia
Lobivia ferox,Lobivia
Lobivia formosa,Lobivia
Lobivia gonjianii,Lobivia
Lobivia haematantha,Lobivia
Lobivia jajoiana,Lobivia
Lobivia kieslingii,Lobivia
Lobivia korethroides,Lobivia
Lobivia krahn-juckeri,Lobivia
Lobivia lateritia,Lobivia
Lobivia leucorhodon,Lobivia
Lobivia marsoneri,Lobivia
Lobivia maximiliana,Lobivia
Lobivia nigricans,Lobivia
Lobivia pentlandii,Lobivia
Lobivia pugionacantha,Lobivia
Lobivia pygmaea,Lobivia
Lobivia rauschii,Lobivia
Lobivia saltensis,Lobivia
Lobivia sanguiniflora,Lobivia
Lobivia scheeri,Lobivia
Lobivia schieliana,Lobivia
Lobivia schreiteri,Lobivia
Lobivia silvestrii,Lobivia
Lobivia steinmannii,Lobivia
Lobivia taratensis,Lobivia
Lobivia tiegeliana,Lobivia
Lobivia tuberculosa,Lobivia
Lobivia varians,Lobivia
Lobivia walteri,Lobivia
Lobivia wegheiana,Lobivia
Lophocereus gatesii,Lophocereus
Lophocereus marginatus,Lophocereus
Lophocereus schottii,Lophocereus
Lophophora diffusa,Lophophora
Lophophora williamsii,Lophophora
Loxanthocereus deserticola,Loxanthocereus
Loxanthocereus erectispinus,Loxanthocereus
Loxanthocereus hoffmannii,Loxanthocereus
Loxanthocereus montanus,Loxanthocereus
Loxanthocereus sulcifer,Loxanthocereus
Lymanbensonia crenata,Lymanbensonia
Lymanbensonia incachacana,Lymanbensonia
Maihuenia patagonica,Maihuenia
Maihuenia poeppigii,Maihuenia
Maihueniopsis archiconoidea,Maihueniopsis
Maihueniopsis atacamensis,Maihueniopsis
Maihueniopsis bolivianum,Maihueniopsis
Maihueniopsis camachoi,Maihueniopsis
Maihueniopsis colorea,Maihueniopsis
Maihueniopsis crassispina,Maihueniopsis
Maihueniopsis darwinii,Maihueniopsis
Maihueniopsis domeykoensis,Maihueniopsis
Maihueniopsis glomerata,Maihueniopsis
Maihueniopsis grandiflora,Maihueniopsis
Maihueniopsis minuta,Maihueniopsis
Maihueniopsis nigrispina,Maihueniopsis
Maihueniopsis ovata,Maihueniopsis
Maihueniopsis pentlandii,Maihueniopsis
Maihueniopsis rahmeri,Maihueniopsis
Maihueniopsis recurvata,Maihueniopsis
Maihueniopsis wagenknechtii,Maihueniopsis
Malacocarpus escayachensis,Malacocarpus
Malacocarpus maassii,Malacocarpus
Mammillaria albicans,Mammillaria
Mammillaria albicoma,Mammillaria
Mammillaria albiflora,Mammillaria
Mammillaria albilanata,Mammillaria
Mammillaria alversonii,Mammillaria
Mammillaria amajacensis,Mammillaria
Mammillaria anniana,Mammillaria
Mammillaria armillata,Mammillaria
Mammillaria aureilanata,Mammillaria
Mammillaria aurihamata,Mammillaria
Mammillaria backebergiana,Mammillaria
Mammillaria barbata,Mammillaria
Mammillaria baumii,Mammillaria
Mammillaria beneckei,Mammillaria
Mammillaria berkiana,Mammillaria
Mammillaria blossfeldiana,Mammillaria
Mammillaria bocasana,Mammillaria
Mammillaria bocensis,Mammillaria
Mammillaria boelderliana,Mammillaria
Mammillaria bombycina,Mammillaria
Mammillaria boolii,Mammillaria
Mammillaria brandegeei,Mammillaria
Mammillaria capensis,Mammillaria
Mammillaria carmenae,Mammillaria
Mammillaria carnea,Mammillaria
Mammillaria carretii,Mammillaria
Mammillaria cerralboa,Mammillaria
Mammillaria chionocephala,Mammillaria
Mammillaria coahuilensis,Mammillaria
Mammillaria columbiana,Mammillaria
Mammillaria compressa,Mammillaria
Mammillaria crinita,Mammillaria
Mammillaria crucigera,Mammillaria
Mammillaria decipiens,Mammillaria
Mammillaria deherdtiana,Mammillaria
Mammillaria densispina,Mammillaria
Mammillaria deserti,Mammillaria
Mammillaria dioica,Mammillaria
Mammillaria discolor,Mammillaria
Mammillaria dixanthocentron,Mammillaria
Mammillaria duoformis,Mammillaria
Mammillaria duwei,Mammillaria
Mammillaria eichlamii,Mammillaria
Mammillaria ekmanii,Mammillaria
Mammillaria elongata,Mammillaria
Mammillaria eriacantha,Mammillaria
Mammillaria erythrosperma,Mammillaria
Mammillaria evermanniana,Mammillaria
Mammillaria fittkaui,Mammillaria
Mammillaria flavescens,Mammillaria
Mammillaria flavicentra,Mammillaria
Mammillaria formosa,Mammillaria
Mammillaria gasseriana,Mammillaria
Mammillaria gaumeri,Mammillaria
Mammillaria geminispina,Mammillaria
Mammillaria gigantea,Mammillaria
Mammillaria glassii,Mammillaria
Mammillaria glochidiata,Mammillaria
Mammillaria goodridgei,Mammillaria
Mammillaria goodridgii,Mammillaria
Mammillaria gracilis,Mammillaria
Mammillaria grahamii,Mammillaria
Mammillaria grusonii,Mammillaria
Mammillaria guameri,Mammillaria
Mammillaria guelzowiana,Mammillaria
Mammillaria guerreronis,Mammillaria
Mammillaria guillauminiana,Mammillaria
Mammillaria haageana,Mammillaria
Mammillaria hahniana,Mammillaria
Mammillaria halbingeri,Mammillaria
Mammillaria halei,Mammillaria
Mammillaria hamata,Mammillaria
Mammillaria heidiae,Mammillaria
Mammillaria hernandezii,Mammillaria
Mammillaria herrerae,Mammillaria
Mammillaria hertrichiana,Mammillaria
Mammillaria heyderi,Mammillaria
Mammillaria huitzilopochtli,Mammillaria
Mammillaria humboldtii,Mammillaria
Mammillaria hutchisoniana,Mammillaria
Mammillaria insularis,Mammillaria
Mammillaria jaliscana,Mammillaria
Mammillaria johnstonii,Mammillaria
Mammillaria karwinskiana,Mammillaria
Mammillaria klissingiana,Mammillaria
Mammillaria knippeliana,Mammillaria
Mammillaria kraehenbuehlii,Mammillaria
Mammillaria lanata,Mammillaria
Mammillaria lasiacantha,Mammillaria
Mammillaria laui,Mammillaria
Mammillaria lenta,Mammillaria
Mammillaria linaresensis,Mammillaria
Mammillaria lindsayi,Mammillaria
Mammillaria lloydii,Mammillaria
Mammillaria longicoma,Mammillaria
Mammillaria longiflora,Mammillaria
Mammillaria longimamma,Mammillaria
Mammillaria luethyi,Mammillaria
Mammillaria macdougalii,Mammillaria
Mammillaria magallanii,Mammillaria
Mammillaria magnifica,Mammillaria
Mammillaria magnimamma,Mammillaria
Mammillaria mainiae,Mammillaria
Mammillaria mammillaris,Mammillaria
Mammillaria marcosii,Mammillaria
Mammillaria marksiana,Mammillaria
Mammillaria marshalliana,Mammillaria
Mammillaria mathildae,Mammillaria
Mammillaria matudae,Mammillaria
Mammillaria mazatlanensis,Mammillaria
Mammillaria meiacantha,Mammillaria
Mammillaria melaleuca,Mammillaria
Mammillaria melanocentra,Mammillaria
Mammillaria mercadensis,Mammillaria
Mammillaria meyranii,Mammillaria
Mammillaria microhelia,Mammillaria
Mammillaria miegiana,Mammillaria
Mammillaria mieheana,Mammillaria
Mammillaria moelleriana,Mammillaria
Mammillaria muehlenpfordtii,Mammillaria
Mammillaria multidigitata,Mammillaria
Mammillaria multihamata,Mammillaria
Mammillaria mystax,Mammillaria
Mammillaria nana,Mammillaria
Mammillaria napina,Mammillaria
Mammillaria neopalmeri,Mammillaria
Mammillaria nivosa,Mammillaria
Mammillaria nunezii,Mammillaria
Mammillaria orcuttii,Mammillaria
Mammillaria ortegae,Mammillaria
Mammillaria oteroi,Mammillaria
Mammillaria pachycylindrica,Mammillaria
Mammillaria pacifica,Mammillaria
Mammillaria painteri,Mammillaria
Mammillaria parkinsonii,Mammillaria
Mammillaria pectinifera,Mammillaria
Mammillaria peninsularis,Mammillaria
Mammillaria pennispinosa,Mammillaria
Mammillaria perbella,Mammillaria
Mammillaria perezdelarosae,Mammillaria
Mammillaria petrophila,Mammillaria
Mammillaria petterssonii,Mammillaria
Mammillaria phitauiana,Mammillaria
Mammillaria picta,Mammillaria
Mammillaria pilispina,Mammillaria
Mammillaria plumosa,Mammillaria
Mammillaria polyedra,Mammillaria
Mammillaria polythele,Mammillaria
Mammillaria pondii,Mammillaria
Mammillaria poselgeri,Mammillaria
Mammillaria pottsii,Mammillaria
Mammillaria pringlei,Mammillaria
Mammillaria prolifera,Mammillaria
Mammillaria pseudocrucigera,Mammillaria
Mammillaria rekoi,Mammillaria
Mammillaria rettigiana,Mammillaria
Mammillaria rhodantha,Mammillaria
Mammillaria roseoalba,Mammillaria
Mammillaria ruestii,Mammillaria
Mammillaria saboae,Mammillaria
Mammillaria sanchez-mejoradae,Mammillaria
Mammillaria sartorii,Mammillaria
Mammillaria scheinvariana,Mammillaria
Mammillaria schiedeana,Mammillaria
Mammillaria schumannii,Mammillaria
Mammillaria schwarzii,Mammillaria
Mammillaria scrippsiana,Mammillaria
Mammillaria sempervivi,Mammillaria
Mammillaria senilis,Mammillaria
Mammillaria sheldonii,Mammillaria
Mammillaria similis,Mammillaria
Mammillaria sinistrohamata,Mammillaria
Mammillaria sneedii,Mammillaria
Mammillaria solisioides,Mammillaria
Mammillaria sonorensis,Mammillaria
Mammillaria sphacelata,Mammillaria
Mammillaria sphaerica,Mammillaria
Mammillaria spinosissima,Mammillaria
Mammillaria standleyi,Mammillaria
Mammillaria stella-de-tacubaya,Mammillaria
Mammillaria supertexta,Mammillaria
Mammillaria surculosa,Mammillaria
Mammillaria tayloriorum,Mammillaria
Mammillaria tegelbergiana,Mammillaria
Mammillaria tepexicensis,Mammillaria
Mammillaria tetrancistra,Mammillaria
Mammillaria theresae,Mammillaria
Mammillaria thornberi,Mammillaria
Mammillaria tonalensis,Mammillaria
Mammillaria uncinata,Mammillaria
Mammillaria varieaculeata,Mammillaria
Mammillaria verhaertiana,Mammillaria
Mammillaria vetula,Mammillaria
Mammillaria viescensis,Mammillaria
Mammillaria viridiflora,Mammillaria
Mammillaria voburnensis,Mammillaria
Mammillaria wagneriana,Mammillaria
Mammillaria weingartiana,Mammillaria
Mammillaria wiesingeri,Mammillaria
Mammillaria winterae,Mammillaria
Mammillaria wrightii,Mammillaria
Mammillaria xaltianguensis,Mammillaria
Mammillaria zeilmanniana,Mammillaria
Mammillaria zephyranthoides,Mammillaria
Mammillaria zeyeriana,Mammillaria
Mammillaria zublerae,Mammillaria
Mammilloydia candida,Mammilloydia
Marginatocereus marginatus,Marginatocereus
Marniera macroptera,Marniera
Marshallocereus aragonii,Marshallocereus
Matucana aurantiaca,Matucana
Matucana aureiflora,Matucana
Matucana blancii,Matucana
Matucana calliantha,Matucana
Matucana celendinensis,Matucana
Matucana comacephala,Matucana
Matucana currundayensis,Matucana
Matucana formosa,Matucana
Matucana fruticosa,Matucana
Matucana hastifera,Matucana
Matucana haynei,Matucana
Matucana huagalensis,Matucana
Matucana hystrix,Matucana
Matucana intertexta,Matucana
Matucana krahnii,Matucana
Matucana madisoniorum,Matucana
Matucana mirabilis,Matucana
Matucana myriacantha,Matucana
Matucana oreodoxa,Matucana
Matucana paucicostata,Matucana
Matucana polzii,Matucana
Matucana pujupatii,Matucana
Matucana ritteri,Matucana
Matucana tuberculata,Matucana
Matucana weberbaueri,Matucana
Melocactus andinus,Melocactus
Melocactus azureus,Melocactus
Melocactus bahiensis,Melocactus
Melocactus bellavistensis,Melocactus
Melocactus braunii,Melocactus
Melocactus brederooianus,Melocactus
Melocactus broadwayi,Melocactus
Melocactus caroli-linnaei,Melocactus
Melocactus concinnus,Melocactus
Melocactus conoideus,Melocactus
Melocactus curvispinus,Melocactus
Melocactus deinacanthus,Melocactus
Melocactus ernestii,Melocactus
Melocactus estevesii,Melocactus
Melocactus ferreophilus,Melocactus
Melocactus glaucescens,Melocactus
Melocactus harlowii,Melocactus
Melocactus inconcinnus,Melocactus
Melocactus intortus,Melocactus
Melocactus lanssensianus,Melocactus
Melocactus lemairei,Melocactus
Melocactus levitestatus,Melocactus
Melocactus macracanthos,Melocactus
Melocactus matanzanus,Melocactus
Melocactus mazelianus,Melocactus
Melocactus neryi,Melocactus
Melocactus oreas,Melocactus
Melocactus pachyacanthus,Melocactus
Melocactus paucispinus,Melocactus
Melocactus perezassoi,Melocactus
Melocactus peruvianus,Melocactus
Melocactus salvadorensis,Melocactus
Melocactus schatzlii,Melocactus
Melocactus sergipensis,Melocactus
Melocactus smithii,Melocactus
Melocactus violaceus,Melocactus
Melocactus zehntneri,Melocactus
Micranthocereus albicephalus,Micranthocereus
Micranthocereus auri-azureus,Micranthocereus
Micranthocereus auriazureus,Micranthocereus
Micranthocereus dolichospermaticus,Micranthocereus
Micranthocereus estevesii,Micranthocereus
Micranthocereus flaviflorus,Micranthocereus
Micranthocereus hofackerianus,Micranthocereus
Micranthocereus oliveirae,Micranthocereus
Micranthocereus polyanthus,Micranthocereus
Micranthocereus purpureus,Micranthocereus
Micranthocereus streckeri,Micranthocereus
Micranthocereus violaciflorus,Micranthocereus
Mila caespitosa,Mila
Mila colorea,Mila
Mila nealeana,Mila
Mila pugionifera,Mila
Miqueliopuntia miquelii,Miqueliopuntia
Monvillea anisitsii,Monvillea
Monvillea apoloensis,Monvillea
Monvillea ballivianii,Monvillea
Monvillea cavendishii,Monvillea
Monvillea ebenacantha,Monvillea
Monvillea euchlora,Monvillea
Monvillea jaenensis,Monvillea
Monvillea krapovickiana,Monvillea
Monvillea kroenleinii,Monvillea
Monvillea leucantha,Monvillea
Monvillea phatnosperma,Monvillea
Monvillea spegazzinii,Monvillea
Myrtillocactus cochal,Myrtillocactus
Myrtillocactus eichlamii,Myrtillocactus
Myrtillocactus geometrizans,Myrtillocactus
Myrtillocactus schenckii,Myrtillocactus
Neobesseya wissmannii,Neobesseya
Neobuxbaumia euphorbioides,Neobuxbaumia
Neobuxbaumia laui,Neobuxbaumia
Neobuxbaumia macrocephala,Neobuxbaumia
Neobuxbaumia mezcalaensis,Neobuxbaumia
Neobuxbaumia multiareolata,Neobuxbaumia
Neobuxbaumia polylopha,Neobuxbaumia
Neobuxbaumia scoparia,Neobuxbaumia
Neobuxbaumia squamulosa,Neobuxbaumia
Neobuxbaumia tetetzo,Neobuxbaumia
Neochilenia jussieui,Neochilenia
Neochilenia wagenknechtii,Neochilenia
Neolloydia conoidea,Neolloydia
Neolloydia matehualensis,Neolloydia
Neomammillaria armillata,Neomammillaria
Neomammillaria bocasana,Neomammillaria
Neomammillaria boedekeriana,Neomammillaria
Neomammillaria celsiana,Neomammillaria
Neomammillaria goodridgei,Neomammillaria
Neomammillaria graessneriana,Neomammillaria
Neomammillaria mammillaris,Neomammillaria
Neomammillaria phaeacantha,Neomammillaria
Neomammillaria pyrrocephala,Neomammillaria
Neomammillaria rhodantha,Neomammillaria
Neomammillaria scheidweileriana,Neomammillaria
Neomammillaria seideliana,Neomammillaria
Neomammillaria subpolyedra,Neomammillaria
Neomammillaria trichacantha,Neomammillaria
Neomammillaria umbrina,Neomammillaria
Neomammillaria villifera,Neomammillaria
Neoporteria castanea,Neoporteria
Neoporteria clavata,Neoporteria
Neoporteria fusca,Neoporteria
Neoporteria nidus,Neoporteria
Neoporteria odieri,Neoporteria
Neoporteria odoriflora,Neoporteria
Neoporteria rapifera,Neoporteria
Neoporteria sociabilis,Neoporteria
Neoporteria subgibbosa,Neoporteria
Neoporteria taltalensis,Neoporteria
Neoporteria villosa,Neoporteria
Neoraimondia arequipensis,Neoraimondia
Neoraimondia herzogiana,Neoraimondia
Neowerdermannia chilensis,Neowerdermannia
Neowerdermannia peruviana,Neowerdermannia
Neowerdermannia vorwerkii,Neowerdermannia
Nopalea auberi,Nopalea
Nopalea cochenillifera,Nopalea
Nopalea dejecta,Nopalea
Nopalea gaumeri,Nopalea
Nopalea guatemalensis,Nopalea
Nopalea inaperta,Nopalea
Nopalea lutea,Nopalea
Nopalxochia conzattianum,Nopalxochia
Notocactus horstii,Notocactus
Notocactus patagonicus,Notocactus
Obregonia denegrii,Obregonia
Opuntia acaulis,Opuntia
Opuntia aciculata,Opuntia
Opuntia aequatorialis,Opuntia
Opuntia alcerrecensis,Opuntia
Opuntia amarilla,Opuntia
Opuntia ammophila,Opuntia
Opuntia anacantha,Opuntia
Opuntia antillana,Opuntia
Opuntia apurimacensis,Opuntia
Opuntia arechavaletae,Opuntia
Opuntia arenaria,Opuntia
Opuntia arrastradillo,Opuntia
Opuntia articulata,Opuntia
Opuntia assumptionis,Opuntia
Opuntia atacamensis,Opuntia
Opuntia atrispina,Opuntia
Opuntia atrocapensis,Opuntia
Opuntia atropes,Opuntia
Opuntia atrovirens,Opuntia
Opuntia auberi,Opuntia
Opuntia aurantiaca,Opuntia
Opuntia aurea,Opuntia
Opuntia aureispina,Opuntia
Opuntia austrina,Opuntia
Opuntia azurea,Opuntia
Opuntia bakeri,Opuntia
Opuntia basilaris,Opuntia
Opuntia bella,Opuntia
Opuntia bensonii,Opuntia
Opuntia bentonii,Opuntia
Opuntia bigelovii,Opuntia
Opuntia bisetosa,Opuntia
Opuntia blancii,Opuntia
Opuntia boldinghii,Opuntia
Opuntia bonaerensis,Opuntia
Opuntia bonplandii,Opuntia
Opuntia borinquensis,Opuntia
Opuntia brachyclada,Opuntia
Opuntia bradleyi,Opuntia
Opuntia brasiliensis,Opuntia
Opuntia bravoana,Opuntia
Opuntia burrageana,Opuntia
Opuntia camachoi,Opuntia
Opuntia camanchica,Opuntia
Opuntia canada,Opuntia
Opuntia cantabrigiensis,Opuntia
Opuntia canterae,Opuntia
Opuntia caracassana,Opuntia
Opuntia cardenche,Opuntia
Opuntia cardiosperma,Opuntia
Opuntia caribaea,Opuntia
Opuntia chaffeyi,Opuntia
Opuntia chiangiana,Opuntia
Opuntia chihuahuensis,Opuntia
Opuntia chisosensis,Opuntia
Opuntia chlorotica,Opuntia
Opuntia cochenillifera,Opuntia
Opuntia cochinera,Opuntia
Opuntia cognata,Opuntia
Opuntia colorea,Opuntia
Opuntia colubrina,Opuntia
Opuntia compressa,Opuntia
Opuntia corotilla,Opuntia
Opuntia corrugata,Opuntia
Opuntia covillei,Opuntia
Opuntia crassa,Opuntia
Opuntia crassicylindrica,Opuntia
Opuntia crystalenia,Opuntia
Opuntia cubensis,Opuntia
Opuntia cumulicola,Opuntia
Opuntia curassavica,Opuntia
Opuntia cyclodes,Opuntia
Opuntia cylindrica,Opuntia
Opuntia cymochila,Opuntia
Opuntia darrahiana,Opuntia
Opuntia deamii,Opuntia
Opuntia decumbens,Opuntia
Opuntia dejecta,Opuntia
Opuntia delaetiana,Opuntia
Opuntia demissa,Opuntia
Opuntia densispina,Opuntia
Opuntia depressa,Opuntia
Opuntia dillenii,Opuntia
Opuntia discolor,Opuntia
Opuntia durangensis,Opuntia
Opuntia eburnispina,Opuntia
Opuntia echinocarpa,Opuntia
Opuntia echios,Opuntia
Opuntia edwardsii,Opuntia
Opuntia eichlamii,Opuntia
Opuntia ekmanii,Opuntia
Opuntia elata,Opuntia
Opuntia elatior,Opuntia
Opuntia elizondoana,Opuntia
Opuntia ellisiana,Opuntia
Opuntia engelmannii,Opuntia
Opuntia erectoclada,Opuntia
Opuntia erinacea,Opuntia
Opuntia estevesii,Opuntia
Opuntia excelsa,Opuntia
Opuntia falcata,Opuntia
Opuntia feracantha,Opuntia
Opuntia feroacantha,Opuntia
Opuntia ficus-indica,Opuntia
Opuntia fragilis,Opuntia
Opuntia fulgida,Opuntia
Opuntia fuliginosa,Opuntia
Opuntia fulvicoma,Opuntia
Opuntia galapageia,Opuntia
Opuntia galerasensis,Opuntia
Opuntia gaumeri,Opuntia
Opuntia gilvescens,Opuntia
Opuntia gosseliniana,Opuntia
Opuntia grandiflora,Opuntia
Opuntia grandis,Opuntia
Opuntia greenei,Opuntia
Opuntia grosseana,Opuntia
Opuntia guatemalensis,Opuntia
Opuntia guatinensis,Opuntia
Opuntia guilanchi,Opuntia
Opuntia helleri,Opuntia
Opuntia heteromorpha,Opuntia
Opuntia hirschii,Opuntia
Opuntia hitchcockii,Opuntia
Opuntia hondurensis,Opuntia
Opuntia howeyi,Opuntia
Opuntia huajuapensis,Opuntia
Opuntia humifusa,Opuntia
Opuntia hyptiacantha,Opuntia
Opuntia ianthinantha,Opuntia
Opuntia imbricata,Opuntia
Opuntia inaequilateralis,Opuntia
Opuntia inaequilaterlis,Opuntia
Opuntia inamoena,Opuntia
Opuntia inaperta,Opuntia
Opuntia infesta,Opuntia
Opuntia insularis,Opuntia
Opuntia jaliscana,Opuntia
Opuntia jamaicensis,Opuntia
Opuntia joconostle,Opuntia
Opuntia karwinskiana,Opuntia
Opuntia keyensis,Opuntia
Opuntia kuehnrichiana,Opuntia
Opuntia laevis,Opuntia
Opuntia lagopus,Opuntia
Opuntia lagunae,Opuntia
Opuntia lasiacantha,Opuntia
Opuntia lata,Opuntia
Opuntia leucotricha,Opuntia
Opuntia lilae,Opuntia
Opuntia limitata,Opuntia
Opuntia lindheimeri,Opuntia
Opuntia linguiformis,Opuntia
Opuntia littoralis,Opuntia
Opuntia llanos-de-huanta,Opuntia
Opuntia lloydii,Opuntia
Opuntia longispina,Opuntia
Opuntia lutea,Opuntia
Opuntia macracantha,Opuntia
Opuntia macrocentra,Opuntia
Opuntia macrorhiza,Opuntia
Opuntia magnifica,Opuntia
Opuntia martiniana,Opuntia
Opuntia maxima,Opuntia
Opuntia megacantha,Opuntia
Opuntia megapotamica,Opuntia
Opuntia megarhiza,Opuntia
Opuntia megasperma,Opuntia
Opuntia microdasys,Opuntia
Opuntia microdisca,Opuntia
Opuntia mieckleyi,Opuntia
Opuntia millspaughii,Opuntia
Opuntia mira,Opuntia
Opuntia mistiensis,Opuntia
Opuntia monacantha,Opuntia
Opuntia moniliformis,Opuntia
Opuntia montevideensis,Opuntia
Opuntia multigeniculata,Opuntia
Opuntia nashii,Opuntia
Opuntia nejapensis,Opuntia
Opuntia neochrysacantha,Opuntia
Opuntia nitens,Opuntia
Opuntia nuda,Opuntia
Opuntia occidentalis,Opuntia
Opuntia orbiculata,Opuntia
Opuntia oricola,Opuntia
Opuntia pachypus,Opuntia
Opuntia pachyrrhiza,Opuntia
Opuntia pailana,Opuntia
Opuntia palmadora,Opuntia
Opuntia paraguayensis,Opuntia
Opuntia parryi,Opuntia
Opuntia parviclada,Opuntia
Opuntia penicilligera,Opuntia
Opuntia pennellii,Opuntia
Opuntia phaeacantha,Opuntia
Opuntia picardoi,Opuntia
Opuntia pilifera,Opuntia
Opuntia pinkavae,Opuntia
Opuntia pisciformis,Opuntia
Opuntia pittieri,Opuntia
Opuntia pituitosa,Opuntia
Opuntia plumbea,Opuntia
Opuntia pollardii,Opuntia
Opuntia polyacantha,Opuntia
Opuntia polycarpa,Opuntia
Opuntia pottsii,Opuntia
Opuntia prasina,Opuntia
Opuntia pubescens,Opuntia
Opuntia pumila,Opuntia
Opuntia punta-caillan,Opuntia
Opuntia pusilla,Opuntia
Opuntia pycnantha,Opuntia
Opuntia pyriformis,Opuntia
Opuntia pyrrhacantha,Opuntia
Opuntia quimilo,Opuntia
Opuntia quitensis,Opuntia
Opuntia rahmeri,Opuntia
Opuntia rastrera,Opuntia
Opuntia rauhii,Opuntia
Opuntia rauppiana,Opuntia
Opuntia repens,Opuntia
Opuntia retrorsa,Opuntia
Opuntia rileyi,Opuntia
Opuntia ritteri,Opuntia
Opuntia robinsonii,Opuntia
Opuntia robusta,Opuntia
Opuntia rosarica,Opuntia
Opuntia rubescens,Opuntia
Opuntia rufida,Opuntia
Opuntia rutila,Opuntia
Opuntia salmiana,Opuntia
Opuntia sanctae-barbarae,Opuntia
Opuntia sanguinea,Opuntia
Opuntia santa-rita,Opuntia
Opuntia santamaria,Opuntia
Opuntia santarita,Opuntia
Opuntia saxatilis,Opuntia
Opuntia saxicola,Opuntia
Opuntia scheeri,Opuntia
Opuntia schickendantzii,Opuntia
Opuntia schumannii,Opuntia
Opuntia securigera,Opuntia
Opuntia soederstromiana,Opuntia
Opuntia soehrensii,Opuntia
Opuntia sphaerocarpa,Opuntia
Opuntia spinosissima,Opuntia
Opuntia spinulifera,Opuntia
Opuntia spraguei,Opuntia
Opuntia stenarthra,Opuntia
Opuntia stenopetala,Opuntia
Opuntia streptacantha,Opuntia
Opuntia stricta,Opuntia
Opuntia strigil,Opuntia
Opuntia subsphaerocarpa,Opuntia
Opuntia sulphurea,Opuntia
Opuntia tapona,Opuntia
Opuntia taylorii,Opuntia
Opuntia tehuacana,Opuntia
Opuntia tehuantepecana,Opuntia
Opuntia tenuiflora,Opuntia
Opuntia thurberi,Opuntia
Opuntia ticnamarensis,Opuntia
Opuntia tomentella,Opuntia
Opuntia tomentosa,Opuntia
Opuntia tortispina,Opuntia
Opuntia triacantha,Opuntia
Opuntia tumida,Opuntia
Opuntia tuna,Opuntia
Opuntia tunicata,Opuntia
Opuntia tunoidea,Opuntia
Opuntia turbinata,Opuntia
Opuntia turgida,Opuntia
Opuntia undulata,Opuntia
Opuntia unguispina,Opuntia
Opuntia urbaniana,Opuntia
Opuntia valida,Opuntia
Opuntia velizii,Opuntia
Opuntia velutina,Opuntia
Opuntia viridirubra,Opuntia
Opuntia weberi,Opuntia
Opuntia wentiana,Opuntia
Opuntia werneri,Opuntia
Opuntia wetmorei,Opuntia
Opuntia whipplei,Opuntia
Opuntia wilcoxii,Opuntia
Opuntia wootonii,Opuntia
Opuntia xcolumbiana,Opuntia
Opuntia xcubensis,Opuntia
Opuntia xcurvospina,Opuntia
Opuntia xrooneyi,Opuntia
Opuntia xvaseyi,Opuntia
Opuntia yanganucensis,Opuntia
Opuntia zamudioi,Opuntia
Opuntia zebrina,Opuntia
Opuntia zehnderi,Opuntia
Oreocereus australis,Oreocereus
Oreocereus celsianus,Oreocereus
Oreocereus doelzianus,Oreocereus
Oreocereus fossulatus,Oreocereus
Oreocereus hempelianus,Oreocereus
Oreocereus leucotrichus,Oreocereus
Oreocereus piscoensis,Oreocereus
Oreocereus ritteri,Oreocereus
Oreocereus tacnaensis,Oreocereus
Oreocereus trollii,Oreocereus
Oreocereus varicolor,Oreocereus
Oreocereus variicolor,Oreocereus
Oroya baumannii,Oroya
Oroya borchersii,Oroya
Oroya peruviana,Oroya
Ortegocactus macdougallii,Ortegocactus
Pachgerocereus orcuttii,Pachgerocereus
Pachycereus gaumeri,Pachycereus
Pachycereus grandis,Pachycereus
Pachycereus lepidanthus,Pachycereus
Pachycereus militaris,Pachycereus
Pachycereus pecten-aboriginum,Pachycereus
Pachycereus pringlei,Pachycereus
Pachycereus schottii,Pachycereus
Pachycereus tepamo,Pachycereus
Pachycereus weberi,Pachycereus
Parodia alacriportana,Parodia
Parodia allosiphon,Parodia
Parodia arnostiana,Parodia
Parodia aureicentra,Parodia
Parodia ayopayana,Parodia
Parodia buiningii,Parodia
Parodia camargensis,Parodia
Parodia carambeiensis,Parodia
Parodia carrerana,Parodia
Parodia chrysacanthion,Parodia
Parodia columnaris,Parodia
Parodia comarapana,Parodia
Parodia commutans,Parodia
Parodia compressa,Parodia
Parodia concinna,Parodia
Parodia crassigibba,Parodia
Parodia curvispina,Parodia
Parodia erinacea,Parodia
Parodia erubescens,Parodia
Parodia fusca,Parodia
Parodia gaucha,Parodia
Parodia gracilis,Parodia
Parodia haselbergii,Parodia
Parodia hausteiniana,Parodia
Parodia hegeri,Parodia
Parodia herteri,Parodia
Parodia horstii,Parodia
Parodia krahnii,Parodia
Parodia langsdorfii,Parodia
Parodia laui,Parodia
Parodia leninghausii,Parodia
Parodia linkii,Parodia
Parodia maasii,Parodia
Parodia maassii,Parodia
Parodia magnifica,Parodia
Parodia mammulosa,Parodia
Parodia maxima,Parodia
Parodia meonacantha,Parodia
Parodia microsperma,Parodia
Parodia miguillensis,Parodia
Parodia minuta,Parodia
Parodia mueller-melchersii,Parodia
Parodia multicostata,Parodia
Parodia muricata,Parodia
Parodia neglecta,Parodia
Parodia neoarechavaletae,Parodia
Parodia neohorstii,Parodia
Parodia nigrispina,Parodia
Parodia nivosa,Parodia
Parodia nothominuscula,Parodia
Parodia nothorauschii,Parodia
Parodia ocampoi,Parodia
Parodia occulta,Parodia
Parodia ottonis,Parodia
Parodia oxycostata,Parodia
Parodia penicillata,Parodia
Parodia permutata,Parodia
Parodia pilayaensis,Parodia
Parodia procera,Parodia
Parodia pseudoayopayana,Parodia
Parodia punae,Parodia
Parodia rechensis,Parodia
Parodia ritteri,Parodia
Parodia rudibuenekeri,Parodia
Parodia schumanniana,Parodia
Parodia schwebsiana,Parodia
Parodia scopa,Parodia
Parodia sellowii,Parodia
Parodia slabana,Parodia
Parodia sotomayorensis,Parodia
Parodia splendens,Parodia
Parodia stockingeri,Parodia
Parodia stuemeri,Parodia
Parodia submammulosa,Parodia
Parodia subterranea,Parodia
Parodia subtilihamata,Parodia
Parodia tabularis,Parodia
Parodia taratensis,Parodia
Parodia tenuicylindrica,Parodia
Parodia tillii,Parodia
Parodia tredecimcostata,Parodia
Parodia tuberculata,Parodia
Parodia turbinata,Parodia
Parodia turecekiana,Parodia
Parodia werdermanniana,Parodia
Parodia werneri,Parodia
Parodia yamparaezi,Parodia
Parodia zecheri,Parodia
Pediocactus bradyi,Pediocactus
Pediocactus despainii,Pediocactus
Pediocactus hermannii,Pediocactus
Pediocactus knowltonii,Pediocactus
Pediocactus nigrispinus,Pediocactus
Pediocactus paradinei,Pediocactus
Pediocactus peeblesianus,Pediocactus
Pediocactus sileri,Pediocactus
Pediocactus simpsonii,Pediocactus
Pediocactus winkleri,Pediocactus
Pelecyphora aselliformis,Pelecyphora
Pelecyphora strobiliformis,Pelecyphora
Peniocereus castellae,Peniocereus
Peniocereus chiapensis,Peniocereus
Peniocereus cuixmalensis,Peniocereus
Peniocereus fosterianus,Peniocereus
Peniocereus greggii,Peniocereus
Peniocereus hirschtianus,Peniocereus
Peniocereus johnstonii,Peniocereus
Peniocereus lazaro-cardenasii,Peniocereus
Peniocereus macdougallii,Peniocereus
Peniocereus maculatus,Peniocereus
Peniocereus marianus,Peniocereus
Peniocereus oaxacensis,Peniocereus
Peniocereus rosei,Peniocereus
Peniocereus serpentinus,Peniocereus
Peniocereus striatus,Peniocereus
Peniocereus tepalcatepecanus,Peniocereus
Peniocereus viperinus,Peniocereus
Peniocereus zopilotensis,Peniocereus
Pereskia aculeata,Pereskia
Pereskia aureiflora,Pereskia
Pereskia bahiensis,Pereskia
Pereskia bleo,Pereskia
Pereskia diazromeroana,Pereskia
Pereskia grandiflora,Pereskia
Pereskia grandifolia,Pereskia
Pereskia guamacho,Pereskia
Pereskia higuerana,Pereskia
Pereskia horrida,Pereskia
Pereskia lychnidiflora,Pereskia
Pereskia marcanoi,Pereskia
Pereskia nemorosa,Pereskia
Pereskia portulacifolia,Pereskia
Pereskia quisqueyana,Pereskia
Pereskia sacharosa,Pereskia
Pereskia stenantha,Pereskia
Pereskia weberiana,Pereskia
Pereskia zinniiflora,Pereskia
Pereskiopsis aquosa,Pereskiopsis
Pereskiopsis blakeana,Pereskiopsis
Pereskiopsis diguetii,Pereskiopsis
Pereskiopsis kellermanii,Pereskiopsis
Pereskiopsis porteri,Pereskiopsis
Pereskiopsis rotundifolia,Pereskiopsis
Pfeiffera asuntapatensis,Pfeiffera
Pfeiffera boliviana,Pfeiffera
Pfeiffera ianthothele,Pfeiffera
Pfeiffera miyagawae,Pfeiffera
Pfeiffera monacantha,Pfeiffera
Pfeiffera paranganiensis,Pfeiffera
Pilocereus curtisii,Pilocereus
Pilocereus setosus,Pilocereus
Pilosocereus albisummus,Pilosocereus
Pilosocereus alensis,Pilosocereus
Pilosocereus arrabidae,Pilosocereus
Pilosocereus aureispinus,Pilosocereus
Pilosocereus aurilanatus,Pilosocereus
Pilosocereus aurisetus,Pilosocereus
Pilosocereus azulensis,Pilosocereus
Pilosocereus bahamensis,Pilosocereus
Pilosocereus bohlei,Pilosocereus
Pilosocereus brasiliensis,Pilosocereus
Pilosocereus brooksianus,Pilosocereus
Pilosocereus catingicola,Pilosocereus
Pilosocereus chrysacanthus,Pilosocereus
Pilosocereus chrysostele,Pilosocereus
Pilosocereus collinsii,Pilosocereus
Pilosocereus colombianus,Pilosocereus
Pilosocereus cometes,Pilosocereus
Pilosocereus curtisii,Pilosocereus
Pilosocereus densiareolatus,Pilosocereus
Pilosocereus diersianus,Pilosocereus
Pilosocereus flavipulvinatus,Pilosocereus
Pilosocereus flexibilispinus,Pilosocereus
Pilosocereus floccosus,Pilosocereus
Pilosocereus flocossus,Pilosocereus
Pilosocereus frewenii,Pilosocereus
Pilosocereus fulvilanatus,Pilosocereus
Pilosocereus gaumeri,Pilosocereus
Pilosocereus glaucescens,Pilosocereus
Pilosocereus glaucochrous,Pilosocereus
Pilosocereus gounellei,Pilosocereus
Pilosocereus juaruensis,Pilosocereus
Pilosocereus kanukuensis,Pilosocereus
Pilosocereus lanuginosus,Pilosocereus
Pilosocereus leucocephalus,Pilosocereus
Pilosocereus machrisii,Pilosocereus
Pilosocereus magnificus,Pilosocereus
Pilosocereus maxonii,Pilosocereus
Pilosocereus millspaughii,Pilosocereus
Pilosocereus moritzianus,Pilosocereus
Pilosocereus multicostatus,Pilosocereus
Pilosocereus oligolepis,Pilosocereus
Pilosocereus pachycladus,Pilosocereus
Pilosocereus parvus,Pilosocereus
Pilosocereus pentaedrophorus,Pilosocereus
Pilosocereus piauhyensis,Pilosocereus
Pilosocereus polygonus,Pilosocereus
Pilosocereus purpusii,Pilosocereus
Pilosocereus quadricentralis,Pilosocereus
Pilosocereus robinii,Pilosocereus
Pilosocereus rosae,Pilosocereus
Pilosocereus royenii,Pilosocereus
Pilosocereus sergipensis,Pilosocereus
Pilosocereus splendidus,Pilosocereus
Pilosocereus tillianus,Pilosocereus
Pilosocereus tuberculatus,Pilosocereus
Pilosocereus tweedyanus,Pilosocereus
Pilosocereus ulei,Pilosocereus
Pilosocereus vilaboensis,Pilosocereus
Platyopuntia infesta,Platyopuntia
Polaskia chende,Polaskia
Polaskia chichipe,Polaskia
Praecereus amazonicus,Praecereus
Praecereus euchlorus,Praecereus
Praecereus saxicola,Praecereus
Pseudoacanthocereus brasiliensis,Pseudoacanthocereus
Pseudoacanthocereus sicariguensis,Pseudoacanthocereus
Pseudomitrocereus fulviceps,Pseudomitrocereus
Pseudopilocereus arrabidae,Pseudopilocereus
Pseudorhipsalis acuminata,Pseudorhipsalis
Pseudorhipsalis alata,Pseudorhipsalis
Pseudorhipsalis amazonica,Pseudorhipsalis
Pseudorhipsalis himantoclada,Pseudorhipsalis
Pseudorhipsalis horichii,Pseudorhipsalis
Pseudorhipsalis lankesteri,Pseudorhipsalis
Pseudorhipsalis ramulosa,Pseudorhipsalis
Pterocactus araucanus,Pterocactus
Pterocactus australis,Pterocactus
Pterocactus fischeri,Pterocactus
Pterocactus gonjianii,Pterocactus
Pterocactus hickenii,Pterocactus
Pterocactus megliolii,Pterocactus
Pterocactus reticulatus,Pterocactus
Pterocactus tuberosus,Pterocactus
Pterocactus valentini,Pterocactus
Pterocereus gaumeri,Pterocereus
Puna bonnieae,Puna
Puna clavarioides,Puna
Puna subterranea,Puna
Pygmaeocereus bieblii,Pygmaeocereus
Pygmaeocereus bylesianus,Pygmaeocereus
Pygmaeocereus familiaris,Pygmaeocereus
Pyrrhocactus aspillagae,Pyrrhocactus
Pyrrhocactus bulbocalyx,Pyrrhocactus
Pyrrhocactus catamarcensis,Pyrrhocactus
Pyrrhocactus chilensis,Pyrrhocactus
Pyrrhocactus confinis,Pyrrhocactus
Pyrrhocactus crispus,Pyrrhocactus
Pyrrhocactus curvispinus,Pyrrhocactus
Pyrrhocactus echinus,Pyrrhocactus
Pyrrhocactus engleri,Pyrrhocactus
Pyrrhocactus eriosyzoides,Pyrrhocactus
Pyrrhocactus floccosus,Pyrrhocactus
Pyrrhocactus garaventai,Pyrrhocactus
Pyrrhocactus heinrichianus,Pyrrhocactus
Pyrrhocactus kattermannii,Pyrrhocactus
Pyrrhocactus marksianus,Pyrrhocactus
Pyrrhocactus pachacoensis,Pyrrhocactus
Pyrrhocactus paucicostatus,Pyrrhocactus
Pyrrhocactus pilispinus,Pyrrhocactus
Pyrrhocactus pygmaeus,Pyrrhocactus
Pyrrhocactus reconditus,Pyrrhocactus
Pyrrhocactus sanjuanensis,Pyrrhocactus
Pyrrhocactus simulans,Pyrrhocactus
Pyrrhocactus strausianus,Pyrrhocactus
Pyrrhocactus taltalensis,Pyrrhocactus
Pyrrhocactus tuberisulcatus,Pyrrhocactus
Pyrrhocactus umadeave,Pyrrhocactus
Quiabentia verticillata,Quiabentia
Quiabentia zehntneri,Quiabentia
Rauhocereus riosaniensis,Rauhocereus
Rebutia albopectinata,Rebutia
Rebutia borealis,Rebutia
Rebutia brunescens,Rebutia
Rebutia cintia,Rebutia
Rebutia costata,Rebutia
Rebutia deminuta,Rebutia
Rebutia fidaiana,Rebutia
Rebutia fiebrigii,Rebutia
Rebutia flavistyla,Rebutia
Rebutia fulviseta,Rebutia
Rebutia gonjianii,Rebutia
Rebutia heliosa,Rebutia
Rebutia huasiensis,Rebutia
Rebutia margarethae,Rebutia
Rebutia marsoneri,Rebutia
Rebutia minuscula,Rebutia
Rebutia muscula,Rebutia
Rebutia narvaecensis,Rebutia
Rebutia neocumingii,Rebutia
Rebutia padcayensis,Rebutia
Rebutia perplexa,Rebutia
Rebutia pseudodeminuta,Rebutia
Rebutia pulvinosa,Rebutia
Rebutia ritteri,Rebutia
Rebutia simoniana,Rebutia
Rebutia steinmannii,Rebutia
Rebutia tarijensis,Rebutia
Rebutia wessneriana,Rebutia
Rebutia xanthocarpa,Rebutia
Reicheocactus pseudoreicheanus,Reicheocactus
Rhipsalidopsis gaertneri,Rhipsalidopsis
Rhipsalis aculeata,Rhipsalis
Rhipsalis agudoensis,Rhipsalis
Rhipsalis baccifera,Rhipsalis
Rhipsalis bambusoides,Rhipsalis
Rhipsalis barthlottii,Rhipsalis
Rhipsalis boliviana,Rhipsalis
Rhipsalis burchellii,Rhipsalis
Rhipsalis campos-portoana,Rhipsalis
Rhipsalis cereoides,Rhipsalis
Rhipsalis cereuscula,Rhipsalis
Rhipsalis clavata,Rhipsalis
Rhipsalis crenata,Rhipsalis
Rhipsalis crispata,Rhipsalis
Rhipsalis cruciformis,Rhipsalis
Rhipsalis cuneata,Rhipsalis
Rhipsalis cylindrica,Rhipsalis
Rhipsalis dissimilis,Rhipsalis
Rhipsalis elliptica,Rhipsalis
Rhipsalis ewaldiana,Rhipsalis
Rhipsalis flagelliformis,Rhipsalis
Rhipsalis floccosa,Rhipsalis
Rhipsalis goebeliana,Rhipsalis
Rhipsalis grandiflora,Rhipsalis
Rhipsalis hileiabaiana,Rhipsalis
Rhipsalis hoelleri,Rhipsalis
Rhipsalis horrida,Rhipsalis
Rhipsalis houlletiana,Rhipsalis
Rhipsalis hylaea,Rhipsalis
Rhipsalis incachacana,Rhipsalis
Rhipsalis juengeri,Rhipsalis
Rhipsalis kirbergii,Rhipsalis
Rhipsalis lindbergiana,Rhipsalis
Rhipsalis loefgrenii,Rhipsalis
Rhipsalis lorentziana,Rhipsalis
Rhipsalis lumbricoides,Rhipsalis
Rhipsalis mesembryanthemoides,Rhipsalis
Rhipsalis micrantha,Rhipsalis
Rhipsalis monacantha,Rhipsalis
Rhipsalis neves-armondii,Rhipsalis
Rhipsalis oblonga,Rhipsalis
Rhipsalis occidentalis,Rhipsalis
Rhipsalis olivifera,Rhipsalis
Rhipsalis ormindoi,Rhipsalis
Rhipsalis pacheco-leonis,Rhipsalis
Rhipsalis pachyptera,Rhipsalis
Rhipsalis paradoxa,Rhipsalis
Rhipsalis paranganiensis,Rhipsalis
Rhipsalis pentaptera,Rhipsalis
Rhipsalis pilocarpa,Rhipsalis
Rhipsalis pittieri,Rhipsalis
Rhipsalis platycarpa,Rhipsalis
Rhipsalis pulchra,Rhipsalis
Rhipsalis puniceodiscus,Rhipsalis
Rhipsalis rhombea,Rhipsalis
Rhipsalis riocampanensis,Rhipsalis
Rhipsalis russellii,Rhipsalis
Rhipsalis shaferi,Rhipsalis
Rhipsalis simmleri,Rhipsalis
Rhipsalis sulcata,Rhipsalis
Rhipsalis teres,Rhipsalis
Rhipsalis tonduzii,Rhipsalis
Rhipsalis triangularis,Rhipsalis
Rhipsalis trigona,Rhipsalis
Rhipsalis tucumanensis,Rhipsalis
Rhipsalis undulata,Rhipsalis
Rhipsalis warmingiana,Rhipsalis
Samaipaticereus corroanus,Samaipaticereus
Samaipaticereus inquisivensis,Samaipaticereus
Schlumbergera bridgesii,Schlumbergera
Schlumbergera gaertneri,Schlumbergera
Schlumbergera kautskyi,Schlumbergera
Schlumbergera microsphaerica,Schlumbergera
Schlumbergera obtusangula,Schlumbergera
Schlumbergera opuntioides,Schlumbergera
Schlumbergera orssichiana,Schlumbergera
Schlumbergera russelliana,Schlumbergera
Schlumbergera truncata,Schlumbergera
Sclerocactus blainei,Sclerocactus
Sclerocactus brevispinus,Sclerocactus
Sclerocactus cloverae,Sclerocactus
Sclerocactus glaucus,Sclerocactus
Sclerocactus mesae-verdae,Sclerocactus
Sclerocactus nyensis,Sclerocactus
Sclerocactus papyracanthus,Sclerocactus
Sclerocactus parviflorus,Sclerocactus
Sclerocactus polyancistrus,Sclerocactus
Sclerocactus pubispinus,Sclerocactus
Sclerocactus scheeri,Sclerocactus
Sclerocactus sileri,Sclerocactus
Sclerocactus spinosior,Sclerocactus
Sclerocactus uncinatus,Sclerocactus
Sclerocactus wetlandicus,Sclerocactus
Sclerocactus whipplei,Sclerocactus
Sclerocactus wrightiae,Sclerocactus
Selenicereus anthonyanus,Selenicereus
Selenicereus atropilosus,Selenicereus
Selenicereus boeckmannii,Selenicereus
Selenicereus brevispinus,Selenicereus
Selenicereus chontalensis,Selenicereus
Selenicereus chrysocardium,Selenicereus
Selenicereus coniflorus,Selenicereus
Selenicereus costaricensis,Selenicereus
Selenicereus donkelaarii,Selenicereus
Selenicereus extensus,Selenicereus
Selenicereus grandiflorus,Selenicereus
Selenicereus guatemalensis,Selenicereus
Selenicereus hamatus,Selenicereus
Selenicereus hondurensis,Selenicereus
Selenicereus inermis,Selenicereus
Selenicereus innesii,Selenicereus
Selenicereus macdonaldiae,Selenicereus
Selenicereus maxonii,Selenicereus
Selenicereus megalanthus,Selenicereus
Selenicereus minutiflorus,Selenicereus
Selenicereus mirandae,Selenicereus
Selenicereus monacanthus,Selenicereus
Selenicereus murrillii,Selenicereus
Selenicereus nelsonii,Selenicereus
Selenicereus ocamponis,Selenicereus
Selenicereus pteranthus,Selenicereus
Selenicereus rothii,Selenicereus
Selenicereus rubineus,Selenicereus
Selenicereus setaceus,Selenicereus
Selenicereus spinulosus,Selenicereus
Selenicereus testudo,Selenicereus
Selenicereus triangularis,Selenicereus
Selenicereus tricae,Selenicereus
Selenicereus trigonus,Selenicereus
Selenicereus undatus,Selenicereus
Selenicereus vagans,Selenicereus
Selenicereus validus,Selenicereus
Selenicereus wercklei,Selenicereus
Selenicereus wittii,Selenicereus
Setiechinopsis mirabilis,Setiechinopsis
Stenocactus anfractuosus,Stenocactus
Stenocactus arrigens,Stenocactus
Stenocactus coptonogonus,Stenocactus
Stenocactus crispatus,Stenocactus
Stenocactus dichroacanthus,Stenocactus
Stenocactus heteracanthus,Stenocactus
Stenocactus lamellosus,Stenocactus
Stenocactus lancifer,Stenocactus
Stenocactus multicostatus,Stenocactus
Stenocactus obvallatus,Stenocactus
Stenocactus ochoterenaus,Stenocactus
Stenocactus ochoterenianus,Stenocactus
Stenocactus pentacanthus,Stenocactus
Stenocactus phyllacanthus,Stenocactus
Stenocactus sulphureus,Stenocactus
Stenocactus vaupelianus,Stenocactus
Stenocactus wippermannii,Stenocactus
Stenocereus alamosensis,Stenocereus
Stenocereus aragonii,Stenocereus
Stenocereus beneckei,Stenocereus
Stenocereus chacalapensis,Stenocereus
Stenocereus chrysocarpus,Stenocereus
Stenocereus dumortieri,Stenocereus
Stenocereus eichlamii,Stenocereus
Stenocereus eruca,Stenocereus
Stenocereus fimbriatus,Stenocereus
Stenocereus fricii,Stenocereus
Stenocereus griseus,Stenocereus
Stenocereus gummosus,Stenocereus
Stenocereus humilis,Stenocereus
Stenocereus hystrix,Stenocereus
Stenocereus kerberi,Stenocereus
Stenocereus laevigatus,Stenocereus
Stenocereus martinezii,Stenocereus
Stenocereus montanus,Stenocereus
Stenocereus pruinosus,Stenocereus
Stenocereus queretaroensis,Stenocereus
Stenocereus quevedonis,Stenocereus
Stenocereus standleyi,Stenocereus
Stenocereus stellatus,Stenocereus
Stenocereus thurberi,Stenocereus
Stenocereus treleasei,Stenocereus
Stenocereus yunckeri,Stenocereus
Stephanocereus leucostele,Stephanocereus
Stephanocereus luetzelburgii,Stephanocereus
Stetsonia coryne,Stetsonia
Strombocactus disciformis,Strombocactus
Strophocactus brasiliensis,Strophocactus
Strophocactus sicariguensis,Strophocactus
Strophocactus wittii,Strophocactus
Subpilocereus albispinus,Subpilocereus
Subpilocereus horrispinus,Subpilocereus
Subpilocereus mortensenii,Subpilocereus
Subpilocereus repandus,Subpilocereus
Sulcorebutia arenacea,Sulcorebutia
Sulcorebutia atrospinosa,Sulcorebutia
Sulcorebutia azurduyensis,Sulcorebutia
Sulcorebutia breviflora,Sulcorebutia
Sulcorebutia camargoensis,Sulcorebutia
Sulcorebutia candiae,Sulcorebutia
Sulcorebutia canigueralii,Sulcorebutia
Sulcorebutia cantargalloensis,Sulcorebutia
Sulcorebutia caracarensis,Sulcorebutia
Sulcorebutia cardenasiana,Sulcorebutia
Sulcorebutia christiei,Sulcorebutia
Sulcorebutia confusa,Sulcorebutia
Sulcorebutia crispata,Sulcorebutia
Sulcorebutia cylindrica,Sulcorebutia
Sulcorebutia dorana,Sulcorebutia
Sulcorebutia frankiana,Sulcorebutia
Sulcorebutia gemmae,Sulcorebutia
Sulcorebutia glomeriseta,Sulcorebutia
Sulcorebutia heliosoides,Sulcorebutia
Sulcorebutia insperata,Sulcorebutia
Sulcorebutia juckeri,Sulcorebutia
Sulcorebutia kruegerae,Sulcorebutia
Sulcorebutia lamprochlora,Sulcorebutia
Sulcorebutia langeri,Sulcorebutia
Sulcorebutia losenickyana,Sulcorebutia
Sulcorebutia mentosa,Sulcorebutia
Sulcorebutia pulchra,Sulcorebutia
Sulcorebutia purpurea,Sulcorebutia
Sulcorebutia roberto-vasquezii,Sulcorebutia
Sulcorebutia steinbachii,Sulcorebutia
Sulcorebutia tarabucoensis,Sulcorebutia
Sulcorebutia tarijensis,Sulcorebutia
Sulcorebutia tiraquensis,Sulcorebutia
Sulcorebutia torotorensis,Sulcorebutia
Sulcorebutia vargasii,Sulcorebutia
Sulcorebutia vasqueziana,Sulcorebutia
Sulcorebutia verticillacantha,Sulcorebutia
Sulcorebutia viridis,Sulcorebutia
Tacinga braunii,Tacinga
Tacinga funalis,Tacinga
Tacinga inamoena,Tacinga
Tacinga lilae,Tacinga
Tacinga palmadora,Tacinga
Tacinga saxatilis,Tacinga
Tacinga werneri,Tacinga
Tephrocactus alexanderi,Tephrocactus
Tephrocactus aoracanthus,Tephrocactus
Tephrocactus articulatus,Tephrocactus
Tephrocactus campestris,Tephrocactus
Tephrocactus chichensis,Tephrocactus
Tephrocactus diademata,Tephrocactus
Tephrocactus echinaceus,Tephrocactus
Tephrocactus geometricus,Tephrocactus
Tephrocactus halophilus,Tephrocactus
Tephrocactus molinensis,Tephrocactus
Tephrocactus multiareolatus,Tephrocactus
Tephrocactus weberi,Tephrocactus
Thelocactus bicolor,Thelocactus
Thelocactus conothelos,Thelocactus
Thelocactus hastifer,Thelocactus
Thelocactus heterochromus,Thelocactus
Thelocactus hexaedrophorus,Thelocactus
Thelocactus lausseri,Thelocactus
Thelocactus leucacanthus,Thelocactus
Thelocactus lophothele,Thelocactus
Thelocactus macdowellii,Thelocactus
Thelocactus rinconensis,Thelocactus
Thelocactus setispinus,Thelocactus
Thelocactus tulensis,Thelocactus
Thelocephala esmeraldana,Thelocephala
Thelocephala napina,Thelocephala
Thelocephala odieri,Thelocephala
Thelocephala tenebrica,Thelocephala
Thrixanthocereus longispinus,Thrixanthocereus
Trichocereus andalgalensis,Trichocereus
Trichocereus angelesiae,Trichocereus
Trichocereus arboricola,Trichocereus
Trichocereus atacamensis,Trichocereus
Trichocereus bridgesii,Trichocereus
Trichocereus cabrerae,Trichocereus
Trichocereus camarguensis,Trichocereus
Trichocereus candicans,Trichocereus
Trichocereus chiloensis,Trichocereus
Trichocereus clavatus,Trichocereus
Trichocereus coquimbanus,Trichocereus
Trichocereus deserticola,Trichocereus
Trichocereus fabrisii,Trichocereus
Trichocereus herzogianus,Trichocereus
Trichocereus huascha,Trichocereus
Trichocereus lamprochlorus,Trichocereus
Trichocereus litoralis,Trichocereus
Trichocereus macrogonus,Trichocereus
Trichocereus narvaecensis,Trichocereus
Trichocereus nigripilis,Trichocereus
Trichocereus peruvianus,Trichocereus
Trichocereus pseudocandicans,Trichocereus
Trichocereus riomizquensis,Trichocereus
Trichocereus rowleyi,Trichocereus
Trichocereus schickendantzii,Trichocereus
Trichocereus skottsbergii,Trichocereus
Trichocereus smrzianus,Trichocereus
Trichocereus spachianus,Trichocereus
Trichocereus strigosus,Trichocereus
Trichocereus tacaquirensis,Trichocereus
Trichocereus tacnaensis,Trichocereus
Trichocereus taquimbalensis,Trichocereus
Trichocereus tarijensis,Trichocereus
Trichocereus terscheckii,Trichocereus
Trichocereus thelegonoides,Trichocereus
Trichocereus thelegonus,Trichocereus
Trichocereus tunariensis,Trichocereus
Trichocereus uyupampensis,Trichocereus
Trichocereus vasquezii,Trichocereus
Trichocereus vatteri,Trichocereus
Trichocereus vollianus,Trichocereus
Trichocereus werdermannianus,Trichocereus
Tunilla albisaetacens,Tunilla
Tunilla chilensis,Tunilla
Tunilla corrugata,Tunilla
Tunilla soehrensii,Tunilla
Tunilla tilcarensis,Tunilla
Turbinicarpus alonsoi,Turbinicarpus
Turbinicarpus beguinii,Turbinicarpus
Turbinicarpus booleanus,Turbinicarpus
Turbinicarpus dickisoniae,Turbinicarpus
Turbinicarpus gielsdorfianus,Turbinicarpus
Turbinicarpus hoferi,Turbinicarpus
Turbinicarpus horripilus,Turbinicarpus
Turbinicarpus jauernigii,Turbinicarpus
Turbinicarpus laui,Turbinicarpus
Turbinicarpus lophophoroides,Turbinicarpus
Turbinicarpus mandragora,Turbinicarpus
Turbinicarpus pseudomacrochele,Turbinicarpus
Turbinicarpus pseudopectinatus,Turbinicarpus
Turbinicarpus roseiflorus,Turbinicarpus
Turbinicarpus saueri,Turbinicarpus
Turbinicarpus schmiedickeanus,Turbinicarpus
Turbinicarpus subterraneus,Turbinicarpus
Turbinicarpus swobodae,Turbinicarpus
Turbinicarpus valdezianus,Turbinicarpus
Turbinicarpus viereckii,Turbinicarpus
Turbinicarpus zaragozae,Turbinicarpus
Uebelmannia buiningii,Uebelmannia
Uebelmannia gummifera,Uebelmannia
Uebelmannia pectinifera,Uebelmannia
Weberbauerocereus churinensis,Weberbauerocereus
Weberbauerocereus cuzcoensis,Weberbauerocereus
Weberbauerocereus johnsonii,Weberbauerocereus
Weberbauerocereus longicomus,Weberbauerocereus
Weberbauerocereus madidiensis,Weberbauerocereus
Weberbauerocereus rauhii,Weberbauerocereus
Weberbauerocereus torataensis,Weberbauerocereus
Weberbauerocereus weberbaueri,Weberbauerocereus
Weberbauerocereus winterianus,Weberbauerocereus
Weberocereus biolleyi,Weberocereus
Weberocereus bradei,Weberocereus
Weberocereus frohningiorum,Weberocereus
Weberocereus glaber,Weberocereus
Weberocereus imitans,Weberocereus
Weberocereus panamensis,Weberocereus
Weberocereus rosei,Weberocereus
Weberocereus tonduzii,Weberocereus
Weberocereus trichophorus,Weberocereus
Weberocereus tunilla,Weberocereus
Weingartia cintiensis,Weingartia
Weingartia fidaiana,Weingartia
Weingartia kargliana,Weingartia
Weingartia lanata,Weingartia
Weingartia neocumingii,Weingartia
Weingartia neumanniana,Weingartia
Weingartia pucarensis,Weingartia
Weingartia westii,Weingartia
Werckleocereus tonduzii,Werckleocereus
Wigginsia erinacea,Wigginsia
Wigginsia pauciareolata,Wigginsia
Wigginsia schaeferiana,Wigginsia
Wigginsia tephracantha,Wigginsia
Wilcoxia viperina,Wilcoxia
Winterocereus aureispinus,Winterocereus
Winterocereus colademononis,Winterocereus
Yavia cryptocarpa,Yavia
Yungasocereus inquisivensis,Yungasocereus
x Cleistocana mirabilis,x Cleistocana
x Haagespostoa climaxantha,x Haagespostoa
x Pacherocactus orcuttii,x Pacherocactus
