source_dataset,source_url,source_record_id,species,genus,family,trait_group,trait_name,trait_value,unit,method,latitude,longitude,elevation_m,project_pi,access,retrieved_utc
BIEN,http://ucjeps.berkeley.edu/EFT.html,15518,Ferocactus cylindraceus,Ferocactus,Cactaceae,body_size,seed mass,2.542,mg,data compilation,,,,D.D. Ackerly,public,2026-03-28 22:54:12 UTC
BIEN,http://www.americanforests.org/resources/bigtrees/register.php,3101211,Opuntia ficus-indica,Opuntia,Cactaceae,body_size,whole plant height,4.2672,m,Maximum height,,,,,public,2026-03-28 22:54:12 UTC
BIEN,http://www.kew.org/data/sid ,3104204,Opuntia basilaris,Opuntia,Cactaceae,body_size,seed mass,56.043,mg,data compilation; average of 1000 seeds,,,,"Liu, K., Eastwood, R.J., Flynn, S., Turner, R.M., and Stuppy, W.H.",public,2026-03-28 22:54:12 UTC
BIEN,https://bien.nceas.ucsb.edu/bien/,3111156,Cumulopuntia boliviana,Cumulopuntia,Cactaceae,body_size,leaf nitrogen content per leaf dry mass,8.35852806,mg.g-1,Total amount of N per unit of dry leaf mass - Cornelissen et al. 2003,-18.25667,-69.30472,4620,Cyrille Violle/Brian Enquist ,public,2026-03-28 22:54:12 UTC
BIEN,http://www.kew.org/data/sid ,3116300,Echinocactus horizonthalonius,Echinocactus,Cactaceae,body_size,seed mass,7.11,mg,data compilation; average of 1000 seeds,,,,"Liu, K., Eastwood, R.J., Flynn, S., Turner, R.M., and Stuppy, W.H.",public,2026-03-28 22:54:12 UTC
BIEN,http://www.kew.org/data/sid ,3116971,Cylindropuntia acanthocarpa,Cylindropuntia,Cactaceae,body_size,seed mass,13.664,mg,data compilation; average of 1000 seeds,,,,"Liu, K., Eastwood, R.J., Flynn, S., Turner, R.M., and Stuppy, W.H.",public,2026-03-28 22:54:12 UTC
BIEN,http://www.kew.org/data/sid ,3117017,Opuntia occidentalis,Opuntia,Cactaceae,body_size,seed mass,12.655,mg,data compilation; average of 1000 seeds,,,,"Liu, K., Eastwood, R.J., Flynn, S., Turner, R.M., and Stuppy, W.H.",public,2026-03-28 22:54:12 UTC
BIEN,https://bien.nceas.ucsb.edu/bien/,3118550,Opuntia polyacantha,Opuntia,Cactaceae,flower_color,flower color,Pink,,,,,,,public,2026-03-28 22:54:12 UTC
BIEN,http://www.kew.org/data/sid ,3131577,Opuntia fragilis,Opuntia,Cactaceae,body_size,seed mass,20.85,mg,data compilation; average of 1000 seeds,,,,"Liu, K., Eastwood, R.J., Flynn, S., Turner, R.M., and Stuppy, W.H.",public,2026-03-28 22:54:12 UTC
BIEN,http://www.kew.org/data/sid ,3131979,Opuntia xvaseyi,Opuntia,Cactaceae,body_size,seed mass,4.859,mg,data compilation; average of 1000 seeds,,,,"Liu, K., Eastwood, R.J., Flynn, S., Turner, R.M., and Stuppy, W.H.",public,2026-03-28 22:54:12 UTC
BIEN,https://bien.nceas.ucsb.edu/bien/,3145742,Cylindropuntia leptocaulis,Cylindropuntia,Cactaceae,flower_color,flower color,Yellow,,,,,,,public,2026-03-28 22:54:12 UTC
BIEN,https://bien.nceas.ucsb.edu/bien/,3145777,Cylindropuntia arbuscula,Cylindropuntia,Cactaceae,flower_color,flower color,Yellow,,,,,,,public,2026-03-28 22:54:12 UTC
BIEN,http://www.kew.org/data/sid ,3142760,Carnegiea gigantea,Carnegiea,Cactaceae,body_size,seed mass,1.330093,mg,data compilation; average of 1000 seeds,,,,"Liu, K., Eastwood, R.J., Flynn, S., Turner, R.M., and Stuppy, W.H.",public,2026-03-28 22:54:12 UTC
BIEN,http://www.kew.org/data/sid ,3142902,Carnegiea gigantea,Carnegiea,Cactaceae,body_size,seed mass,1.330093,mg,data compilation; average of 1000 seeds,,,,"Liu, K., Eastwood, R.J., Flynn, S., Turner, R.M., and Stuppy, W.H.",public,2026-03-28 22:54:12 UTC
BIEN,http://www.kew.org/data/sid ,3142938,Carnegiea gigantea,Carnegiea,Cactaceae,body_size,seed mass,1.3,mg,data compilation; average of 1000 seeds,,,,"Liu, K., Eastwood, R.J., Flynn, S., Turner, R.M., and Stuppy, W.H.",public,2026-03-28 22:54:12 UTC
BIEN,http://www.kew.org/data/sid ,3142952,Carnegiea gigantea,Carnegiea,Cactaceae,body_size,seed mass,1.007983,mg,data compilation; average of 1000 seeds,,,,"Liu, K., Eastwood, R.J., Flynn, S., Turner, R.M., and Stuppy, W.H.",public,2026-03-28 22:54:12 UTC
BIEN,http://www.kew.org/data/sid ,3142967,Carnegiea gigantea,Carnegiea,Cactaceae,body_size,seed mass,1.007,mg,data compilation; average of 1000 seeds,,,,"Liu, K., Eastwood, R.J., Flynn, S., Turner, R.M., and Stuppy, W.H.",public,2026-03-28 22:54:12 UTC
BIEN,https://bien.nceas.ucsb.edu/bien/,3144334,Cereus validus,Cereus,Cactaceae,body_size,maximum whole plant height,4.15,m,,,,,Angela Moles,public,2026-03-28 22:54:12 UTC
BIEN,https://bien.nceas.ucsb.edu/bien/,3144354,Cylindropuntia acanthocarpa,Cylindropuntia,Cactaceae,body_size,maximum whole plant height,0.72,m,,,,,Angela Moles,public,2026-03-28 22:54:12 UTC
BIEN,https://bien.nceas.ucsb.edu/bien/,3144565,Opuntia macrocentra,Opuntia,Cactaceae,flower_color,flower color,Yellow,,,,,,,public,2026-03-28 22:54:12 UTC
BIEN,https://bien.nceas.ucsb.edu/bien/,3144644,Ferocactus fordii,Ferocactus,Cactaceae,flower_color,flower color,Pink,,,,,,,public,2026-03-28 22:54:12 UTC
BIEN,https://bien.nceas.ucsb.edu/bien/,3144977,Echinocereus fendleri,Echinocereus,Cactaceae,flower_color,flower color,Purple,,,,,,,public,2026-03-28 22:54:12 UTC
BIEN,https://bien.nceas.ucsb.edu/bien/,3145256,Cylindropuntia imbricata,Cylindropuntia,Cactaceae,flower_color,flower color,Purple,,,,,,,public,2026-03-28 22:54:12 UTC
BIEN,http://www.americanforests.org/resources/bigtrees/register.php,3147756,Cereus robinii,Cereus,Cactaceae,body_size,whole plant height,7.0104,m,Maximum height,,,,,public,2026-03-28 22:54:12 UTC
BIEN,http://www.americanforests.org/resources/bigtrees/register.php,3148822,Carnegiea gigantea,Carnegiea,Cactaceae,body_size,whole plant height,11.2776,m,Maximum height,,,,,public,2026-03-28 22:54:12 UTC
BIEN,http://www.kew.org/data/sid ,3188119,Carnegiea gigantea,Carnegiea,Cactaceae,body_size,seed mass,1.01,mg,data compilation; average of 1000 seeds,,,,"Liu, K., Eastwood, R.J., Flynn, S., Turner, R.M., and Stuppy, W.H.",public,2026-03-28 22:54:12 UTC
BIEN,http://www.kew.org/data/sid ,3193825,Opuntia humifusa,Opuntia,Cactaceae,body_size,seed mass,29.4,mg,data compilation; average of 1000 seeds,,,,"Liu, K., Eastwood, R.J., Flynn, S., Turner, R.M., and Stuppy, W.H.",public,2026-03-28 22:54:12 UTC
BIEN,https://bien.nceas.ucsb.edu/bien/,3246357,Cylindropuntia bigelovii,Cylindropuntia,Cactaceae,flower_color,flower color,Yellow,,,,,,,public,2026-03-28 22:54:12 UTC
BIEN,http://www.kew.org/data/sid ,3240680,Echinocactus horizonthalonius,Echinocactus,Cactaceae,body_size,seed mass,7.11,mg,data compilation; average of 1000 seeds,,,,"Liu, K., Eastwood, R.J., Flynn, S., Turner, R.M., and Stuppy, W.H.",public,2026-03-28 22:54:12 UTC
BIEN,https://bien.nceas.ucsb.edu/bien/,3237411,Browningia candelaris,Browningia,Cactaceae,body_size,leaf phosphorus content per leaf dry mass,2.05258,mg.g-1,,-22.60444,-77.05083,2250,Cyrille Violle/Brian Enquist ,public,2026-03-28 22:54:12 UTC
BIEN,http://www.kew.org/data/sid ,3240690,Echinocactus polycephalus,Echinocactus,Cactaceae,body_size,seed mass,7.273,mg,data compilation; average of 1000 seeds,,,,"Liu, K., Eastwood, R.J., Flynn, S., Turner, R.M., and Stuppy, W.H.",public,2026-03-28 22:54:12 UTC
BIEN,http://www.kew.org/data/sid ,3242408,Opuntia littoralis,Opuntia,Cactaceae,body_size,seed mass,7.294,mg,data compilation; average of 1000 seeds,,,,"Liu, K., Eastwood, R.J., Flynn, S., Turner, R.M., and Stuppy, W.H.",public,2026-03-28 22:54:12 UTC
BIEN,https://bien.nceas.ucsb.edu/bien/,3248968,Opuntia sulphurea,Opuntia,Cactaceae,body_size,maximum whole plant height,0.428333333,m,,,,,Angela Moles,public,2026-03-28 22:54:12 UTC
BIEN,https://bien.nceas.ucsb.edu/bien/,3248969,Opuntia aurantiaca,Opuntia,Cactaceae,body_size,maximum whole plant height,0.5,m,,,,,Angela Moles,public,2026-03-28 22:54:12 UTC
BIEN,https://bien.nceas.ucsb.edu/bien/,3248970,Opuntia ficus-indica,Opuntia,Cactaceae,body_size,maximum whole plant height,4,m,,,,,Angela Moles,public,2026-03-28 22:54:12 UTC
BIEN,https://bien.nceas.ucsb.edu/bien/,3250920,Sclerocactus parviflorus,Sclerocactus,Cactaceae,flower_color,flower color,Purple,,,,,,,public,2026-03-28 22:54:12 UTC
BIEN,http://datadryad.org/resource/doi:10.5061/dryad.m88g7,3453843,Opuntia fragilis,Opuntia,Cactaceae,body_size,seed mass,22.36643,mg,"These measurements are taken from of a larger dataset assembled by Cornwell. Cornwell, W.K., Westoby, M., Falster, D.S. et al. (2014) Functional distinctiveness of major plant lineages. Journal of Ecology, 102, 345Â356.",,,,Marx HE,public,2026-03-28 22:54:12 UTC
BIEN,http://datadryad.org/resource/doi:10.5061/dryad.m88g7,3453845,Opuntia fragilis,Opuntia,Cactaceae,body_size,whole plant height,0.2,m,"These measurements are taken from of a larger dataset assembled by Cornwell. Cornwell, W.K., Westoby, M., Falster, D.S. et al. (2014) Functional distinctiveness of major plant lineages. Journal of Ecology, 102, 345Â356.",,,,Marx HE,public,2026-03-28 22:54:12 UTC
BIEN,http://www.kew.org/data/sid ,3864766,Echinocactus horizonthalonius,Echinocactus,Cactaceae,body_size,seed mass,7.11,mg,data compilation; average of 1000 seeds,,,,"Liu, K., Eastwood, R.J., Flynn, S., Turner, R.M., and Stuppy, W.H.",public,2026-03-28 22:54:12 UTC
BIEN,http://www.kew.org/data/sid ,3894409,Opuntia basilaris,Opuntia,Cactaceae,body_size,seed mass,27.608,mg,data compilation; average of 1000 seeds,,,,"Liu, K., Eastwood, R.J., Flynn, S., Turner, R.M., and Stuppy, W.H.",public,2026-03-28 22:54:12 UTC
BIEN,http://www.kew.org/data/sid ,3895447,Opuntia ficus-indica,Opuntia,Cactaceae,body_size,seed mass,25,mg,data compilation; average of 1000 seeds,,,,"Liu, K., Eastwood, R.J., Flynn, S., Turner, R.M., and Stuppy, W.H.",public,2026-03-28 22:54:12 UTC
BIEN,http://www.kew.org/data/sid ,3956956,Carnegiea gigantea,Carnegiea,Cactaceae,body_size,seed mass,1.007983,mg,data compilation; average of 1000 seeds,,,,"Liu, K., Eastwood, R.J., Flynn, S., Turner, R.M., and Stuppy, W.H.",public,2026-03-28 22:54:12 UTC
BIEN,https://bien.nceas.ucsb.edu/bien/,3958338,Mammillaria grahamii,Mammillaria,Cactaceae,flower_color,flower color,Pink,,,,,,,public,2026-03-28 22:54:12 UTC
BIEN,https://bien.nceas.ucsb.edu/bien/,3962390,Cylindropuntia echinocarpa,Cylindropuntia,Cactaceae,flower_color,flower color,Yellow,,,,,,,public,2026-03-28 22:54:12 UTC
BIEN,https://bien.nceas.ucsb.edu/bien/,3962721,Cylindropuntia bigelovii,Cylindropuntia,Cactaceae,flower_color,flower color,Yellow,,,,,,,public,2026-03-28 22:54:12 UTC
BIEN,https://bien.nceas.ucsb.edu/bien/,3963820,Bergerocactus emoryi,Bergerocactus,Cactaceae,flower_color,flower color,Yellow,,,,,,,public,2026-03-28 22:54:12 UTC
BIEN,https://bien.nceas.ucsb.edu/bien/,3963930,Cylindropuntia whipplei,Cylindropuntia,Cactaceae,flower_color,flower color,Yellow,,,,,,,public,2026-03-28 22:54:12 UTC
BIEN,https://bien.nceas.ucsb.edu/bien/,3964474,Echinocereus fasciculatus,Echinocereus,Cactaceae,flower_color,flower color,Red,,,,,,,public,2026-03-28 22:54:12 UTC
BIEN,https://bien.nceas.ucsb.edu/bien/,3966313,Carnegiea gigantea,Carnegiea,Cactaceae,flower_color,flower color,White,,,,,,,public,2026-03-28 22:54:12 UTC
BIEN,https://bien.nceas.ucsb.edu/bien/,3966315,Echinocereus triglochidiatus,Echinocereus,Cactaceae,flower_color,flower color,Red,,,,,,,public,2026-03-28 22:54:12 UTC
BIEN,https://bien.nceas.ucsb.edu/bien/,3966908,Peniocereus greggii,Peniocereus,Cactaceae,flower_color,flower color,White,,,,,,,public,2026-03-28 22:54:12 UTC
BIEN,https://bien.nceas.ucsb.edu/bien/,3968365,Cylindropuntia fulgida,Cylindropuntia,Cactaceae,flower_color,flower color,Purple,,,,,,,public,2026-03-28 22:54:12 UTC
BIEN,https://bien.nceas.ucsb.edu/bien/,3982296,Opuntia polyacantha,Opuntia,Cactaceae,flower_color,flower color,Yellow,,,,,,,public,2026-03-28 22:54:12 UTC
BIEN,https://bien.nceas.ucsb.edu/bien/,3982295,Opuntia ficus-indica,Opuntia,Cactaceae,flower_color,flower color,Red,,,,,,,public,2026-03-28 22:54:12 UTC
BIEN,https://bien.nceas.ucsb.edu/bien/,3982294,Ferocactus wislizeni,Ferocactus,Cactaceae,flower_color,flower color,Orange,,,,,,,public,2026-03-28 22:54:12 UTC
BIEN,https://bien.nceas.ucsb.edu/bien/,3982297,Peniocereus greggii,Peniocereus,Cactaceae,flower_color,flower color,White,,,,,,,public,2026-03-28 22:54:12 UTC
BIEN,https://bien.nceas.ucsb.edu/bien/,3982298,Escobaria vivipara,Escobaria,Cactaceae,flower_color,flower color,Pink,,,,,,,public,2026-03-28 22:54:12 UTC
BIEN,https://bien.nceas.ucsb.edu/bien/,3982299,Pediocactus bradyi,Pediocactus,Cactaceae,flower_color,flower color,White,,,,,,,public,2026-03-28 22:54:12 UTC
BIEN,https://bien.nceas.ucsb.edu/bien/,3982300,Cylindropuntia ramosissima,Cylindropuntia,Cactaceae,flower_color,flower color,Orange,,,,,,,public,2026-03-28 22:54:12 UTC
BIEN,https://bien.nceas.ucsb.edu/bien/,3982301,Cylindropuntia acanthocarpa,Cylindropuntia,Cactaceae,flower_color,flower color,Red,,,,,,,public,2026-03-28 22:54:12 UTC
BIEN,https://bien.nceas.ucsb.edu/bien/,3982302,Ferocactus cylindraceus,Ferocactus,Cactaceae,flower_color,flower color,Yellow,,,,,,,public,2026-03-28 22:54:12 UTC
BIEN,https://bien.nceas.ucsb.edu/bien/,3982303,Mammillaria dioica,Mammillaria,Cactaceae,flower_color,flower color,White,,,,,,,public,2026-03-28 22:54:12 UTC
BIEN,https://bien.nceas.ucsb.edu/bien/,3982304,Echinocereus fendleri,Echinocereus,Cactaceae,flower_color,flower color,Pink,,,,,,,public,2026-03-28 22:54:12 UTC
BIEN,https://bien.nceas.ucsb.edu/bien/,3982305,Opuntia polyacantha,Opuntia,Cactaceae,flower_color,flower color,Pink,,,,,,,public,2026-03-28 22:54:12 UTC
BIEN,https://bien.nceas.ucsb.edu/bien/,3982306,Echinocereus triglochidiatus,Echinocereus,Cactaceae,flower_color,flower color,Red,,,,,,,public,2026-03-28 22:54:12 UTC
BIEN,https://bien.nceas.ucsb.edu/bien/,3983230,Echinocereus triglochidiatus,Echinocereus,Cactaceae,flower_color,flower color,Red,,,,,,,public,2026-03-28 22:54:12 UTC
BIEN,https://bien.nceas.ucsb.edu/bien/,3983615,Echinocereus fasciculatus,Echinocereus,Cactaceae,flower_color,flower color,Pink,,,,,,,public,2026-03-28 22:54:12 UTC
BIEN,https://bien.nceas.ucsb.edu/bien/,3983619,Mammillaria grahamii,Mammillaria,Cactaceae,flower_color,flower color,Pink,,,,,,,public,2026-03-28 22:54:12 UTC
BIEN,https://bien.nceas.ucsb.edu/bien/,3995916,Opuntia camachoi,Opuntia,Cactaceae,body_size,leaf nitrogen content per leaf dry mass,16.59792088,mg.g-1,Total amount of N per unit of dry leaf mass - Cornelissen et al. 2003,-18.4175,-69.725,9293,Cyrille Violle/Brian Enquist ,public,2026-03-28 22:54:12 UTC
BIEN,http://www.americanforests.org/resources/bigtrees/register.php,4401416,Carnegiea gigantea,Carnegiea,Cactaceae,body_size,whole plant height,15.24,m,Maximum height,,,,,public,2026-03-28 22:54:12 UTC
BIEN,http://www.americanforests.org/resources/bigtrees/register.php,4426926,Cereus robinii,Cereus,Cactaceae,body_size,whole plant height,5.1816,m,Maximum height,,,,,public,2026-03-28 22:54:12 UTC
BIEN,http://www.americanforests.org/resources/bigtrees/register.php,4426927,Pilosocereus robinii,Pilosocereus,Cactaceae,body_size,whole plant height,7.0104,m,Maximum height,,,,,public,2026-03-28 22:54:12 UTC
BIEN,http://www.americanforests.org/resources/bigtrees/register.php,4428086,Cylindropuntia fulgida,Cylindropuntia,Cactaceae,body_size,whole plant height,6.4008,m,Maximum height,,,,,public,2026-03-28 22:54:12 UTC
BIEN,http://ucjeps.berkeley.edu/EFT.html,4432070,Ferocactus cylindraceus,Ferocactus,Cactaceae,body_size,seed mass,2.575,mg,data compilation,,,,D.D. Ackerly,public,2026-03-28 22:54:12 UTC
BIEN,http://ucjeps.berkeley.edu/EFT.html,4432161,Echinocereus engelmannii,Echinocereus,Cactaceae,body_size,seed mass,0.895,mg,data compilation,,,,D.D. Ackerly,public,2026-03-28 22:54:12 UTC
BIEN,http://www.americanforests.org/resources/bigtrees/register.php,4432116,Carnegiea gigantea,Carnegiea,Cactaceae,body_size,whole plant height,10.9728,m,Maximum height,,,,,public,2026-03-28 22:54:12 UTC
BIEN,http://ucjeps.berkeley.edu/EFT.html,4432129,Echinocactus polycephalus,Echinocactus,Cactaceae,body_size,seed mass,7.273,mg,data compilation,,,,D.D. Ackerly,public,2026-03-28 22:54:12 UTC
BIEN,http://ucjeps.berkeley.edu/EFT.html,4432147,Opuntia littoralis,Opuntia,Cactaceae,body_size,seed mass,7.294,mg,data compilation,,,,D.D. Ackerly,public,2026-03-28 22:54:12 UTC
BIEN,http://ucjeps.berkeley.edu/EFT.html,4432153,Ferocactus viridescens,Ferocactus,Cactaceae,body_size,seed mass,0.775,mg,data compilation,,,,D.D. Ackerly,public,2026-03-28 22:54:12 UTC
BIEN,http://ucjeps.berkeley.edu/EFT.html,4432154,Ferocactus viridescens,Ferocactus,Cactaceae,body_size,seed mass,0.772,mg,data compilation,,,,D.D. Ackerly,public,2026-03-28 22:54:12 UTC
BIEN,http://ucjeps.berkeley.edu/EFT.html,4432170,Cylindropuntia acanthocarpa,Cylindropuntia,Cactaceae,body_size,seed mass,13.664,mg,data compilation,,,,D.D. Ackerly,public,2026-03-28 22:54:12 UTC
BIEN,http://ucjeps.berkeley.edu/EFT.html,4432171,Opuntia basilaris,Opuntia,Cactaceae,body_size,seed mass,56.043,mg,data compilation,,,,D.D. Ackerly,public,2026-03-28 22:54:12 UTC
BIEN,http://ucjeps.berkeley.edu/EFT.html,4432172,Opuntia basilaris,Opuntia,Cactaceae,body_size,seed mass,27.608,mg,data compilation,,,,D.D. Ackerly,public,2026-03-28 22:54:12 UTC
BIEN,http://www.americanforests.org/resources/bigtrees/register.php,4432571,Carnegiea gigantea,Carnegiea,Cactaceae,body_size,whole plant height,13.1064,m,Maximum height,,,,,public,2026-03-28 22:54:12 UTC
BIEN,http://www.americanforests.org/resources/bigtrees/register.php,4432569,Carnegiea gigantea,Carnegiea,Cactaceae,body_size,whole plant height,11.2776,m,Maximum height,,,,,public,2026-03-28 22:54:12 UTC
BIEN,http://www.americanforests.org/resources/bigtrees/register.php,4432570,Carnegiea gigantea,Carnegiea,Cactaceae,body_size,whole plant height,11.5824,m,Maximum height,,,,,public,2026-03-28 22:54:12 UTC
BIEN,https://bien.nceas.ucsb.edu/bien/,33560,Pachycereus pecten-aboriginum,Pachycereus,Cactaceae,body_size,diameter at breast height (1.3 m),8,cm,,19.5,-105.05,,James S. MIller,public,2026-03-28 22:54:12 UTC
BIEN,https://bien.nceas.ucsb.edu/bien/,47159,Opuntia brasiliensis,Opuntia,Cactaceae,body_size,diameter at breast height (1.3 m),6,cm,,-17.7667,-63.0667,,James S. MIller,public,2026-03-28 22:54:12 UTC
BIEN,https://bien.nceas.ucsb.edu/bien/,60362,Pereskia aculeata,Pereskia,Cactaceae,body_size,diameter at breast height (1.3 m),3,cm,,-24.1333,-55.5333,,James S. MIller,public,2026-03-28 22:54:12 UTC
BIEN,https://bien.nceas.ucsb.edu/bien/,60488,Cleistocactus baumannii,Cleistocactus,Cactaceae,body_size,diameter at breast height (1.3 m),2.5,cm,,-18.7656,-62.2331,,James S. MIller,public,2026-03-28 22:54:12 UTC
BIEN,https://bien.nceas.ucsb.edu/bien/,60489,Stetsonia coryne,Stetsonia,Cactaceae,body_size,diameter at breast height (1.3 m),9,cm,,-18.7656,-62.2331,,James S. MIller,public,2026-03-28 22:54:12 UTC
BIEN,https://bien.nceas.ucsb.edu/bien/,60490,Stetsonia coryne,Stetsonia,Cactaceae,body_size,diameter at breast height (1.3 m),9,cm,,-18.7656,-62.2331,,James S. MIller,public,2026-03-28 22:54:12 UTC
BIEN,https://bien.nceas.ucsb.edu/bien/,60491,Stetsonia coryne,Stetsonia,Cactaceae,body_size,diameter at breast height (1.3 m),27,cm,,-18.7656,-62.2331,,James S. MIller,public,2026-03-28 22:54:12 UTC
BIEN,https://bien.nceas.ucsb.edu/bien/,60492,Stetsonia coryne,Stetsonia,Cactaceae,body_size,diameter at breast height (1.3 m),8,cm,,-18.7656,-62.2331,,James S. MIller,public,2026-03-28 22:54:12 UTC
BIEN,https://bien.nceas.ucsb.edu/bien/,60493,Stetsonia coryne,Stetsonia,Cactaceae,body_size,diameter at breast height (1.3 m),8,cm,,-18.7656,-62.2331,,James S. MIller,public,2026-03-28 22:54:12 UTC
BIEN,https://bien.nceas.ucsb.edu/bien/,71941,Pereskia guamacho,Pereskia,Cactaceae,body_size,diameter at breast height (1.3 m),5,cm,,10.8,-75.25,,James S. MIller,public,2026-03-28 22:54:12 UTC
BIEN,https://bien.nceas.ucsb.edu/bien/,71953,Pereskia guamacho,Pereskia,Cactaceae,body_size,diameter at breast height (1.3 m),2.5,cm,,10.8,-75.25,,James S. MIller,public,2026-03-28 22:54:12 UTC
BIEN,https://bien.nceas.ucsb.edu/bien/,101381,Acanthocereus tetragonus,Acanthocereus,Cactaceae,body_size,diameter at breast height (1.3 m),5,cm,,10.8,-75.25,,James S. MIller,public,2026-03-28 22:54:12 UTC
BIEN,https://bien.nceas.ucsb.edu/bien/,101382,Acanthocereus tetragonus,Acanthocereus,Cactaceae,body_size,diameter at breast height (1.3 m),5,cm,,10.8,-75.25,,James S. MIller,public,2026-03-28 22:54:12 UTC
BIEN,https://bien.nceas.ucsb.edu/bien/,101535,Stetsonia coryne,Stetsonia,Cactaceae,body_size,diameter at breast height (1.3 m),12,cm,,-19.7,-62.1,,James S. MIller,public,2026-03-28 22:54:12 UTC
BIEN,https://bien.nceas.ucsb.edu/bien/,101536,Stetsonia coryne,Stetsonia,Cactaceae,body_size,diameter at breast height (1.3 m),11,cm,,-19.7,-62.1,,James S. MIller,public,2026-03-28 22:54:12 UTC
BIEN,https://bien.nceas.ucsb.edu/bien/,112795,Cereus stenogonus,Cereus,Cactaceae,body_size,diameter at breast height (1.3 m),9,cm,,-18.7656,-62.2331,,James S. MIller,public,2026-03-28 22:54:12 UTC
BIEN,https://bien.nceas.ucsb.edu/bien/,112798,Cereus stenogonus,Cereus,Cactaceae,body_size,diameter at breast height (1.3 m),7,cm,,-18.7656,-62.2331,,James S. MIller,public,2026-03-28 22:54:12 UTC
BIEN,https://bien.nceas.ucsb.edu/bien/,112805,Cereus stenogonus,Cereus,Cactaceae,body_size,diameter at breast height (1.3 m),30,cm,,-18.7656,-62.2331,,James S. MIller,public,2026-03-28 22:54:12 UTC
BIEN,https://bien.nceas.ucsb.edu/bien/,112810,Cereus stenogonus,Cereus,Cactaceae,body_size,diameter at breast height (1.3 m),7,cm,,-18.7656,-62.2331,,James S. MIller,public,2026-03-28 22:54:12 UTC
BIEN,https://bien.nceas.ucsb.edu/bien/,112814,Cereus stenogonus,Cereus,Cactaceae,body_size,diameter at breast height (1.3 m),5,cm,,-18.7656,-62.2331,,James S. MIller,public,2026-03-28 22:54:12 UTC
BIEN,https://bien.nceas.ucsb.edu/bien/,112820,Cereus stenogonus,Cereus,Cactaceae,body_size,diameter at breast height (1.3 m),10,cm,,-18.7656,-62.2331,,James S. MIller,public,2026-03-28 22:54:12 UTC
BIEN,https://bien.nceas.ucsb.edu/bien/,112824,Cereus stenogonus,Cereus,Cactaceae,body_size,diameter at breast height (1.3 m),8,cm,,-18.7656,-62.2331,,James S. MIller,public,2026-03-28 22:54:12 UTC
BIEN,https://bien.nceas.ucsb.edu/bien/,112826,Cereus stenogonus,Cereus,Cactaceae,body_size,diameter at breast height (1.3 m),10,cm,,-18.7656,-62.2331,,James S. MIller,public,2026-03-28 22:54:12 UTC
BIEN,https://bien.nceas.ucsb.edu/bien/,112832,Cereus stenogonus,Cereus,Cactaceae,body_size,diameter at breast height (1.3 m),9,cm,,-18.7656,-62.2331,,James S. MIller,public,2026-03-28 22:54:12 UTC
BIEN,https://bien.nceas.ucsb.edu/bien/,112834,Cereus stenogonus,Cereus,Cactaceae,body_size,diameter at breast height (1.3 m),9,cm,,-18.7656,-62.2331,,James S. MIller,public,2026-03-28 22:54:12 UTC
BIEN,https://bien.nceas.ucsb.edu/bien/,112845,Cereus stenogonus,Cereus,Cactaceae,body_size,diameter at breast height (1.3 m),11,cm,,-18.7656,-62.2331,,James S. MIller,public,2026-03-28 22:54:12 UTC
BIEN,https://bien.nceas.ucsb.edu/bien/,112847,Cereus stenogonus,Cereus,Cactaceae,body_size,diameter at breast height (1.3 m),13,cm,,-18.7656,-62.2331,,James S. MIller,public,2026-03-28 22:54:12 UTC
BIEN,https://bien.nceas.ucsb.edu/bien/,112848,Cereus stenogonus,Cereus,Cactaceae,body_size,diameter at breast height (1.3 m),6,cm,,-18.7656,-62.2331,,James S. MIller,public,2026-03-28 22:54:12 UTC
BIEN,https://bien.nceas.ucsb.edu/bien/,114640,Hylocereus polyrhizus,Hylocereus,Cactaceae,body_size,diameter at breast height (1.3 m),4,cm,,-4.17,-80.587,,James S. MIller,public,2026-03-28 22:54:12 UTC
BIEN,https://bien.nceas.ucsb.edu/bien/,168722,Stetsonia coryne,Stetsonia,Cactaceae,body_size,diameter at breast height (1.3 m),16,cm,,-18.7656,-62.2331,,James S. MIller,public,2026-03-28 22:54:12 UTC
BIEN,https://bien.nceas.ucsb.edu/bien/,168723,Stetsonia coryne,Stetsonia,Cactaceae,body_size,diameter at breast height (1.3 m),17,cm,,-18.7656,-62.2331,,James S. MIller,public,2026-03-28 22:54:12 UTC
BIEN,https://bien.nceas.ucsb.edu/bien/,181644,Opuntia brasiliensis,Opuntia,Cactaceae,body_size,diameter at breast height (1.3 m),3,cm,,-14.5667,-68.4667,,James S. MIller,public,2026-03-28 22:54:12 UTC
BIEN,https://bien.nceas.ucsb.edu/bien/,181645,Opuntia brasiliensis,Opuntia,Cactaceae,body_size,diameter at breast height (1.3 m),3,cm,,-14.5667,-68.4667,,James S. MIller,public,2026-03-28 22:54:12 UTC
BIEN,https://bien.nceas.ucsb.edu/bien/,181646,Opuntia brasiliensis,Opuntia,Cactaceae,body_size,diameter at breast height (1.3 m),5,cm,,-14.5667,-68.4667,,James S. MIller,public,2026-03-28 22:54:12 UTC
BIEN,https://bien.nceas.ucsb.edu/bien/,181647,Opuntia brasiliensis,Opuntia,Cactaceae,body_size,diameter at breast height (1.3 m),7,cm,,-14.5667,-68.4667,,James S. MIller,public,2026-03-28 22:54:12 UTC
BIEN,https://bien.nceas.ucsb.edu/bien/,181648,Opuntia brasiliensis,Opuntia,Cactaceae,body_size,diameter at breast height (1.3 m),2.5,cm,,-14.5667,-68.4667,,James S. MIller,public,2026-03-28 22:54:12 UTC
BIEN,https://bien.nceas.ucsb.edu/bien/,181821,Stetsonia coryne,Stetsonia,Cactaceae,body_size,diameter at breast height (1.3 m),16,cm,,-18.7656,-62.2331,,James S. MIller,public,2026-03-28 22:54:12 UTC
BIEN,https://bien.nceas.ucsb.edu/bien/,209207,Pereskia guamacho,Pereskia,Cactaceae,body_size,diameter at breast height (1.3 m),2.5,cm,,10.8,-75.25,,James S. MIller,public,2026-03-28 22:54:12 UTC
BIEN,https://bien.nceas.ucsb.edu/bien/,209208,Pereskia guamacho,Pereskia,Cactaceae,body_size,diameter at breast height (1.3 m),2.5,cm,,10.8,-75.25,,James S. MIller,public,2026-03-28 22:54:12 UTC
BIEN,https://bien.nceas.ucsb.edu/bien/,209209,Pereskia guamacho,Pereskia,Cactaceae,body_size,diameter at breast height (1.3 m),5,cm,,10.8,-75.25,,James S. MIller,public,2026-03-28 22:54:12 UTC
BIEN,https://bien.nceas.ucsb.edu/bien/,209210,Pereskia guamacho,Pereskia,Cactaceae,body_size,diameter at breast height (1.3 m),2.5,cm,,10.8,-75.25,,James S. MIller,public,2026-03-28 22:54:12 UTC
BIEN,https://bien.nceas.ucsb.edu/bien/,235499,Pereskia guamacho,Pereskia,Cactaceae,body_size,diameter at breast height (1.3 m),2.5,cm,,10.8,-75.25,,James S. MIller,public,2026-03-28 22:54:12 UTC
BIEN,https://bien.nceas.ucsb.edu/bien/,235500,Pereskia guamacho,Pereskia,Cactaceae,body_size,diameter at breast height (1.3 m),2.5,cm,,10.8,-75.25,,James S. MIller,public,2026-03-28 22:54:12 UTC
BIEN,https://bien.nceas.ucsb.edu/bien/,235501,Pereskia guamacho,Pereskia,Cactaceae,body_size,diameter at breast height (1.3 m),18,cm,,10.8,-75.25,,James S. MIller,public,2026-03-28 22:54:12 UTC
BIEN,https://bien.nceas.ucsb.edu/bien/,235502,Pereskia guamacho,Pereskia,Cactaceae,body_size,diameter at breast height (1.3 m),7.5,cm,,10.8,-75.25,,James S. MIller,public,2026-03-28 22:54:12 UTC
BIEN,https://bien.nceas.ucsb.edu/bien/,235503,Pereskia guamacho,Pereskia,Cactaceae,body_size,diameter at breast height (1.3 m),10,cm,,10.8,-75.25,,James S. MIller,public,2026-03-28 22:54:12 UTC
BIEN,https://bien.nceas.ucsb.edu/bien/,249794,Hylocereus polyrhizus,Hylocereus,Cactaceae,body_size,diameter at breast height (1.3 m),4,cm,,-4.17,-80.587,,James S. MIller,public,2026-03-28 22:54:12 UTC
BIEN,https://bien.nceas.ucsb.edu/bien/,250078,Stetsonia coryne,Stetsonia,Cactaceae,body_size,diameter at breast height (1.3 m),48,cm,,-19.7,-62.1,,James S. MIller,public,2026-03-28 22:54:12 UTC
BIEN,https://bien.nceas.ucsb.edu/bien/,261343,Cereus repandus,Cereus,Cactaceae,body_size,diameter at breast height (1.3 m),6,cm,,-18.7656,-62.2331,,James S. MIller,public,2026-03-28 22:54:12 UTC
BIEN,https://bien.nceas.ucsb.edu/bien/,274483,Pereskia guamacho,Pereskia,Cactaceae,body_size,diameter at breast height (1.3 m),20,cm,,10.8,-75.25,,James S. MIller,public,2026-03-28 22:54:12 UTC
BIEN,https://bien.nceas.ucsb.edu/bien/,275377,Pereskia guamacho,Pereskia,Cactaceae,body_size,diameter at breast height (1.3 m),23,cm,,10.8,-75.25,,James S. MIller,public,2026-03-28 22:54:12 UTC
BIEN,https://bien.nceas.ucsb.edu/bien/,330040,Opuntia brasiliensis,Opuntia,Cactaceae,body_size,diameter at breast height (1.3 m),5,cm,,-14.5667,-68.4667,,James S. MIller,public,2026-03-28 22:54:12 UTC
BIEN,https://bien.nceas.ucsb.edu/bien/,330041,Opuntia brasiliensis,Opuntia,Cactaceae,body_size,diameter at breast height (1.3 m),3,cm,,-14.5667,-68.4667,,James S. MIller,public,2026-03-28 22:54:12 UTC
BIEN,https://bien.nceas.ucsb.edu/bien/,330042,Opuntia brasiliensis,Opuntia,Cactaceae,body_size,diameter at breast height (1.3 m),2.5,cm,,-14.5667,-68.4667,,James S. MIller,public,2026-03-28 22:54:12 UTC
BIEN,https://bien.nceas.ucsb.edu/bien/,330044,Opuntia brasiliensis,Opuntia,Cactaceae,body_size,diameter at breast height (1.3 m),3,cm,,-14.5667,-68.4667,,James S. MIller,public,2026-03-28 22:54:12 UTC
BIEN,https://bien.nceas.ucsb.edu/bien/,330046,Opuntia brasiliensis,Opuntia,Cactaceae,body_size,diameter at breast height (1.3 m),5,cm,,-14.5667,-68.4667,,James S. MIller,public,2026-03-28 22:54:12 UTC
BIEN,https://bien.nceas.ucsb.edu/bien/,330047,Opuntia brasiliensis,Opuntia,Cactaceae,body_size,diameter at breast height (1.3 m),2.5,cm,,-14.5667,-68.4667,,James S. MIller,public,2026-03-28 22:54:12 UTC
BIEN,https://bien.nceas.ucsb.edu/bien/,330048,Opuntia brasiliensis,Opuntia,Cactaceae,body_size,diameter at breast height (1.3 m),3,cm,,-14.5667,-68.4667,,James S. MIller,public,2026-03-28 22:54:12 UTC
BIEN,https://bien.nceas.ucsb.edu/bien/,330049,Opuntia brasiliensis,Opuntia,Cactaceae,body_size,diameter at breast height (1.3 m),2.5,cm,,-14.5667,-68.4667,,James S. MIller,public,2026-03-28 22:54:12 UTC
BIEN,https://bien.nceas.ucsb.edu/bien/,355693,Cereus peruvianus,Cereus,Cactaceae,body_size,diameter at breast height (1.3 m),2.5,cm,,-19.7,-62.1,,James S. MIller,public,2026-03-28 22:54:12 UTC
BIEN,https://bien.nceas.ucsb.edu/bien/,371053,Cereus repandus,Cereus,Cactaceae,body_size,diameter at breast height (1.3 m),4,cm,,-18.7656,-62.2331,,James S. MIller,public,2026-03-28 22:54:12 UTC
BIEN,https://bien.nceas.ucsb.edu/bien/,371054,Cereus repandus,Cereus,Cactaceae,body_size,diameter at breast height (1.3 m),3,cm,,-18.7656,-62.2331,,James S. MIller,public,2026-03-28 22:54:12 UTC
BIEN,https://bien.nceas.ucsb.edu/bien/,395536,Pereskia guamacho,Pereskia,Cactaceae,body_size,diameter at breast height (1.3 m),2.5,cm,,10.8,-75.25,,James S. MIller,public,2026-03-28 22:54:12 UTC
BIEN,https://bien.nceas.ucsb.edu/bien/,395539,Pereskia guamacho,Pereskia,Cactaceae,body_size,diameter at breast height (1.3 m),8,cm,,10.8,-75.25,,James S. MIller,public,2026-03-28 22:54:12 UTC
BIEN,https://bien.nceas.ucsb.edu/bien/,395540,Pereskia guamacho,Pereskia,Cactaceae,body_size,diameter at breast height (1.3 m),2.5,cm,,10.8,-75.25,,James S. MIller,public,2026-03-28 22:54:12 UTC
BIEN,https://bien.nceas.ucsb.edu/bien/,395544,Pereskia guamacho,Pereskia,Cactaceae,body_size,diameter at breast height (1.3 m),5,cm,,10.8,-75.25,,James S. MIller,public,2026-03-28 22:54:12 UTC
BIEN,https://bien.nceas.ucsb.edu/bien/,395546,Pereskia guamacho,Pereskia,Cactaceae,body_size,diameter at breast height (1.3 m),8,cm,,10.8,-75.25,,James S. MIller,public,2026-03-28 22:54:12 UTC
BIEN,https://bien.nceas.ucsb.edu/bien/,395547,Pereskia guamacho,Pereskia,Cactaceae,body_size,diameter at breast height (1.3 m),5,cm,,10.8,-75.25,,James S. MIller,public,2026-03-28 22:54:12 UTC
BIEN,https://bien.nceas.ucsb.edu/bien/,395559,Pereskia guamacho,Pereskia,Cactaceae,body_size,diameter at breast height (1.3 m),10,cm,,10.8,-75.25,,James S. MIller,public,2026-03-28 22:54:12 UTC
BIEN,https://bien.nceas.ucsb.edu/bien/,397661,Monvillea cavendishii,Monvillea,Cactaceae,body_size,diameter at breast height (1.3 m),2.5,cm,,-18.7656,-62.2331,,James S. MIller,public,2026-03-28 22:54:12 UTC
BIEN,https://bien.nceas.ucsb.edu/bien/,397662,Monvillea cavendishii,Monvillea,Cactaceae,body_size,diameter at breast height (1.3 m),3,cm,,-18.7656,-62.2331,,James S. MIller,public,2026-03-28 22:54:12 UTC
BIEN,https://bien.nceas.ucsb.edu/bien/,425415,Cereus stenogonus,Cereus,Cactaceae,body_size,diameter at breast height (1.3 m),13,cm,,-18.7656,-62.2331,,James S. MIller,public,2026-03-28 22:54:12 UTC
BIEN,https://bien.nceas.ucsb.edu/bien/,451516,Pachycereus pecten-aboriginum,Pachycereus,Cactaceae,body_size,diameter at breast height (1.3 m),20,cm,,19.5,-105.05,,James S. MIller,public,2026-03-28 22:54:12 UTC
BIEN,https://bien.nceas.ucsb.edu/bien/,492153,Opuntia brasiliensis,Opuntia,Cactaceae,body_size,diameter at breast height (1.3 m),7,cm,,-14.5667,-68.4667,,James S. MIller,public,2026-03-28 22:54:12 UTC
BIEN,https://bien.nceas.ucsb.edu/bien/,492154,Opuntia brasiliensis,Opuntia,Cactaceae,body_size,diameter at breast height (1.3 m),4,cm,,-14.5667,-68.4667,,James S. MIller,public,2026-03-28 22:54:12 UTC
BIEN,https://bien.nceas.ucsb.edu/bien/,492155,Opuntia brasiliensis,Opuntia,Cactaceae,body_size,diameter at breast height (1.3 m),3,cm,,-14.5667,-68.4667,,James S. MIller,public,2026-03-28 22:54:12 UTC
BIEN,https://bien.nceas.ucsb.edu/bien/,492156,Opuntia brasiliensis,Opuntia,Cactaceae,body_size,diameter at breast height (1.3 m),2.5,cm,,-14.5667,-68.4667,,James S. MIller,public,2026-03-28 22:54:12 UTC
BIEN,https://bien.nceas.ucsb.edu/bien/,492157,Opuntia brasiliensis,Opuntia,Cactaceae,body_size,diameter at breast height (1.3 m),5,cm,,-14.5667,-68.4667,,James S. MIller,public,2026-03-28 22:54:12 UTC
BIEN,https://bien.nceas.ucsb.edu/bien/,492158,Opuntia brasiliensis,Opuntia,Cactaceae,body_size,diameter at breast height (1.3 m),5,cm,,-14.5667,-68.4667,,James S. MIller,public,2026-03-28 22:54:12 UTC
BIEN,https://bien.nceas.ucsb.edu/bien/,492159,Opuntia brasiliensis,Opuntia,Cactaceae,body_size,diameter at breast height (1.3 m),5,cm,,-14.5667,-68.4667,,James S. MIller,public,2026-03-28 22:54:12 UTC
BIEN,https://bien.nceas.ucsb.edu/bien/,492160,Opuntia brasiliensis,Opuntia,Cactaceae,body_size,diameter at breast height (1.3 m),3,cm,,-14.5667,-68.4667,,James S. MIller,public,2026-03-28 22:54:12 UTC
BIEN,https://bien.nceas.ucsb.edu/bien/,492161,Opuntia brasiliensis,Opuntia,Cactaceae,body_size,diameter at breast height (1.3 m),5,cm,,-14.5667,-68.4667,,James S. MIller,public,2026-03-28 22:54:12 UTC
BIEN,https://bien.nceas.ucsb.edu/bien/,492162,Opuntia brasiliensis,Opuntia,Cactaceae,body_size,diameter at breast height (1.3 m),3,cm,,-14.5667,-68.4667,,James S. MIller,public,2026-03-28 22:54:12 UTC
BIEN,https://bien.nceas.ucsb.edu/bien/,586687,Cereus repandus,Cereus,Cactaceae,body_size,diameter at breast height (1.3 m),4,cm,,-18.7656,-62.2331,,James S. MIller,public,2026-03-28 22:54:12 UTC
BIEN,https://bien.nceas.ucsb.edu/bien/,586688,Cereus repandus,Cereus,Cactaceae,body_size,diameter at breast height (1.3 m),4,cm,,-18.7656,-62.2331,,James S. MIller,public,2026-03-28 22:54:12 UTC
BIEN,https://bien.nceas.ucsb.edu/bien/,586690,Cereus repandus,Cereus,Cactaceae,body_size,diameter at breast height (1.3 m),4,cm,,-18.7656,-62.2331,,James S. MIller,public,2026-03-28 22:54:12 UTC
BIEN,https://bien.nceas.ucsb.edu/bien/,613462,Quiabentia verticillata,Quiabentia,Cactaceae,body_size,diameter at breast height (1.3 m),8,cm,,-19.7,-62.1,,James S. MIller,public,2026-03-28 22:54:12 UTC
BIEN,https://bien.nceas.ucsb.edu/bien/,613463,Quiabentia verticillata,Quiabentia,Cactaceae,body_size,diameter at breast height (1.3 m),15,cm,,-19.7,-62.1,,James S. MIller,public,2026-03-28 22:54:12 UTC
BIEN,https://bien.nceas.ucsb.edu/bien/,640168,Opuntia excelsa,Opuntia,Cactaceae,body_size,diameter at breast height (1.3 m),6,cm,,19.5,-105.05,,James S. MIller,public,2026-03-28 22:54:12 UTC
BIEN,https://bien.nceas.ucsb.edu/bien/,640169,Opuntia excelsa,Opuntia,Cactaceae,body_size,diameter at breast height (1.3 m),11,cm,,19.5,-105.05,,James S. MIller,public,2026-03-28 22:54:12 UTC
BIEN,https://bien.nceas.ucsb.edu/bien/,640421,Pereskia guamacho,Pereskia,Cactaceae,body_size,diameter at breast height (1.3 m),5,cm,,10.8,-75.25,,James S. MIller,public,2026-03-28 22:54:12 UTC
BIEN,https://bien.nceas.ucsb.edu/bien/,640422,Pereskia guamacho,Pereskia,Cactaceae,body_size,diameter at breast height (1.3 m),15,cm,,10.8,-75.25,,James S. MIller,public,2026-03-28 22:54:12 UTC
BIEN,https://bien.nceas.ucsb.edu/bien/,640423,Pereskia guamacho,Pereskia,Cactaceae,body_size,diameter at breast height (1.3 m),2.5,cm,,10.8,-75.25,,James S. MIller,public,2026-03-28 22:54:12 UTC
BIEN,https://bien.nceas.ucsb.edu/bien/,640424,Pereskia guamacho,Pereskia,Cactaceae,body_size,diameter at breast height (1.3 m),8,cm,,10.8,-75.25,,James S. MIller,public,2026-03-28 22:54:12 UTC
BIEN,https://bien.nceas.ucsb.edu/bien/,640425,Pereskia guamacho,Pereskia,Cactaceae,body_size,diameter at breast height (1.3 m),2.5,cm,,10.8,-75.25,,James S. MIller,public,2026-03-28 22:54:12 UTC
BIEN,https://bien.nceas.ucsb.edu/bien/,640426,Pereskia guamacho,Pereskia,Cactaceae,body_size,diameter at breast height (1.3 m),5,cm,,10.8,-75.25,,James S. MIller,public,2026-03-28 22:54:12 UTC
BIEN,https://bien.nceas.ucsb.edu/bien/,640427,Pereskia guamacho,Pereskia,Cactaceae,body_size,diameter at breast height (1.3 m),2.5,cm,,10.8,-75.25,,James S. MIller,public,2026-03-28 22:54:12 UTC
BIEN,https://bien.nceas.ucsb.edu/bien/,640429,Pereskia guamacho,Pereskia,Cactaceae,body_size,diameter at breast height (1.3 m),2.5,cm,,10.8,-75.25,,James S. MIller,public,2026-03-28 22:54:12 UTC
BIEN,https://bien.nceas.ucsb.edu/bien/,640430,Pereskia guamacho,Pereskia,Cactaceae,body_size,diameter at breast height (1.3 m),8,cm,,10.8,-75.25,,James S. MIller,public,2026-03-28 22:54:12 UTC
BIEN,https://bien.nceas.ucsb.edu/bien/,640431,Pereskia guamacho,Pereskia,Cactaceae,body_size,diameter at breast height (1.3 m),8,cm,,10.8,-75.25,,James S. MIller,public,2026-03-28 22:54:12 UTC
BIEN,https://bien.nceas.ucsb.edu/bien/,640432,Pereskia guamacho,Pereskia,Cactaceae,body_size,diameter at breast height (1.3 m),15,cm,,10.8,-75.25,,James S. MIller,public,2026-03-28 22:54:12 UTC
BIEN,https://bien.nceas.ucsb.edu/bien/,640433,Pereskia guamacho,Pereskia,Cactaceae,body_size,diameter at breast height (1.3 m),8,cm,,10.8,-75.25,,James S. MIller,public,2026-03-28 22:54:12 UTC
BIEN,https://bien.nceas.ucsb.edu/bien/,640434,Pereskia guamacho,Pereskia,Cactaceae,body_size,diameter at breast height (1.3 m),8,cm,,10.8,-75.25,,James S. MIller,public,2026-03-28 22:54:12 UTC
BIEN,https://bien.nceas.ucsb.edu/bien/,667144,Acanthocereus tetragonus,Acanthocereus,Cactaceae,body_size,diameter at breast height (1.3 m),5,cm,,10.8,-75.25,,James S. MIller,public,2026-03-28 22:54:12 UTC
BIEN,https://bien.nceas.ucsb.edu/bien/,667145,Acanthocereus tetragonus,Acanthocereus,Cactaceae,body_size,diameter at breast height (1.3 m),5,cm,,10.8,-75.25,,James S. MIller,public,2026-03-28 22:54:12 UTC
BIEN,https://bien.nceas.ucsb.edu/bien/,667146,Acanthocereus tetragonus,Acanthocereus,Cactaceae,body_size,diameter at breast height (1.3 m),5,cm,,10.8,-75.25,,James S. MIller,public,2026-03-28 22:54:12 UTC
BIEN,https://bien.nceas.ucsb.edu/bien/,679005,Cereus jamacaru,Cereus,Cactaceae,body_size,diameter at breast height (1.3 m),7,cm,,8.56667,-67.5833,,James S. MIller,public,2026-03-28 22:54:12 UTC
BIEN,https://bien.nceas.ucsb.edu/bien/,680824,Selenicereus monacanthus,Selenicereus,Cactaceae,body_size,diameter at breast height (1.3 m),3,cm,,10.38,-73.094,,James S. MIller,public,2026-03-28 22:54:12 UTC
BIEN,https://bien.nceas.ucsb.edu/bien/,721105,Opuntia brasiliensis,Opuntia,Cactaceae,body_size,diameter at breast height (1.3 m),3,cm,,-14.5667,-68.4667,,James S. MIller,public,2026-03-28 22:54:12 UTC
BIEN,https://bien.nceas.ucsb.edu/bien/,721106,Opuntia brasiliensis,Opuntia,Cactaceae,body_size,diameter at breast height (1.3 m),2.5,cm,,-14.5667,-68.4667,,James S. MIller,public,2026-03-28 22:54:12 UTC
BIEN,https://bien.nceas.ucsb.edu/bien/,721107,Opuntia brasiliensis,Opuntia,Cactaceae,body_size,diameter at breast height (1.3 m),2.5,cm,,-14.5667,-68.4667,,James S. MIller,public,2026-03-28 22:54:12 UTC
BIEN,https://bien.nceas.ucsb.edu/bien/,721108,Opuntia brasiliensis,Opuntia,Cactaceae,body_size,diameter at breast height (1.3 m),3,cm,,-14.5667,-68.4667,,James S. MIller,public,2026-03-28 22:54:12 UTC
BIEN,https://bien.nceas.ucsb.edu/bien/,721109,Opuntia brasiliensis,Opuntia,Cactaceae,body_size,diameter at breast height (1.3 m),3,cm,,-14.5667,-68.4667,,James S. MIller,public,2026-03-28 22:54:12 UTC
BIEN,https://bien.nceas.ucsb.edu/bien/,721110,Opuntia brasiliensis,Opuntia,Cactaceae,body_size,diameter at breast height (1.3 m),5,cm,,-14.5667,-68.4667,,James S. MIller,public,2026-03-28 22:54:12 UTC
BIEN,https://bien.nceas.ucsb.edu/bien/,721112,Opuntia brasiliensis,Opuntia,Cactaceae,body_size,diameter at breast height (1.3 m),2.5,cm,,-14.5667,-68.4667,,James S. MIller,public,2026-03-28 22:54:12 UTC
BIEN,https://bien.nceas.ucsb.edu/bien/,721113,Opuntia brasiliensis,Opuntia,Cactaceae,body_size,diameter at breast height (1.3 m),3,cm,,-14.5667,-68.4667,,James S. MIller,public,2026-03-28 22:54:12 UTC
BIEN,https://bien.nceas.ucsb.edu/bien/,721114,Opuntia brasiliensis,Opuntia,Cactaceae,body_size,diameter at breast height (1.3 m),3,cm,,-14.5667,-68.4667,,James S. MIller,public,2026-03-28 22:54:12 UTC
BIEN,https://bien.nceas.ucsb.edu/bien/,721173,Pereskia guamacho,Pereskia,Cactaceae,body_size,diameter at breast height (1.3 m),13,cm,,10.8,-75.25,,James S. MIller,public,2026-03-28 22:54:12 UTC
BIEN,https://bien.nceas.ucsb.edu/bien/,721174,Pereskia guamacho,Pereskia,Cactaceae,body_size,diameter at breast height (1.3 m),10,cm,,10.8,-75.25,,James S. MIller,public,2026-03-28 22:54:12 UTC
BIEN,https://bien.nceas.ucsb.edu/bien/,721175,Pereskia guamacho,Pereskia,Cactaceae,body_size,diameter at breast height (1.3 m),2.5,cm,,10.8,-75.25,,James S. MIller,public,2026-03-28 22:54:12 UTC
BIEN,https://bien.nceas.ucsb.edu/bien/,734690,Pachycereus pecten-aboriginum,Pachycereus,Cactaceae,body_size,diameter at breast height (1.3 m),17,cm,,19.5,-105.05,,James S. MIller,public,2026-03-28 22:54:12 UTC
BIEN,https://bien.nceas.ucsb.edu/bien/,734691,Pachycereus pecten-aboriginum,Pachycereus,Cactaceae,body_size,diameter at breast height (1.3 m),24,cm,,19.5,-105.05,,James S. MIller,public,2026-03-28 22:54:12 UTC
BIEN,https://bien.nceas.ucsb.edu/bien/,734692,Pachycereus pecten-aboriginum,Pachycereus,Cactaceae,body_size,diameter at breast height (1.3 m),17,cm,,19.5,-105.05,,James S. MIller,public,2026-03-28 22:54:12 UTC
BIEN,https://bien.nceas.ucsb.edu/bien/,735086,Cereus repandus,Cereus,Cactaceae,body_size,diameter at breast height (1.3 m),4,cm,,-18.7656,-62.2331,,James S. MIller,public,2026-03-28 22:54:12 UTC
BIEN,https://bien.nceas.ucsb.edu/bien/,746988,Pereskia guamacho,Pereskia,Cactaceae,body_size,diameter at breast height (1.3 m),7.5,cm,,10.8,-75.25,,James S. MIller,public,2026-03-28 22:54:12 UTC
BIEN,https://bien.nceas.ucsb.edu/bien/,746989,Pereskia guamacho,Pereskia,Cactaceae,body_size,diameter at breast height (1.3 m),2.5,cm,,10.8,-75.25,,James S. MIller,public,2026-03-28 22:54:12 UTC
BIEN,https://bien.nceas.ucsb.edu/bien/,747003,Pereskia guamacho,Pereskia,Cactaceae,body_size,diameter at breast height (1.3 m),2.5,cm,,10.8,-75.25,,James S. MIller,public,2026-03-28 22:54:12 UTC
BIEN,https://bien.nceas.ucsb.edu/bien/,747042,Pereskia guamacho,Pereskia,Cactaceae,body_size,diameter at breast height (1.3 m),2.5,cm,,10.8,-75.25,,James S. MIller,public,2026-03-28 22:54:12 UTC
BIEN,https://bien.nceas.ucsb.edu/bien/,747044,Pereskia guamacho,Pereskia,Cactaceae,body_size,diameter at breast height (1.3 m),5,cm,,10.8,-75.25,,James S. MIller,public,2026-03-28 22:54:12 UTC
BIEN,https://bien.nceas.ucsb.edu/bien/,747050,Pereskia guamacho,Pereskia,Cactaceae,body_size,diameter at breast height (1.3 m),2.5,cm,,10.8,-75.25,,James S. MIller,public,2026-03-28 22:54:12 UTC
BIEN,https://bien.nceas.ucsb.edu/bien/,748532,Pereskia guamacho,Pereskia,Cactaceae,body_size,diameter at breast height (1.3 m),5,cm,,10.8,-75.25,,James S. MIller,public,2026-03-28 22:54:12 UTC
BIEN,https://bien.nceas.ucsb.edu/bien/,815557,Pereskia sacharosa,Pereskia,Cactaceae,body_size,diameter at breast height (1.3 m),6,cm,,-19.7,-62.1,,James S. MIller,public,2026-03-28 22:54:12 UTC
BIEN,https://bien.nceas.ucsb.edu/bien/,815558,Pereskia sacharosa,Pereskia,Cactaceae,body_size,diameter at breast height (1.3 m),4,cm,,-19.7,-62.1,,James S. MIller,public,2026-03-28 22:54:12 UTC
BIEN,https://bien.nceas.ucsb.edu/bien/,815573,Stetsonia coryne,Stetsonia,Cactaceae,body_size,diameter at breast height (1.3 m),17,cm,,-18.7656,-62.2331,,James S. MIller,public,2026-03-28 22:54:12 UTC
BIEN,https://bien.nceas.ucsb.edu/bien/,815574,Stetsonia coryne,Stetsonia,Cactaceae,body_size,diameter at breast height (1.3 m),12,cm,,-18.7656,-62.2331,,James S. MIller,public,2026-03-28 22:54:12 UTC
BIEN,https://bien.nceas.ucsb.edu/bien/,815575,Stetsonia coryne,Stetsonia,Cactaceae,body_size,diameter at breast height (1.3 m),16,cm,,-18.7656,-62.2331,,James S. MIller,public,2026-03-28 22:54:12 UTC
BIEN,https://bien.nceas.ucsb.edu/bien/,815576,Stetsonia coryne,Stetsonia,Cactaceae,body_size,diameter at breast height (1.3 m),9,cm,,-18.7656,-62.2331,,James S. MIller,public,2026-03-28 22:54:12 UTC
BIEN,https://bien.nceas.ucsb.edu/bien/,870219,Cereus uruguayanus,Cereus,Cactaceae,body_size,diameter at breast height (1.3 m),10.65,cm,,-34.087,-53.75,,Mauricio Bonifacino,public,2026-03-28 22:54:12 UTC
BIEN,https://bien.nceas.ucsb.edu/bien/,882936,Pereskia guamacho,Pereskia,Cactaceae,body_size,diameter at breast height (1.3 m),2.5,cm,,10.8,-75.25,,James S. MIller,public,2026-03-28 22:54:12 UTC
BIEN,https://bien.nceas.ucsb.edu/bien/,882933,Pereskia guamacho,Pereskia,Cactaceae,body_size,diameter at breast height (1.3 m),7.5,cm,,10.8,-75.25,,James S. MIller,public,2026-03-28 22:54:12 UTC
BIEN,https://bien.nceas.ucsb.edu/bien/,882934,Pereskia guamacho,Pereskia,Cactaceae,body_size,diameter at breast height (1.3 m),12,cm,,10.8,-75.25,,James S. MIller,public,2026-03-28 22:54:12 UTC
BIEN,https://bien.nceas.ucsb.edu/bien/,882935,Pereskia guamacho,Pereskia,Cactaceae,body_size,diameter at breast height (1.3 m),5,cm,,10.8,-75.25,,James S. MIller,public,2026-03-28 22:54:12 UTC
BIEN,https://bien.nceas.ucsb.edu/bien/,883106,Monvillea cavendishii,Monvillea,Cactaceae,body_size,diameter at breast height (1.3 m),4,cm,,-19.7,-62.1,,James S. MIller,public,2026-03-28 22:54:12 UTC
BIEN,https://bien.nceas.ucsb.edu/bien/,883111,Stetsonia coryne,Stetsonia,Cactaceae,body_size,diameter at breast height (1.3 m),21,cm,,-18.7656,-62.2331,,James S. MIller,public,2026-03-28 22:54:12 UTC
BIEN,https://bien.nceas.ucsb.edu/bien/,883112,Stetsonia coryne,Stetsonia,Cactaceae,body_size,diameter at breast height (1.3 m),12,cm,,-18.7656,-62.2331,,James S. MIller,public,2026-03-28 22:54:12 UTC
BIEN,https://bien.nceas.ucsb.edu/bien/,883113,Stetsonia coryne,Stetsonia,Cactaceae,body_size,diameter at breast height (1.3 m),32,cm,,-18.7656,-62.2331,,James S. MIller,public,2026-03-28 22:54:12 UTC
BIEN,https://bien.nceas.ucsb.edu/bien/,910064,Cleistocactus baumannii,Cleistocactus,Cactaceae,body_size,diameter at breast height (1.3 m),2.5,cm,,-19.7,-62.1,,James S. MIller,public,2026-03-28 22:54:12 UTC
BIEN,https://bien.nceas.ucsb.edu/bien/,910065,Cleistocactus baumannii,Cleistocactus,Cactaceae,body_size,diameter at breast height (1.3 m),2.5,cm,,-19.7,-62.1,,James S. MIller,public,2026-03-28 22:54:12 UTC
BIEN,https://bien.nceas.ucsb.edu/bien/,923349,Opuntia brasiliensis,Opuntia,Cactaceae,body_size,diameter at breast height (1.3 m),2.5,cm,,-14.5667,-68.4667,,James S. MIller,public,2026-03-28 22:54:12 UTC
BIEN,https://bien.nceas.ucsb.edu/bien/,923350,Opuntia brasiliensis,Opuntia,Cactaceae,body_size,diameter at breast height (1.3 m),2.5,cm,,-14.5667,-68.4667,,James S. MIller,public,2026-03-28 22:54:12 UTC
BIEN,https://bien.nceas.ucsb.edu/bien/,923351,Opuntia brasiliensis,Opuntia,Cactaceae,body_size,diameter at breast height (1.3 m),4,cm,,-14.5667,-68.4667,,James S. MIller,public,2026-03-28 22:54:12 UTC
BIEN,https://bien.nceas.ucsb.edu/bien/,923352,Opuntia brasiliensis,Opuntia,Cactaceae,body_size,diameter at breast height (1.3 m),2.5,cm,,-14.5667,-68.4667,,James S. MIller,public,2026-03-28 22:54:12 UTC
BIEN,https://bien.nceas.ucsb.edu/bien/,923354,Opuntia brasiliensis,Opuntia,Cactaceae,body_size,diameter at breast height (1.3 m),3,cm,,-14.5667,-68.4667,,James S. MIller,public,2026-03-28 22:54:12 UTC
BIEN,https://bien.nceas.ucsb.edu/bien/,923355,Opuntia brasiliensis,Opuntia,Cactaceae,body_size,diameter at breast height (1.3 m),3,cm,,-14.5667,-68.4667,,James S. MIller,public,2026-03-28 22:54:12 UTC
BIEN,https://bien.nceas.ucsb.edu/bien/,923356,Opuntia brasiliensis,Opuntia,Cactaceae,body_size,diameter at breast height (1.3 m),4,cm,,-14.5667,-68.4667,,James S. MIller,public,2026-03-28 22:54:12 UTC
BIEN,https://bien.nceas.ucsb.edu/bien/,923357,Opuntia brasiliensis,Opuntia,Cactaceae,body_size,diameter at breast height (1.3 m),3,cm,,-14.5667,-68.4667,,James S. MIller,public,2026-03-28 22:54:12 UTC
BIEN,https://bien.nceas.ucsb.edu/bien/,923359,Opuntia brasiliensis,Opuntia,Cactaceae,body_size,diameter at breast height (1.3 m),4,cm,,-14.5667,-68.4667,,James S. MIller,public,2026-03-28 22:54:12 UTC
BIEN,https://bien.nceas.ucsb.edu/bien/,923360,Opuntia brasiliensis,Opuntia,Cactaceae,body_size,diameter at breast height (1.3 m),5,cm,,-14.5667,-68.4667,,James S. MIller,public,2026-03-28 22:54:12 UTC
BIEN,https://bien.nceas.ucsb.edu/bien/,1005135,Opuntia brasiliensis,Opuntia,Cactaceae,body_size,diameter at breast height (1.3 m),8,cm,,-14.5667,-68.4667,,James S. MIller,public,2026-03-28 22:54:12 UTC
BIEN,https://bien.nceas.ucsb.edu/bien/,1018817,Cereus stenogonus,Cereus,Cactaceae,body_size,diameter at breast height (1.3 m),9,cm,,-19.7,-62.1,,James S. MIller,public,2026-03-28 22:54:12 UTC
BIEN,https://bien.nceas.ucsb.edu/bien/,1018818,Cereus stenogonus,Cereus,Cactaceae,body_size,diameter at breast height (1.3 m),16,cm,,-19.7,-62.1,,James S. MIller,public,2026-03-28 22:54:12 UTC
BIEN,https://bien.nceas.ucsb.edu/bien/,1018834,Monvillea cavendishii,Monvillea,Cactaceae,body_size,diameter at breast height (1.3 m),2.5,cm,,-18.7656,-62.2331,,James S. MIller,public,2026-03-28 22:54:12 UTC
BIEN,https://bien.nceas.ucsb.edu/bien/,1044090,Cereus stenogonus,Cereus,Cactaceae,body_size,diameter at breast height (1.3 m),11,cm,,-19.7,-62.1,,James S. MIller,public,2026-03-28 22:54:12 UTC
BIEN,https://bien.nceas.ucsb.edu/bien/,1059513,Opuntia retrorsa,Opuntia,Cactaceae,body_size,diameter at breast height (1.3 m),3,cm,,-18.7656,-62.2331,,James S. MIller,public,2026-03-28 22:54:12 UTC
BIEN,https://bien.nceas.ucsb.edu/bien/,1072699,Opuntia brasiliensis,Opuntia,Cactaceae,body_size,diameter at breast height (1.3 m),3,cm,,-14.5667,-68.4667,,James S. MIller,public,2026-03-28 22:54:12 UTC
BIEN,https://bien.nceas.ucsb.edu/bien/,1072700,Opuntia brasiliensis,Opuntia,Cactaceae,body_size,diameter at breast height (1.3 m),6,cm,,-14.5667,-68.4667,,James S. MIller,public,2026-03-28 22:54:12 UTC
BIEN,https://bien.nceas.ucsb.edu/bien/,1072701,Opuntia brasiliensis,Opuntia,Cactaceae,body_size,diameter at breast height (1.3 m),4,cm,,-14.5667,-68.4667,,James S. MIller,public,2026-03-28 22:54:12 UTC
BIEN,https://bien.nceas.ucsb.edu/bien/,1072702,Opuntia brasiliensis,Opuntia,Cactaceae,body_size,diameter at breast height (1.3 m),4,cm,,-14.5667,-68.4667,,James S. MIller,public,2026-03-28 22:54:12 UTC
BIEN,https://bien.nceas.ucsb.edu/bien/,1072990,Cereus stenogonus,Cereus,Cactaceae,body_size,diameter at breast height (1.3 m),27,cm,,-18.7656,-62.2331,,James S. MIller,public,2026-03-28 22:54:12 UTC
BIEN,https://bien.nceas.ucsb.edu/bien/,1073433,Cereus uruguayanus,Cereus,Cactaceae,body_size,diameter at breast height (1.3 m),9.39014164242183,cm,,-34.089,-53.788,,Mauricio Bonifacino,public,2026-03-28 22:54:12 UTC
BIEN,https://bien.nceas.ucsb.edu/bien/,1073434,Cereus uruguayanus,Cereus,Cactaceae,body_size,diameter at breast height (1.3 m),4.13802852038928,cm,,-34.089,-53.788,,Mauricio Bonifacino,public,2026-03-28 22:54:12 UTC
BIEN,https://bien.nceas.ucsb.edu/bien/,1167297,Stetsonia coryne,Stetsonia,Cactaceae,body_size,diameter at breast height (1.3 m),10,cm,,-18.7656,-62.2331,,James S. MIller,public,2026-03-28 22:54:12 UTC
BIEN,https://bien.nceas.ucsb.edu/bien/,1167299,Stetsonia coryne,Stetsonia,Cactaceae,body_size,diameter at breast height (1.3 m),9,cm,,-18.7656,-62.2331,,James S. MIller,public,2026-03-28 22:54:12 UTC
BIEN,https://bien.nceas.ucsb.edu/bien/,1180726,Stetsonia coryne,Stetsonia,Cactaceae,body_size,diameter at breast height (1.3 m),14,cm,,-18.7656,-62.2331,,James S. MIller,public,2026-03-28 22:54:12 UTC
BIEN,https://bien.nceas.ucsb.edu/bien/,1180727,Stetsonia coryne,Stetsonia,Cactaceae,body_size,diameter at breast height (1.3 m),27,cm,,-18.7656,-62.2331,,James S. MIller,public,2026-03-28 22:54:12 UTC
BIEN,https://bien.nceas.ucsb.edu/bien/,1180728,Stetsonia coryne,Stetsonia,Cactaceae,body_size,diameter at breast height (1.3 m),7,cm,,-18.7656,-62.2331,,James S. MIller,public,2026-03-28 22:54:12 UTC
BIEN,https://bien.nceas.ucsb.edu/bien/,1207409,Stenocereus chrysocarpus,Stenocereus,Cactaceae,body_size,diameter at breast height (1.3 m),6,cm,,19.5,-105.05,,James S. MIller,public,2026-03-28 22:54:12 UTC
BIEN,https://bien.nceas.ucsb.edu/bien/,1261968,Cereus repandus,Cereus,Cactaceae,body_size,diameter at breast height (1.3 m),5,cm,,-18.7656,-62.2331,,James S. MIller,public,2026-03-28 22:54:12 UTC
BIEN,https://bien.nceas.ucsb.edu/bien/,1261969,Cereus repandus,Cereus,Cactaceae,body_size,diameter at breast height (1.3 m),7,cm,,-18.7656,-62.2331,,James S. MIller,public,2026-03-28 22:54:12 UTC
BIEN,https://bien.nceas.ucsb.edu/bien/,1275736,Monvillea cavendishii,Monvillea,Cactaceae,body_size,diameter at breast height (1.3 m),4,cm,,-18.7656,-62.2331,,James S. MIller,public,2026-03-28 22:54:12 UTC
BIEN,https://bien.nceas.ucsb.edu/bien/,1289219,Stetsonia coryne,Stetsonia,Cactaceae,body_size,diameter at breast height (1.3 m),19,cm,,-18.7656,-62.2331,,James S. MIller,public,2026-03-28 22:54:12 UTC
BIEN,https://bien.nceas.ucsb.edu/bien/,1289220,Stetsonia coryne,Stetsonia,Cactaceae,body_size,diameter at breast height (1.3 m),9,cm,,-18.7656,-62.2331,,James S. MIller,public,2026-03-28 22:54:12 UTC
BIEN,https://bien.nceas.ucsb.edu/bien/,1289221,Stetsonia coryne,Stetsonia,Cactaceae,body_size,diameter at breast height (1.3 m),10,cm,,-18.7656,-62.2331,,James S. MIller,public,2026-03-28 22:54:12 UTC
BIEN,https://bien.nceas.ucsb.edu/bien/,1289222,Stetsonia coryne,Stetsonia,Cactaceae,body_size,diameter at breast height (1.3 m),14,cm,,-18.7656,-62.2331,,James S. MIller,public,2026-03-28 22:54:12 UTC
BIEN,https://bien.nceas.ucsb.edu/bien/,1316080,Opuntia brasiliensis,Opuntia,Cactaceae,body_size,diameter at breast height (1.3 m),3,cm,,-14.5667,-68.4667,,James S. MIller,public,2026-03-28 22:54:12 UTC
BIEN,https://bien.nceas.ucsb.edu/bien/,1316081,Opuntia brasiliensis,Opuntia,Cactaceae,body_size,diameter at breast height (1.3 m),3,cm,,-14.5667,-68.4667,,James S. MIller,public,2026-03-28 22:54:12 UTC
BIEN,https://bien.nceas.ucsb.edu/bien/,1316082,Opuntia brasiliensis,Opuntia,Cactaceae,body_size,diameter at breast height (1.3 m),5,cm,,-14.5667,-68.4667,,James S. MIller,public,2026-03-28 22:54:12 UTC
BIEN,https://bien.nceas.ucsb.edu/bien/,1316084,Opuntia brasiliensis,Opuntia,Cactaceae,body_size,diameter at breast height (1.3 m),3,cm,,-14.5667,-68.4667,,James S. MIller,public,2026-03-28 22:54:12 UTC
BIEN,https://bien.nceas.ucsb.edu/bien/,1370144,Opuntia brasiliensis,Opuntia,Cactaceae,body_size,diameter at breast height (1.3 m),5,cm,,-14.5667,-68.4667,,James S. MIller,public,2026-03-28 22:54:12 UTC
BIEN,https://bien.nceas.ucsb.edu/bien/,1370145,Opuntia brasiliensis,Opuntia,Cactaceae,body_size,diameter at breast height (1.3 m),3,cm,,-14.5667,-68.4667,,James S. MIller,public,2026-03-28 22:54:12 UTC
BIEN,https://bien.nceas.ucsb.edu/bien/,1370146,Opuntia brasiliensis,Opuntia,Cactaceae,body_size,diameter at breast height (1.3 m),3,cm,,-14.5667,-68.4667,,James S. MIller,public,2026-03-28 22:54:12 UTC
BIEN,https://bien.nceas.ucsb.edu/bien/,1370147,Opuntia brasiliensis,Opuntia,Cactaceae,body_size,diameter at breast height (1.3 m),5,cm,,-14.5667,-68.4667,,James S. MIller,public,2026-03-28 22:54:12 UTC
BIEN,https://bien.nceas.ucsb.edu/bien/,1383909,Cereus stenogonus,Cereus,Cactaceae,body_size,diameter at breast height (1.3 m),8,cm,,-18.7656,-62.2331,,James S. MIller,public,2026-03-28 22:54:12 UTC
BIEN,https://bien.nceas.ucsb.edu/bien/,1397150,Selenicereus monacanthus,Selenicereus,Cactaceae,body_size,diameter at breast height (1.3 m),2.5,cm,,10.38,-73.094,,James S. MIller,public,2026-03-28 22:54:12 UTC
BIEN,https://bien.nceas.ucsb.edu/bien/,1423532,Pachycereus pecten-aboriginum,Pachycereus,Cactaceae,body_size,diameter at breast height (1.3 m),11,cm,,19.5,-105.05,,James S. MIller,public,2026-03-28 22:54:12 UTC
BIEN,https://bien.nceas.ucsb.edu/bien/,1437685,Cleistocactus baumannii,Cleistocactus,Cactaceae,body_size,diameter at breast height (1.3 m),2.5,cm,,-18.7656,-62.2331,,James S. MIller,public,2026-03-28 22:54:12 UTC
BIEN,https://bien.nceas.ucsb.edu/bien/,1450962,Opuntia brasiliensis,Opuntia,Cactaceae,body_size,diameter at breast height (1.3 m),7,cm,,-14.5667,-68.4667,,James S. MIller,public,2026-03-28 22:54:12 UTC
BIEN,https://bien.nceas.ucsb.edu/bien/,1450963,Opuntia brasiliensis,Opuntia,Cactaceae,body_size,diameter at breast height (1.3 m),4,cm,,-14.5667,-68.4667,,James S. MIller,public,2026-03-28 22:54:12 UTC
BIEN,https://bien.nceas.ucsb.edu/bien/,1450964,Opuntia brasiliensis,Opuntia,Cactaceae,body_size,diameter at breast height (1.3 m),5,cm,,-14.5667,-68.4667,,James S. MIller,public,2026-03-28 22:54:12 UTC
BIEN,https://bien.nceas.ucsb.edu/bien/,1450965,Opuntia brasiliensis,Opuntia,Cactaceae,body_size,diameter at breast height (1.3 m),3,cm,,-14.5667,-68.4667,,James S. MIller,public,2026-03-28 22:54:12 UTC
BIEN,https://bien.nceas.ucsb.edu/bien/,1450966,Opuntia brasiliensis,Opuntia,Cactaceae,body_size,diameter at breast height (1.3 m),5,cm,,-14.5667,-68.4667,,James S. MIller,public,2026-03-28 22:54:12 UTC
BIEN,https://bien.nceas.ucsb.edu/bien/,1450967,Opuntia brasiliensis,Opuntia,Cactaceae,body_size,diameter at breast height (1.3 m),6,cm,,-14.5667,-68.4667,,James S. MIller,public,2026-03-28 22:54:12 UTC
BIEN,https://bien.nceas.ucsb.edu/bien/,1450968,Opuntia brasiliensis,Opuntia,Cactaceae,body_size,diameter at breast height (1.3 m),5,cm,,-14.5667,-68.4667,,James S. MIller,public,2026-03-28 22:54:12 UTC
BIEN,https://bien.nceas.ucsb.edu/bien/,1450969,Opuntia brasiliensis,Opuntia,Cactaceae,body_size,diameter at breast height (1.3 m),12,cm,,-14.5667,-68.4667,,James S. MIller,public,2026-03-28 22:54:12 UTC
BIEN,https://bien.nceas.ucsb.edu/bien/,1450970,Opuntia brasiliensis,Opuntia,Cactaceae,body_size,diameter at breast height (1.3 m),8,cm,,-14.5667,-68.4667,,James S. MIller,public,2026-03-28 22:54:12 UTC
BIEN,https://bien.nceas.ucsb.edu/bien/,1450971,Opuntia brasiliensis,Opuntia,Cactaceae,body_size,diameter at breast height (1.3 m),6,cm,,-14.5667,-68.4667,,James S. MIller,public,2026-03-28 22:54:12 UTC
BIEN,https://bien.nceas.ucsb.edu/bien/,1463960,Peniocereus cuixmalensis,Peniocereus,Cactaceae,body_size,diameter at breast height (1.3 m),3,cm,,19.5,-105.05,,James S. MIller,public,2026-03-28 22:54:12 UTC
BIEN,https://bien.nceas.ucsb.edu/bien/,1518049,Hylocereus polyrhizus,Hylocereus,Cactaceae,body_size,diameter at breast height (1.3 m),4,cm,,-4.17,-80.587,,James S. MIller,public,2026-03-28 22:54:12 UTC
BIEN,https://bien.nceas.ucsb.edu/bien/,1531985,Cereus repandus,Cereus,Cactaceae,body_size,diameter at breast height (1.3 m),4,cm,,-18.7656,-62.2331,,James S. MIller,public,2026-03-28 22:54:12 UTC
BIEN,https://bien.nceas.ucsb.edu/bien/,1572443,Opuntia brasiliensis,Opuntia,Cactaceae,body_size,diameter at breast height (1.3 m),5,cm,,-14.5667,-68.4667,,James S. MIller,public,2026-03-28 22:54:12 UTC
BIEN,https://bien.nceas.ucsb.edu/bien/,1572444,Opuntia brasiliensis,Opuntia,Cactaceae,body_size,diameter at breast height (1.3 m),3,cm,,-14.5667,-68.4667,,James S. MIller,public,2026-03-28 22:54:12 UTC
BIEN,https://bien.nceas.ucsb.edu/bien/,1572445,Opuntia brasiliensis,Opuntia,Cactaceae,body_size,diameter at breast height (1.3 m),2.5,cm,,-14.5667,-68.4667,,James S. MIller,public,2026-03-28 22:54:12 UTC
BIEN,https://bien.nceas.ucsb.edu/bien/,1572446,Opuntia brasiliensis,Opuntia,Cactaceae,body_size,diameter at breast height (1.3 m),3,cm,,-14.5667,-68.4667,,James S. MIller,public,2026-03-28 22:54:12 UTC
BIEN,https://bien.nceas.ucsb.edu/bien/,1599321,Opuntia excelsa,Opuntia,Cactaceae,body_size,diameter at breast height (1.3 m),22,cm,,19.5,-105.05,,James S. MIller,public,2026-03-28 22:54:12 UTC
BIEN,https://bien.nceas.ucsb.edu/bien/,1599584,Pereskia guamacho,Pereskia,Cactaceae,body_size,diameter at breast height (1.3 m),35,cm,,8.93333,-67.4167,,James S. MIller,public,2026-03-28 22:54:12 UTC
BIEN,https://bien.nceas.ucsb.edu/bien/,1599698,Pereskia guamacho,Pereskia,Cactaceae,body_size,diameter at breast height (1.3 m),12,cm,,10.088,-65.428,,James S. MIller,public,2026-03-28 22:54:12 UTC
BIEN,https://bien.nceas.ucsb.edu/bien/,1638221,Pereskia guamacho,Pereskia,Cactaceae,body_size,diameter at breast height (1.3 m),8,cm,,10.8,-75.25,,James S. MIller,public,2026-03-28 22:54:12 UTC
BIEN,https://bien.nceas.ucsb.edu/bien/,1638185,Pereskia guamacho,Pereskia,Cactaceae,body_size,diameter at breast height (1.3 m),11,cm,,10.8,-75.25,,James S. MIller,public,2026-03-28 22:54:12 UTC
BIEN,https://bien.nceas.ucsb.edu/bien/,1638206,Pereskia guamacho,Pereskia,Cactaceae,body_size,diameter at breast height (1.3 m),8,cm,,10.8,-75.25,,James S. MIller,public,2026-03-28 22:54:12 UTC
BIEN,https://bien.nceas.ucsb.edu/bien/,1638216,Pereskia guamacho,Pereskia,Cactaceae,body_size,diameter at breast height (1.3 m),8,cm,,10.8,-75.25,,James S. MIller,public,2026-03-28 22:54:12 UTC
BIEN,https://bien.nceas.ucsb.edu/bien/,1638220,Pereskia guamacho,Pereskia,Cactaceae,body_size,diameter at breast height (1.3 m),14,cm,,10.8,-75.25,,James S. MIller,public,2026-03-28 22:54:12 UTC
BIEN,https://bien.nceas.ucsb.edu/bien/,1638757,Pereskia guamacho,Pereskia,Cactaceae,body_size,diameter at breast height (1.3 m),9,cm,,10.8,-75.25,,James S. MIller,public,2026-03-28 22:54:12 UTC
BIEN,https://bien.nceas.ucsb.edu/bien/,1639711,Pereskia guamacho,Pereskia,Cactaceae,body_size,diameter at breast height (1.3 m),9,cm,,10.8,-75.25,,James S. MIller,public,2026-03-28 22:54:12 UTC
BIEN,https://bien.nceas.ucsb.edu/bien/,1639712,Pereskia guamacho,Pereskia,Cactaceae,body_size,diameter at breast height (1.3 m),5,cm,,10.8,-75.25,,James S. MIller,public,2026-03-28 22:54:12 UTC
BIEN,https://bien.nceas.ucsb.edu/bien/,1639713,Pereskia guamacho,Pereskia,Cactaceae,body_size,diameter at breast height (1.3 m),10,cm,,10.8,-75.25,,James S. MIller,public,2026-03-28 22:54:12 UTC
BIEN,https://bien.nceas.ucsb.edu/bien/,1639714,Pereskia guamacho,Pereskia,Cactaceae,body_size,diameter at breast height (1.3 m),8,cm,,10.8,-75.25,,James S. MIller,public,2026-03-28 22:54:12 UTC
BIEN,https://bien.nceas.ucsb.edu/bien/,1639715,Pereskia guamacho,Pereskia,Cactaceae,body_size,diameter at breast height (1.3 m),5,cm,,10.8,-75.25,,James S. MIller,public,2026-03-28 22:54:12 UTC
BIEN,https://bien.nceas.ucsb.edu/bien/,1639716,Pereskia guamacho,Pereskia,Cactaceae,body_size,diameter at breast height (1.3 m),8,cm,,10.8,-75.25,,James S. MIller,public,2026-03-28 22:54:12 UTC
BIEN,https://bien.nceas.ucsb.edu/bien/,1707156,Pereskia guamacho,Pereskia,Cactaceae,body_size,diameter at breast height (1.3 m),2.5,cm,,11.3333,-74.0333,,James S. MIller,public,2026-03-28 22:54:12 UTC
BIEN,https://bien.nceas.ucsb.edu/bien/,1720551,Selenicereus monacanthus,Selenicereus,Cactaceae,body_size,diameter at breast height (1.3 m),2.5,cm,,10.38,-73.094,,James S. MIller,public,2026-03-28 22:54:12 UTC
BIEN,https://bien.nceas.ucsb.edu/bien/,1720683,Cereus stenogonus,Cereus,Cactaceae,body_size,diameter at breast height (1.3 m),26,cm,,-19.7,-62.1,,James S. MIller,public,2026-03-28 22:54:12 UTC
BIEN,https://bien.nceas.ucsb.edu/bien/,1732299,Cereus jamacaru,Cereus,Cactaceae,body_size,diameter at breast height (1.3 m),5,cm,,8.56667,-67.5833,,James S. MIller,public,2026-03-28 22:54:12 UTC
BIEN,https://bien.nceas.ucsb.edu/bien/,1732306,Cereus jamacaru,Cereus,Cactaceae,body_size,diameter at breast height (1.3 m),5,cm,,8.56667,-67.5833,,James S. MIller,public,2026-03-28 22:54:12 UTC
BIEN,https://bien.nceas.ucsb.edu/bien/,1733995,Pereskia aculeata,Pereskia,Cactaceae,body_size,diameter at breast height (1.3 m),6,cm,,-24.1333,-55.5333,,James S. MIller,public,2026-03-28 22:54:12 UTC
BIEN,https://bien.nceas.ucsb.edu/bien/,1734589,Cereus uruguayanus,Cereus,Cactaceae,body_size,diameter at breast height (1.3 m),4.29718346348117,cm,,-34.089,-53.788,,Mauricio Bonifacino,public,2026-03-28 22:54:12 UTC
BIEN,https://bien.nceas.ucsb.edu/bien/,1748273,Quiabentia verticillata,Quiabentia,Cactaceae,body_size,diameter at breast height (1.3 m),3,cm,,-18.7656,-62.2331,,James S. MIller,public,2026-03-28 22:54:12 UTC
BIEN,https://bien.nceas.ucsb.edu/bien/,1748274,Quiabentia verticillata,Quiabentia,Cactaceae,body_size,diameter at breast height (1.3 m),5,cm,,-18.7656,-62.2331,,James S. MIller,public,2026-03-28 22:54:12 UTC
BIEN,https://bien.nceas.ucsb.edu/bien/,3104421,Corryocactus brevistylus,Corryocactus,Cactaceae,body_size,leaf nitrogen content per leaf dry mass,14.50018767,mg.g-1,Total amount of N per unit of dry leaf mass - Cornelissen et al. 2003,-18.4175,-69.725,9293,Cyrille Violle/Brian Enquist ,public,2026-03-28 22:54:12 UTC
BIEN,https://bien.nceas.ucsb.edu/bien/,3111017,Browningia candelaris,Browningia,Cactaceae,body_size,leaf nitrogen content per leaf dry mass,9.93873781,mg.g-1,Total amount of N per unit of dry leaf mass - Cornelissen et al. 2003,-22.60444,-77.05083,2250,Cyrille Violle/Brian Enquist ,public,2026-03-28 22:54:12 UTC
BIEN,https://bien.nceas.ucsb.edu/bien/,3150145,Opuntia atacamensis,Opuntia,Cactaceae,body_size,leaf carbon content per leaf dry mass,391.172235,mg.g-1,carbon concentration of oven-dried (70ÃÂ°C for 72 hours) tissue,-18.4175,-69.725,9293,Cyrille Violle/Brian Enquist ,public,2026-03-28 22:54:12 UTC
BIEN,https://bien.nceas.ucsb.edu/bien/,3150146,Opuntia camachoi,Opuntia,Cactaceae,body_size,leaf carbon content per leaf dry mass,416.557045,mg.g-1,carbon concentration of oven-dried (70ÃÂ°C for 72 hours) tissue,-18.4175,-69.725,9293,Cyrille Violle/Brian Enquist ,public,2026-03-28 22:54:12 UTC
BIEN,https://bien.nceas.ucsb.edu/bien/,3151521,Opuntia camachoi,Opuntia,Cactaceae,body_size,leaf nitrogen content per leaf dry mass,22.28400736,mg.g-1,Total amount of N per unit of dry leaf mass - Cornelissen et al. 2003,-18.4175,-69.725,9293,Cyrille Violle/Brian Enquist ,public,2026-03-28 22:54:12 UTC
BIEN,https://bien.nceas.ucsb.edu/bien/,3188822,Corryocactus brevistylus,Corryocactus,Cactaceae,body_size,leaf carbon content per leaf dry mass,494.521037,mg.g-1,carbon concentration of oven-dried (70ÃÂ°C for 72 hours) tissue,-18.4175,-69.725,9293,Cyrille Violle/Brian Enquist ,public,2026-03-28 22:54:12 UTC
BIEN,https://bien.nceas.ucsb.edu/bien/,3250848,Cumulopuntia boliviana,Cumulopuntia,Cactaceae,body_size,leaf phosphorus content per leaf dry mass,1.47637,mg.g-1,,-18.25667,-69.30472,4620,Cyrille Violle/Brian Enquist ,public,2026-03-28 22:54:12 UTC
BIEN,https://bien.nceas.ucsb.edu/bien/,3237397,Browningia candelaris,Browningia,Cactaceae,body_size,leaf carbon content per leaf dry mass,402.115787,mg.g-1,carbon concentration of oven-dried (70ÃÂ°C for 72 hours) tissue,-22.60444,-77.05083,2250,Cyrille Violle/Brian Enquist ,public,2026-03-28 22:54:12 UTC
BIEN,https://bien.nceas.ucsb.edu/bien/,3783782,Cumulopuntia boliviana,Cumulopuntia,Cactaceae,body_size,leaf carbon content per leaf dry mass,407.075441,mg.g-1,carbon concentration of oven-dried (70ÃÂ°C for 72 hours) tissue,-18.25667,-69.30472,4620,Cyrille Violle/Brian Enquist ,public,2026-03-28 22:54:12 UTC
BIEN,https://bien.nceas.ucsb.edu/bien/,3995024,Corryocactus brevistylus,Corryocactus,Cactaceae,body_size,leaf phosphorus content per leaf dry mass,1.29484,mg.g-1,,-18.4175,-69.725,9293,Cyrille Violle/Brian Enquist ,public,2026-03-28 22:54:12 UTC
BIEN,https://bien.nceas.ucsb.edu/bien/,3995054,Opuntia atacamensis,Opuntia,Cactaceae,body_size,leaf nitrogen content per leaf dry mass,20.33114259,mg.g-1,Total amount of N per unit of dry leaf mass - Cornelissen et al. 2003,-18.4175,-69.725,9293,Cyrille Violle/Brian Enquist ,public,2026-03-28 22:54:12 UTC
BIEN,https://bien.nceas.ucsb.edu/bien/,3995055,Opuntia atacamensis,Opuntia,Cactaceae,body_size,leaf phosphorus content per leaf dry mass,1.12109,mg.g-1,,-18.4175,-69.725,9293,Cyrille Violle/Brian Enquist ,public,2026-03-28 22:54:12 UTC
BIEN,https://bien.nceas.ucsb.edu/bien/,3995011,Opuntia camachoi,Opuntia,Cactaceae,body_size,leaf phosphorus content per leaf dry mass,1.20754,mg.g-1,,-18.4175,-69.725,9293,Cyrille Violle/Brian Enquist ,public,2026-03-28 22:54:12 UTC
BIEN,https://bien.nceas.ucsb.edu/bien/,3995081,Opuntia camachoi,Opuntia,Cactaceae,body_size,leaf carbon content per leaf dry mass,394.428079,mg.g-1,carbon concentration of oven-dried (70ÃÂ°C for 72 hours) tissue,-18.4175,-69.725,9293,Cyrille Violle/Brian Enquist ,public,2026-03-28 22:54:12 UTC
BIEN,https://bien.nceas.ucsb.edu/bien/,3995082,Opuntia camachoi,Opuntia,Cactaceae,body_size,leaf phosphorus content per leaf dry mass,3.77285,mg.g-1,,-18.4175,-69.725,9293,Cyrille Violle/Brian Enquist ,public,2026-03-28 22:54:12 UTC
BIEN,https://bien.nceas.ucsb.edu/bien/,5233925,Pilosocereus royenii,Pilosocereus,Cactaceae,body_size,diameter at breast height (1.3 m),7.112,cm,,18.343492,-64.686548,,Greg Reams,public,2026-03-28 22:54:12 UTC
BIEN,https://bien.nceas.ucsb.edu/bien/,5241827,Opuntia phaeacantha,Opuntia,Cactaceae,body_size,diameter at breast height (1.3 m),10,cm,,37.283549461,-113.097965329,,Marion Reid,public,2026-03-28 22:54:12 UTC
BIEN,https://bien.nceas.ucsb.edu/bien/,5615648,Pilosocereus royenii,Pilosocereus,Cactaceae,body_size,diameter at breast height (1.3 m),6.6802,cm,,18.036061,-66.181608,,Greg Reams,public,2026-03-28 22:54:12 UTC
BIEN,https://bien.nceas.ucsb.edu/bien/,5841235,Opuntia phaeacantha,Opuntia,Cactaceae,body_size,diameter at breast height (1.3 m),10,cm,,37.283549461,-113.097965329,,Marion Reid,public,2026-03-28 22:54:12 UTC
BIEN,https://bien.nceas.ucsb.edu/bien/,6016262,Pilosocereus royenii,Pilosocereus,Cactaceae,body_size,diameter at breast height (1.3 m),18.542,cm,,17.950829,-66.966923,,Greg Reams,public,2026-03-28 22:54:12 UTC
BIEN,https://bien.nceas.ucsb.edu/bien/,6016348,Pilosocereus royenii,Pilosocereus,Cactaceae,body_size,diameter at breast height (1.3 m),6.4262,cm,,18.036061,-66.181608,,Greg Reams,public,2026-03-28 22:54:12 UTC
BIEN,https://bien.nceas.ucsb.edu/bien/,6545422,Echinocereus engelmannii,Echinocereus,Cactaceae,body_size,diameter at breast height (1.3 m),13,cm,,37.283549461,-113.097965329,,Marion Reid,public,2026-03-28 22:54:12 UTC
BIEN,https://bien.nceas.ucsb.edu/bien/,7319398,Pilosocereus royenii,Pilosocereus,Cactaceae,body_size,diameter at breast height (1.3 m),8.89,cm,,17.936876,-66.945937,,Greg Reams,public,2026-03-28 22:54:12 UTC
BIEN,https://bien.nceas.ucsb.edu/bien/,7319466,Pilosocereus royenii,Pilosocereus,Cactaceae,body_size,diameter at breast height (1.3 m),7.1882,cm,,18.036061,-66.181608,,Greg Reams,public,2026-03-28 22:54:12 UTC
BIEN,https://bien.nceas.ucsb.edu/bien/,7622852,Pilosocereus royenii,Pilosocereus,Cactaceae,body_size,diameter at breast height (1.3 m),5.6642,cm,,18.036061,-66.181608,,Greg Reams,public,2026-03-28 22:54:12 UTC
BIEN,https://bien.nceas.ucsb.edu/bien/,7622870,Pilosocereus royenii,Pilosocereus,Cactaceae,body_size,diameter at breast height (1.3 m),9.3726,cm,,17.936876,-66.945937,,Greg Reams,public,2026-03-28 22:54:12 UTC
BIEN,https://bien.nceas.ucsb.edu/bien/,8047258,Pilosocereus royenii,Pilosocereus,Cactaceae,body_size,diameter at breast height (1.3 m),9.652,cm,,18.343492,-64.686548,,Greg Reams,public,2026-03-28 22:54:12 UTC
BIEN,https://bien.nceas.ucsb.edu/bien/,8123807,Pilosocereus royenii,Pilosocereus,Cactaceae,body_size,diameter at breast height (1.3 m),23.114,cm,,17.950829,-66.966923,,Greg Reams,public,2026-03-28 22:54:12 UTC
BIEN,https://bien.nceas.ucsb.edu/bien/,8221609,Pilosocereus royenii,Pilosocereus,Cactaceae,body_size,diameter at breast height (1.3 m),9.906,cm,,18.002006,-66.829729,,Greg Reams,public,2026-03-28 22:54:12 UTC
BIEN,https://bien.nceas.ucsb.edu/bien/,8522393,Pilosocereus royenii,Pilosocereus,Cactaceae,body_size,diameter at breast height (1.3 m),6.35,cm,,18.036061,-66.181608,,Greg Reams,public,2026-03-28 22:54:12 UTC
BIEN,https://bien.nceas.ucsb.edu/bien/,8522403,Pilosocereus royenii,Pilosocereus,Cactaceae,body_size,diameter at breast height (1.3 m),21.59,cm,,18.002006,-66.829729,,Greg Reams,public,2026-03-28 22:54:12 UTC
BIEN,https://bien.nceas.ucsb.edu/bien/,8522463,Pilosocereus royenii,Pilosocereus,Cactaceae,body_size,diameter at breast height (1.3 m),8.89,cm,,18.002006,-66.829729,,Greg Reams,public,2026-03-28 22:54:12 UTC
BIEN,https://bien.nceas.ucsb.edu/bien/,8522491,Pilosocereus royenii,Pilosocereus,Cactaceae,body_size,diameter at breast height (1.3 m),6.9342,cm,,18.036061,-66.181608,,Greg Reams,public,2026-03-28 22:54:12 UTC
BIEN,https://bien.nceas.ucsb.edu/bien/,8544824,Pilosocereus royenii,Pilosocereus,Cactaceae,body_size,diameter at breast height (1.3 m),33.528,cm,,18.357457,-64.709481,,Greg Reams,public,2026-03-28 22:54:12 UTC
BIEN,https://bien.nceas.ucsb.edu/bien/,8743678,Pilosocereus royenii,Pilosocereus,Cactaceae,body_size,diameter at breast height (1.3 m),16.764,cm,,18.357457,-64.709481,,Greg Reams,public,2026-03-28 22:54:12 UTC
BIEN,https://bien.nceas.ucsb.edu/bien/,8924129,Pilosocereus royenii,Pilosocereus,Cactaceae,body_size,diameter at breast height (1.3 m),9.398,cm,,17.936876,-66.945937,,Greg Reams,public,2026-03-28 22:54:12 UTC
BIEN,https://bien.nceas.ucsb.edu/bien/,9226125,Pilosocereus royenii,Pilosocereus,Cactaceae,body_size,diameter at breast height (1.3 m),20.066,cm,,17.950829,-66.966923,,Greg Reams,public,2026-03-28 22:54:12 UTC
BIEN,https://bien.nceas.ucsb.edu/bien/,9325759,Pilosocereus royenii,Pilosocereus,Cactaceae,body_size,diameter at breast height (1.3 m),9.5504,cm,,18.036061,-66.181608,,Greg Reams,public,2026-03-28 22:54:12 UTC
BIEN,https://bien.nceas.ucsb.edu/bien/,10129623,Pilosocereus royenii,Pilosocereus,Cactaceae,body_size,diameter at breast height (1.3 m),21.59,cm,,18.002006,-66.829729,,Greg Reams,public,2026-03-28 22:54:12 UTC
BIEN,https://bien.nceas.ucsb.edu/bien/,10729217,Pilosocereus royenii,Pilosocereus,Cactaceae,body_size,diameter at breast height (1.3 m),7.4422,cm,,18.036061,-66.181608,,Greg Reams,public,2026-03-28 22:54:12 UTC
BIEN,https://bien.nceas.ucsb.edu/bien/,10832473,Pilosocereus royenii,Pilosocereus,Cactaceae,body_size,diameter at breast height (1.3 m),13.716,cm,,17.950829,-66.966923,,Greg Reams,public,2026-03-28 22:54:12 UTC
BIEN,https://bien.nceas.ucsb.edu/bien/,10953389,Pilosocereus royenii,Pilosocereus,Cactaceae,body_size,diameter at breast height (1.3 m),14.986,cm,,18.343492,-64.686548,,Greg Reams,public,2026-03-28 22:54:12 UTC
BIEN,https://bien.nceas.ucsb.edu/bien/,11030627,Pilosocereus royenii,Pilosocereus,Cactaceae,body_size,diameter at breast height (1.3 m),14.478,cm,,17.950829,-66.966923,,Greg Reams,public,2026-03-28 22:54:12 UTC
BIEN,https://bien.nceas.ucsb.edu/bien/,11030640,Pilosocereus royenii,Pilosocereus,Cactaceae,body_size,diameter at breast height (1.3 m),6.604,cm,,18.036061,-66.181608,,Greg Reams,public,2026-03-28 22:54:12 UTC
BIEN,https://bien.nceas.ucsb.edu/bien/,11233432,Pilosocereus royenii,Pilosocereus,Cactaceae,body_size,diameter at breast height (1.3 m),12.954,cm,,17.950829,-66.966923,,Greg Reams,public,2026-03-28 22:54:12 UTC
BIEN,https://bien.nceas.ucsb.edu/bien/,11332683,Pilosocereus royenii,Pilosocereus,Cactaceae,body_size,diameter at breast height (1.3 m),12.7,cm,,17.950829,-66.966923,,Greg Reams,public,2026-03-28 22:54:12 UTC
BIEN,https://bien.nceas.ucsb.edu/bien/,11332737,Pilosocereus royenii,Pilosocereus,Cactaceae,body_size,diameter at breast height (1.3 m),10.3886,cm,,17.936876,-66.945937,,Greg Reams,public,2026-03-28 22:54:12 UTC
BIEN,https://bien.nceas.ucsb.edu/bien/,11354717,Pilosocereus royenii,Pilosocereus,Cactaceae,body_size,diameter at breast height (1.3 m),7.366,cm,,18.343492,-64.686548,,Greg Reams,public,2026-03-28 22:54:12 UTC
BIEN,https://bien.nceas.ucsb.edu/bien/,11530787,Pilosocereus royenii,Pilosocereus,Cactaceae,body_size,diameter at breast height (1.3 m),8.636,cm,,18.002006,-66.829729,,Greg Reams,public,2026-03-28 22:54:12 UTC
BIEN,https://bien.nceas.ucsb.edu/bien/,11663620,Opuntia phaeacantha,Opuntia,Cactaceae,body_size,diameter at breast height (1.3 m),10,cm,,37.283549461,-113.097965329,,Marion Reid,public,2026-03-28 22:54:12 UTC
BIEN,https://bien.nceas.ucsb.edu/bien/,11753826,Pilosocereus royenii,Pilosocereus,Cactaceae,body_size,diameter at breast height (1.3 m),21.336,cm,,18.357457,-64.709481,,Greg Reams,public,2026-03-28 22:54:12 UTC
BIEN,https://bien.nceas.ucsb.edu/bien/,12133045,Pilosocereus royenii,Pilosocereus,Cactaceae,body_size,diameter at breast height (1.3 m),8.382,cm,,17.936876,-66.945937,,Greg Reams,public,2026-03-28 22:54:12 UTC
BIEN,https://bien.nceas.ucsb.edu/bien/,12133067,Pilosocereus royenii,Pilosocereus,Cactaceae,body_size,diameter at breast height (1.3 m),12.954,cm,,17.950829,-66.966923,,Greg Reams,public,2026-03-28 22:54:12 UTC
BIEN,https://bien.nceas.ucsb.edu/bien/,12232516,Pilosocereus royenii,Pilosocereus,Cactaceae,body_size,diameter at breast height (1.3 m),6.858,cm,,18.036061,-66.181608,,Greg Reams,public,2026-03-28 22:54:12 UTC
BIEN,https://bien.nceas.ucsb.edu/bien/,12433824,Pilosocereus royenii,Pilosocereus,Cactaceae,body_size,diameter at breast height (1.3 m),13.97,cm,,18.002006,-66.829729,,Greg Reams,public,2026-03-28 22:54:12 UTC
BIEN,https://bien.nceas.ucsb.edu/bien/,12632371,Pilosocereus royenii,Pilosocereus,Cactaceae,body_size,diameter at breast height (1.3 m),5.4102,cm,,18.036061,-66.181608,,Greg Reams,public,2026-03-28 22:54:12 UTC
BIEN,https://bien.nceas.ucsb.edu/bien/,12654709,Pilosocereus royenii,Pilosocereus,Cactaceae,body_size,diameter at breast height (1.3 m),14.224,cm,,18.343492,-64.686548,,Greg Reams,public,2026-03-28 22:54:12 UTC
BIEN,https://bien.nceas.ucsb.edu/bien/,12754916,Pilosocereus royenii,Pilosocereus,Cactaceae,body_size,diameter at breast height (1.3 m),10.414,cm,,18.343492,-64.686548,,Greg Reams,public,2026-03-28 22:54:12 UTC
BIEN,https://bien.nceas.ucsb.edu/bien/,12833516,Pilosocereus royenii,Pilosocereus,Cactaceae,body_size,diameter at breast height (1.3 m),9.398,cm,,18.002006,-66.829729,,Greg Reams,public,2026-03-28 22:54:12 UTC
BIEN,https://bien.nceas.ucsb.edu/bien/,12833550,Pilosocereus royenii,Pilosocereus,Cactaceae,body_size,diameter at breast height (1.3 m),18.796,cm,,17.950829,-66.966923,,Greg Reams,public,2026-03-28 22:54:12 UTC
BIEN,https://bien.nceas.ucsb.edu/bien/,12833567,Pilosocereus royenii,Pilosocereus,Cactaceae,body_size,diameter at breast height (1.3 m),9.652,cm,,18.002006,-66.829729,,Greg Reams,public,2026-03-28 22:54:12 UTC
BIEN,https://bien.nceas.ucsb.edu/bien/,12954940,Pilosocereus royenii,Pilosocereus,Cactaceae,body_size,diameter at breast height (1.3 m),14.478,cm,,18.343492,-64.686548,,Greg Reams,public,2026-03-28 22:54:12 UTC
BIEN,https://bien.nceas.ucsb.edu/bien/,13132262,Pilosocereus royenii,Pilosocereus,Cactaceae,body_size,diameter at breast height (1.3 m),5.842,cm,,18.036061,-66.181608,,Greg Reams,public,2026-03-28 22:54:12 UTC
BIEN,https://bien.nceas.ucsb.edu/bien/,13154994,Pilosocereus royenii,Pilosocereus,Cactaceae,body_size,diameter at breast height (1.3 m),21.336,cm,,18.357457,-64.709481,,Greg Reams,public,2026-03-28 22:54:12 UTC
BIEN,https://bien.nceas.ucsb.edu/bien/,13456063,Pilosocereus royenii,Pilosocereus,Cactaceae,body_size,diameter at breast height (1.3 m),5.842,cm,,18.343492,-64.686548,,Greg Reams,public,2026-03-28 22:54:12 UTC
BIEN,https://bien.nceas.ucsb.edu/bien/,13556605,Pilosocereus royenii,Pilosocereus,Cactaceae,body_size,diameter at breast height (1.3 m),41.021,cm,,18.357457,-64.709481,,Greg Reams,public,2026-03-28 22:54:12 UTC
BIEN,https://bien.nceas.ucsb.edu/bien/,13566381,Opuntia macrorhiza,Opuntia,Cactaceae,body_size,diameter at breast height (1.3 m),11,cm,,37.283549461,-113.097965329,,Marion Reid,public,2026-03-28 22:54:12 UTC
BIEN,https://bien.nceas.ucsb.edu/bien/,13935027,Pilosocereus royenii,Pilosocereus,Cactaceae,body_size,diameter at breast height (1.3 m),9.8806,cm,,17.936876,-66.945937,,Greg Reams,public,2026-03-28 22:54:12 UTC
BIEN,https://bien.nceas.ucsb.edu/bien/,14236010,Pilosocereus royenii,Pilosocereus,Cactaceae,body_size,diameter at breast height (1.3 m),4.826,cm,,18.036061,-66.181608,,Greg Reams,public,2026-03-28 22:54:12 UTC
BIEN,https://bien.nceas.ucsb.edu/bien/,14258778,Pilosocereus royenii,Pilosocereus,Cactaceae,body_size,diameter at breast height (1.3 m),16.51,cm,,18.357457,-64.709481,,Greg Reams,public,2026-03-28 22:54:12 UTC
BIEN,https://bien.nceas.ucsb.edu/bien/,14358972,Pilosocereus royenii,Pilosocereus,Cactaceae,body_size,diameter at breast height (1.3 m),14.732,cm,,18.343492,-64.686548,,Greg Reams,public,2026-03-28 22:54:12 UTC
BIEN,https://bien.nceas.ucsb.edu/bien/,14861374,Pilosocereus royenii,Pilosocereus,Cactaceae,body_size,diameter at breast height (1.3 m),14.986,cm,,18.343492,-64.686548,,Greg Reams,public,2026-03-28 22:54:12 UTC
BIEN,https://bien.nceas.ucsb.edu/bien/,15170914,Opuntia phaeacantha,Opuntia,Cactaceae,body_size,diameter at breast height (1.3 m),10,cm,,37.283549461,-113.097965329,,Marion Reid,public,2026-03-28 22:54:12 UTC
BIEN,https://bien.nceas.ucsb.edu/bien/,15360819,Pilosocereus royenii,Pilosocereus,Cactaceae,body_size,diameter at breast height (1.3 m),21.59,cm,,18.357457,-64.709481,,Greg Reams,public,2026-03-28 22:54:12 UTC
BIEN,https://bien.nceas.ucsb.edu/bien/,15638345,Pilosocereus royenii,Pilosocereus,Cactaceae,body_size,diameter at breast height (1.3 m),19.304,cm,,18.065278,-67.173455,,Greg Reams,public,2026-03-28 22:54:12 UTC
BIEN,https://bien.nceas.ucsb.edu/bien/,15737245,Pilosocereus royenii,Pilosocereus,Cactaceae,body_size,diameter at breast height (1.3 m),12.7,cm,,18.002006,-66.829729,,Greg Reams,public,2026-03-28 22:54:12 UTC
BIEN,https://bien.nceas.ucsb.edu/bien/,16338859,Pilosocereus royenii,Pilosocereus,Cactaceae,body_size,diameter at breast height (1.3 m),5.08,cm,,18.036061,-66.181608,,Greg Reams,public,2026-03-28 22:54:12 UTC
BIEN,https://bien.nceas.ucsb.edu/bien/,16462906,Pilosocereus royenii,Pilosocereus,Cactaceae,body_size,diameter at breast height (1.3 m),9.652,cm,,18.343492,-64.686548,,Greg Reams,public,2026-03-28 22:54:12 UTC
BIEN,https://bien.nceas.ucsb.edu/bien/,16640507,Pilosocereus royenii,Pilosocereus,Cactaceae,body_size,diameter at breast height (1.3 m),6.096,cm,,18.036061,-66.181608,,Greg Reams,public,2026-03-28 22:54:12 UTC
BIEN,https://bien.nceas.ucsb.edu/bien/,16640509,Pilosocereus royenii,Pilosocereus,Cactaceae,body_size,diameter at breast height (1.3 m),8.382,cm,,18.036061,-66.181608,,Greg Reams,public,2026-03-28 22:54:12 UTC
BIEN,https://bien.nceas.ucsb.edu/bien/,16864758,Pilosocereus royenii,Pilosocereus,Cactaceae,body_size,diameter at breast height (1.3 m),22.606,cm,,18.357457,-64.709481,,Greg Reams,public,2026-03-28 22:54:12 UTC
BIEN,https://bien.nceas.ucsb.edu/bien/,17243642,Pilosocereus royenii,Pilosocereus,Cactaceae,body_size,diameter at breast height (1.3 m),13.208,cm,,17.950829,-66.966923,,Greg Reams,public,2026-03-28 22:54:12 UTC
BIEN,https://bien.nceas.ucsb.edu/bien/,17343683,Pilosocereus royenii,Pilosocereus,Cactaceae,body_size,diameter at breast height (1.3 m),9.398,cm,,18.002006,-66.829729,,Greg Reams,public,2026-03-28 22:54:12 UTC
BIEN,https://bien.nceas.ucsb.edu/bien/,18056740,Pilosocereus royenii,Pilosocereus,Cactaceae,body_size,whole plant height,4.572,m,,18.343492,-64.686548,,Greg Reams,public,2026-03-28 22:54:12 UTC
BIEN,https://bien.nceas.ucsb.edu/bien/,18319686,Pilosocereus royenii,Pilosocereus,Cactaceae,body_size,whole plant height,2.1336,m,,18.036061,-66.181608,,Greg Reams,public,2026-03-28 22:54:12 UTC
BIEN,https://bien.nceas.ucsb.edu/bien/,18596170,Pilosocereus royenii,Pilosocereus,Cactaceae,body_size,whole plant height,3.9624,m,,17.950829,-66.966923,,Greg Reams,public,2026-03-28 22:54:12 UTC
BIEN,https://bien.nceas.ucsb.edu/bien/,18596256,Pilosocereus royenii,Pilosocereus,Cactaceae,body_size,whole plant height,2.1336,m,,18.036061,-66.181608,,Greg Reams,public,2026-03-28 22:54:12 UTC
BIEN,https://bien.nceas.ucsb.edu/bien/,19497032,Pilosocereus royenii,Pilosocereus,Cactaceae,body_size,whole plant height,1.2192,m,,17.936876,-66.945937,,Greg Reams,public,2026-03-28 22:54:12 UTC
BIEN,https://bien.nceas.ucsb.edu/bien/,19497098,Pilosocereus royenii,Pilosocereus,Cactaceae,body_size,whole plant height,2.1336,m,,18.036061,-66.181608,,Greg Reams,public,2026-03-28 22:54:12 UTC
BIEN,https://bien.nceas.ucsb.edu/bien/,19706165,Pilosocereus royenii,Pilosocereus,Cactaceae,body_size,whole plant height,2.1336,m,,18.036061,-66.181608,,Greg Reams,public,2026-03-28 22:54:12 UTC
BIEN,https://bien.nceas.ucsb.edu/bien/,19706183,Pilosocereus royenii,Pilosocereus,Cactaceae,body_size,whole plant height,1.2192,m,,17.936876,-66.945937,,Greg Reams,public,2026-03-28 22:54:12 UTC
BIEN,https://bien.nceas.ucsb.edu/bien/,20000363,Pilosocereus royenii,Pilosocereus,Cactaceae,body_size,whole plant height,4.8768,m,,18.343492,-64.686548,,Greg Reams,public,2026-03-28 22:54:12 UTC
BIEN,https://bien.nceas.ucsb.edu/bien/,20053062,Pilosocereus royenii,Pilosocereus,Cactaceae,body_size,whole plant height,4.8768,m,,17.950829,-66.966923,,Greg Reams,public,2026-03-28 22:54:12 UTC
BIEN,https://bien.nceas.ucsb.edu/bien/,20121129,Pilosocereus royenii,Pilosocereus,Cactaceae,body_size,whole plant height,3.3528,m,,18.002006,-66.829729,,Greg Reams,public,2026-03-28 22:54:12 UTC
BIEN,https://bien.nceas.ucsb.edu/bien/,20328715,Pilosocereus royenii,Pilosocereus,Cactaceae,body_size,whole plant height,3.048,m,,18.036061,-66.181608,,Greg Reams,public,2026-03-28 22:54:12 UTC
BIEN,https://bien.nceas.ucsb.edu/bien/,20328724,Pilosocereus royenii,Pilosocereus,Cactaceae,body_size,whole plant height,6.096,m,,18.002006,-66.829729,,Greg Reams,public,2026-03-28 22:54:12 UTC
BIEN,https://bien.nceas.ucsb.edu/bien/,20328783,Pilosocereus royenii,Pilosocereus,Cactaceae,body_size,whole plant height,2.7432,m,,18.002006,-66.829729,,Greg Reams,public,2026-03-28 22:54:12 UTC
BIEN,https://bien.nceas.ucsb.edu/bien/,20328806,Pilosocereus royenii,Pilosocereus,Cactaceae,body_size,whole plant height,3.048,m,,18.036061,-66.181608,,Greg Reams,public,2026-03-28 22:54:12 UTC
BIEN,https://bien.nceas.ucsb.edu/bien/,20344953,Pilosocereus royenii,Pilosocereus,Cactaceae,body_size,whole plant height,4.8768,m,,18.357457,-64.709481,,Greg Reams,public,2026-03-28 22:54:12 UTC
BIEN,https://bien.nceas.ucsb.edu/bien/,20483068,Pilosocereus royenii,Pilosocereus,Cactaceae,body_size,whole plant height,6.096,m,,18.357457,-64.709481,,Greg Reams,public,2026-03-28 22:54:12 UTC
BIEN,https://bien.nceas.ucsb.edu/bien/,20606421,Pilosocereus royenii,Pilosocereus,Cactaceae,body_size,whole plant height,1.2192,m,,17.936876,-66.945937,,Greg Reams,public,2026-03-28 22:54:12 UTC
BIEN,https://bien.nceas.ucsb.edu/bien/,20815030,Pilosocereus royenii,Pilosocereus,Cactaceae,body_size,whole plant height,4.2672,m,,17.950829,-66.966923,,Greg Reams,public,2026-03-28 22:54:12 UTC
BIEN,https://bien.nceas.ucsb.edu/bien/,20884023,Pilosocereus royenii,Pilosocereus,Cactaceae,body_size,whole plant height,3.9624,m,,18.036061,-66.181608,,Greg Reams,public,2026-03-28 22:54:12 UTC
BIEN,https://bien.nceas.ucsb.edu/bien/,21440092,Pilosocereus royenii,Pilosocereus,Cactaceae,body_size,whole plant height,5.1816,m,,18.002006,-66.829729,,Greg Reams,public,2026-03-28 22:54:12 UTC
BIEN,https://bien.nceas.ucsb.edu/bien/,21855262,Pilosocereus royenii,Pilosocereus,Cactaceae,body_size,whole plant height,3.048,m,,18.036061,-66.181608,,Greg Reams,public,2026-03-28 22:54:12 UTC
BIEN,https://bien.nceas.ucsb.edu/bien/,21925612,Pilosocereus royenii,Pilosocereus,Cactaceae,body_size,whole plant height,4.8768,m,,17.950829,-66.966923,,Greg Reams,public,2026-03-28 22:54:12 UTC
BIEN,https://bien.nceas.ucsb.edu/bien/,22010114,Pilosocereus royenii,Pilosocereus,Cactaceae,body_size,whole plant height,3.3528,m,,18.343492,-64.686548,,Greg Reams,public,2026-03-28 22:54:12 UTC
BIEN,https://bien.nceas.ucsb.edu/bien/,22062935,Pilosocereus royenii,Pilosocereus,Cactaceae,body_size,whole plant height,3.9624,m,,17.950829,-66.966923,,Greg Reams,public,2026-03-28 22:54:12 UTC
BIEN,https://bien.nceas.ucsb.edu/bien/,22062947,Pilosocereus royenii,Pilosocereus,Cactaceae,body_size,whole plant height,2.1336,m,,18.036061,-66.181608,,Greg Reams,public,2026-03-28 22:54:12 UTC
BIEN,https://bien.nceas.ucsb.edu/bien/,22202773,Pilosocereus royenii,Pilosocereus,Cactaceae,body_size,whole plant height,3.9624,m,,17.950829,-66.966923,,Greg Reams,public,2026-03-28 22:54:12 UTC
BIEN,https://bien.nceas.ucsb.edu/bien/,22271952,Pilosocereus royenii,Pilosocereus,Cactaceae,body_size,whole plant height,4.8768,m,,17.950829,-66.966923,,Greg Reams,public,2026-03-28 22:54:12 UTC
BIEN,https://bien.nceas.ucsb.edu/bien/,22272002,Pilosocereus royenii,Pilosocereus,Cactaceae,body_size,whole plant height,1.2192,m,,17.936876,-66.945937,,Greg Reams,public,2026-03-28 22:54:12 UTC
BIEN,https://bien.nceas.ucsb.edu/bien/,22287962,Pilosocereus royenii,Pilosocereus,Cactaceae,body_size,whole plant height,3.9624,m,,18.343492,-64.686548,,Greg Reams,public,2026-03-28 22:54:12 UTC
BIEN,https://bien.nceas.ucsb.edu/bien/,22409787,Pilosocereus royenii,Pilosocereus,Cactaceae,body_size,whole plant height,3.3528,m,,18.002006,-66.829729,,Greg Reams,public,2026-03-28 22:54:12 UTC
BIEN,https://bien.nceas.ucsb.edu/bien/,22564405,Pilosocereus royenii,Pilosocereus,Cactaceae,body_size,whole plant height,7.0104,m,,18.357457,-64.709481,,Greg Reams,public,2026-03-28 22:54:12 UTC
BIEN,https://bien.nceas.ucsb.edu/bien/,22826080,Pilosocereus royenii,Pilosocereus,Cactaceae,body_size,whole plant height,1.2192,m,,17.936876,-66.945937,,Greg Reams,public,2026-03-28 22:54:12 UTC
BIEN,https://bien.nceas.ucsb.edu/bien/,22826100,Pilosocereus royenii,Pilosocereus,Cactaceae,body_size,whole plant height,4.572,m,,17.950829,-66.966923,,Greg Reams,public,2026-03-28 22:54:12 UTC
BIEN,https://bien.nceas.ucsb.edu/bien/,22895180,Pilosocereus royenii,Pilosocereus,Cactaceae,body_size,whole plant height,3.048,m,,18.036061,-66.181608,,Greg Reams,public,2026-03-28 22:54:12 UTC
BIEN,https://bien.nceas.ucsb.edu/bien/,23033966,Pilosocereus royenii,Pilosocereus,Cactaceae,body_size,whole plant height,4.572,m,,18.002006,-66.829729,,Greg Reams,public,2026-03-28 22:54:12 UTC
BIEN,https://bien.nceas.ucsb.edu/bien/,23171590,Pilosocereus royenii,Pilosocereus,Cactaceae,body_size,whole plant height,0.9144,m,,18.036061,-66.181608,,Greg Reams,public,2026-03-28 22:54:12 UTC
BIEN,https://bien.nceas.ucsb.edu/bien/,23187554,Pilosocereus royenii,Pilosocereus,Cactaceae,body_size,whole plant height,3.3528,m,,18.343492,-64.686548,,Greg Reams,public,2026-03-28 22:54:12 UTC
BIEN,https://bien.nceas.ucsb.edu/bien/,23256843,Pilosocereus royenii,Pilosocereus,Cactaceae,body_size,whole plant height,4.8768,m,,18.343492,-64.686548,,Greg Reams,public,2026-03-28 22:54:12 UTC
BIEN,https://bien.nceas.ucsb.edu/bien/,23310414,Pilosocereus royenii,Pilosocereus,Cactaceae,body_size,whole plant height,3.3528,m,,18.002006,-66.829729,,Greg Reams,public,2026-03-28 22:54:12 UTC
BIEN,https://bien.nceas.ucsb.edu/bien/,23310445,Pilosocereus royenii,Pilosocereus,Cactaceae,body_size,whole plant height,4.8768,m,,17.950829,-66.966923,,Greg Reams,public,2026-03-28 22:54:12 UTC
BIEN,https://bien.nceas.ucsb.edu/bien/,23310462,Pilosocereus royenii,Pilosocereus,Cactaceae,body_size,whole plant height,3.048,m,,18.002006,-66.829729,,Greg Reams,public,2026-03-28 22:54:12 UTC
BIEN,https://bien.nceas.ucsb.edu/bien/,23395081,Pilosocereus royenii,Pilosocereus,Cactaceae,body_size,whole plant height,4.8768,m,,18.343492,-64.686548,,Greg Reams,public,2026-03-28 22:54:12 UTC
BIEN,https://bien.nceas.ucsb.edu/bien/,23517699,Pilosocereus royenii,Pilosocereus,Cactaceae,body_size,whole plant height,2.1336,m,,18.036061,-66.181608,,Greg Reams,public,2026-03-28 22:54:12 UTC
BIEN,https://bien.nceas.ucsb.edu/bien/,23533950,Pilosocereus royenii,Pilosocereus,Cactaceae,body_size,whole plant height,6.096,m,,18.357457,-64.709481,,Greg Reams,public,2026-03-28 22:54:12 UTC
BIEN,https://bien.nceas.ucsb.edu/bien/,23741354,Pilosocereus royenii,Pilosocereus,Cactaceae,body_size,whole plant height,3.3528,m,,18.343492,-64.686548,,Greg Reams,public,2026-03-28 22:54:12 UTC
BIEN,https://bien.nceas.ucsb.edu/bien/,23811118,Pilosocereus royenii,Pilosocereus,Cactaceae,body_size,whole plant height,5.1816,m,,18.357457,-64.709481,,Greg Reams,public,2026-03-28 22:54:12 UTC
BIEN,https://bien.nceas.ucsb.edu/bien/,24072687,Pilosocereus royenii,Pilosocereus,Cactaceae,body_size,whole plant height,1.2192,m,,17.936876,-66.945937,,Greg Reams,public,2026-03-28 22:54:12 UTC
BIEN,https://bien.nceas.ucsb.edu/bien/,24280809,Pilosocereus royenii,Pilosocereus,Cactaceae,body_size,whole plant height,0.9144,m,,18.036061,-66.181608,,Greg Reams,public,2026-03-28 22:54:12 UTC
BIEN,https://bien.nceas.ucsb.edu/bien/,24297270,Pilosocereus royenii,Pilosocereus,Cactaceae,body_size,whole plant height,4.8768,m,,18.357457,-64.709481,,Greg Reams,public,2026-03-28 22:54:12 UTC
BIEN,https://bien.nceas.ucsb.edu/bien/,24366992,Pilosocereus royenii,Pilosocereus,Cactaceae,body_size,whole plant height,5.1816,m,,18.343492,-64.686548,,Greg Reams,public,2026-03-28 22:54:12 UTC
BIEN,https://bien.nceas.ucsb.edu/bien/,24713126,Pilosocereus royenii,Pilosocereus,Cactaceae,body_size,whole plant height,6.096,m,,18.343492,-64.686548,,Greg Reams,public,2026-03-28 22:54:12 UTC
BIEN,https://bien.nceas.ucsb.edu/bien/,25058250,Pilosocereus royenii,Pilosocereus,Cactaceae,body_size,whole plant height,6.096,m,,18.357457,-64.709481,,Greg Reams,public,2026-03-28 22:54:12 UTC
BIEN,https://bien.nceas.ucsb.edu/bien/,25249445,Pilosocereus royenii,Pilosocereus,Cactaceae,body_size,whole plant height,8.8392,m,,18.065278,-67.173455,,Greg Reams,public,2026-03-28 22:54:12 UTC
BIEN,https://bien.nceas.ucsb.edu/bien/,25317883,Pilosocereus royenii,Pilosocereus,Cactaceae,body_size,whole plant height,4.8768,m,,18.002006,-66.829729,,Greg Reams,public,2026-03-28 22:54:12 UTC
BIEN,https://bien.nceas.ucsb.edu/bien/,25734144,Pilosocereus royenii,Pilosocereus,Cactaceae,body_size,whole plant height,2.1336,m,,18.036061,-66.181608,,Greg Reams,public,2026-03-28 22:54:12 UTC
BIEN,https://bien.nceas.ucsb.edu/bien/,25820283,Pilosocereus royenii,Pilosocereus,Cactaceae,body_size,whole plant height,4.8768,m,,18.343492,-64.686548,,Greg Reams,public,2026-03-28 22:54:12 UTC
BIEN,https://bien.nceas.ucsb.edu/bien/,25942713,Pilosocereus royenii,Pilosocereus,Cactaceae,body_size,whole plant height,2.1336,m,,18.036061,-66.181608,,Greg Reams,public,2026-03-28 22:54:12 UTC
BIEN,https://bien.nceas.ucsb.edu/bien/,25942715,Pilosocereus royenii,Pilosocereus,Cactaceae,body_size,whole plant height,3.9624,m,,18.036061,-66.181608,,Greg Reams,public,2026-03-28 22:54:12 UTC
BIEN,https://bien.nceas.ucsb.edu/bien/,26098233,Pilosocereus royenii,Pilosocereus,Cactaceae,body_size,whole plant height,5.7912,m,,18.357457,-64.709481,,Greg Reams,public,2026-03-28 22:54:12 UTC
BIEN,https://bien.nceas.ucsb.edu/bien/,26360060,Pilosocereus royenii,Pilosocereus,Cactaceae,body_size,whole plant height,3.6576,m,,17.950829,-66.966923,,Greg Reams,public,2026-03-28 22:54:12 UTC
BIEN,https://bien.nceas.ucsb.edu/bien/,26429223,Pilosocereus royenii,Pilosocereus,Cactaceae,body_size,whole plant height,3.3528,m,,18.002006,-66.829729,,Greg Reams,public,2026-03-28 22:54:12 UTC
Wikidata,https://www.wikidata.org/wiki/Q309965,Q309965,Opuntia polyacantha,,,flower_color,flower color,yellow,,,,,,,,2026-03-28 22:54:12 UTC
Wikidata,https://www.wikidata.org/wiki/Q309965,Q309965,Opuntia polyacantha,,,flower_color,flower color,magenta,,,,,,,,2026-03-28 22:54:12 UTC
Wikidata,https://www.wikidata.org/wiki/Q310523,Q310523,Opuntia microdasys,,,flower_color,flower color,yellow,,,,,,,,2026-03-28 22:54:12 UTC
Wikidata,https://www.wikidata.org/wiki/Q134419,Q134419,Opuntia humifusa,,,flower_color,flower color,yellow,,,,,,,,2026-03-28 22:54:12 UTC
Wikidata,https://www.wikidata.org/wiki/Q140336,Q140336,Peniocereus greggii,,,flower_color,flower color,white,,,,,,,,2026-03-28 22:54:12 UTC
Wikidata,https://www.wikidata.org/wiki/Q2027574,Q2027574,Opuntia decumbens,,,flower_color,flower color,yellow,,,,,,,,2026-03-28 22:54:12 UTC
