species,growthForm,dimensions,lambda,SurvivalV,SurvivalS,SurvivalEraw,RecruitV,RecruitS,RecruitEraw,GrowthTotV,GrowthTotS,GrowthTotEraw,TotElas,SurvivalE,RecruitE,GrowthTotE,kingdom,phylum,AngioGymnosperm,dicotMonocot,class,order,family,raunkier,clonality,Country,criteriaSize,criteriaStage,criteriaAge,criteria,temporalReplication,start,end,spatialReplication,ecoregion2
Silene acaulis,Herbaceous perennial,12,1.00948083,0.970493333,1.026591858,1,0.189903793,0.031680739,0.008010973,0.214731084,0.618199373,0.024023143,1.032034116,0.937920432,0.015524628,0.04655494,Plantae,Magnoliophyta,Angiosperm,Eudicot,Magnoliopsida,Caryophyllales,Caryophyllaceae,Chamaephyte,Genet,USA,Rosette number & Major axis length,NA,Yes,S.A,2,1995,1996,5,Arctic
Carlina vulgaris,Herbaceous perennial,3,0.691870653,0.667,104.7634096,1,45.33333333,0.000764891,0.150353456,0.556,0.474353254,0.378299001,1.528652457,0.308341861,0.19671372,0.494944419,Plantae,Magnoliophyta,Angiosperm,Eudicot,Magnoliopsida,Asterales,Asteraceae,Hemicryptophyte,Ramet,SWE,Yes,Yes,NA,S.ST,1,1997,1997,8,Arctic
Geranium sylvaticum,Herbaceous perennial,8,1.005133002,0.859875,1.153904914,1,0.395689824,0.06015987,0.092004675,0.433329318,3.321871171,0.194210425,1.286215099,0.554949869,0.143062657,0.301987474,Plantae,Magnoliophyta,Angiosperm,Eudicot,Magnoliopsida,Geraniales,Geraniaceae,Hemicryptophyte,Genet,FIN,Yes,NA,NA,S,2,2003,2004,3,Arctic
Saxifraga cotyledon,Herbaceous perennial,7,1.201039656,0.732681429,2.073306678,1,31.97523787,0.00479026,0.066934182,0.978269641,3.247225358,0.365137782,1.432071964,0.396577861,0.093478796,0.509943343,Plantae,Magnoliophyta,Angiosperm,Eudicot,Magnoliopsida,Saxifragales,Saxifragaceae,Hemicryptophyte,Ramet,SWE,Yes,Based on size (Rosette height),NA,S,5,1992,1996,1,Arctic
Abies concolor,Tree,5,1.043540886,0.946,1.096060781,1,0.2558159,0.024279677,0.029759866,0.112309629,0.558219135,0.05733094,1.087090806,0.839772711,0.05475139,0.105475898,Plantae,Pinophyta,Gymnosperm,NA,Pinopsida,Pinales,Pinaceae,Megaphanerophyte,Genet,USA,DBH,NA,NA,S,22,1982,2003,15,Arctic
Agave marmorata,Succulent,12,0.921521129,0.749104167,1.207463388,1,4.141332854,0.056640977,0.048140803,0.298447989,0.81910209,0.109122167,1.15726297,0.728215671,0.083197691,0.188586638,Plantae,Magnoliophyta,Angiosperm,Monocot,Liliopsida,Asparagales,Asparagaceae,Nanophanerophyte,Genet,NA,Yes,Yes,NA,S.ST,3,2002,2004,2,Desert
Oenothera deltoides,Herbaceous perennial,4,0.87420239,0.609514,1.124200545,1,0.458606776,0.043260667,0.053045439,0.566914466,0.388395536,0.081040252,1.134085691,0.763535169,0.093547496,0.142917335,Plantae,Magnoliophyta,Angiosperm,Eudicot,Magnoliopsida,Myrtales,Onagraceae,Hemicryptophyte,Genet,USA,Canopy volume,Based on size,NA,S,4,1997,2000,1,Desert
Lupinus tidestromii,Herbaceous perennial,4,0.918122061,0.703,1.378233807,1,0.279431896,0.226558678,0.140506013,0.936565897,0.469346356,0.191855144,1.332361157,0.501094496,0.210912803,0.2879927,Plantae,Magnoliophyta,Angiosperm,Eudicot,Magnoliopsida,Fabales,Fabaceae,Chamaephyte,Genet,USA,NA,Yes,NA,ST,3,2005,2007,2,Desert
Carnegiea gigantea,Succulent,15,0.540559412,0.443711089,1.076301162,1,703383.2105,4.67E-008,0.000852816,0.071642295,4.66594404,0.003603276,1.004456093,0.991127352,0.001698066,0.007174582,Plantae,Magnoliophyta,Angiosperm,Eudicot,Magnoliopsida,Caryophyllales,Cactaceae,Mesophanerophyte,Genet,NA,Height,Yes,NA,S.ST,NA,NA,NA,1,Desert
Prosopis laevigata,Tree,5,1.008361787,0.92356,1.02041687,1,0.020948167,0.331338054,0.01021715,0.255372888,0.163096457,0.010773137,1.020990287,0.958882494,0.020014197,0.021103309,Plantae,Magnoliophyta,Angiosperm,Eudicot,Magnoliopsida,Fabales,Mimosaceae,Mesophanerophyte,Genet,MEX,Height,Based on size,NA,S,NA,NA,NA,NA,Desert
Hilaria mutica,Herbaceous perennial,4,0.972416793,0.67915625,1.492420563,1,1.181941012,0.09385168,0.140731642,0.57115776,2.395444221,0.307077909,1.447809551,0.381397158,0.194406291,0.424196551,Plantae,Magnoliophyta,Angiosperm,Monocot,Liliopsida,Poales,Poaceae,Hemicryptophyte,Genet,MEX,Culm number,NA,NA,S,3,1996,1998,1,Desert
Atriplex vesicaria,Shrub,4,1.004807826,0.7422222,1.068326481,1,0.057045314,0.202648518,0.024739099,0.610558026,0.841345321,0.049191552,1.073930651,0.862317645,0.04607206,0.091610296,Plantae,Magnoliophyta,Angiosperm,Eudicot,Magnoliopsida,Caryophyllales,Chenopodiaceae,Nanophanerophyte,Genet,AUS,Canopy volume,Based on size,NA,S,8,1987,1994,9,Desert
Prosopis glandulosa,Tree,9,1.2985357,0.989034259,1.322620697,1,2.752628247,0.055678014,0.095232814,0.474750193,11.61671166,0.207950445,1.303183259,0.53470357,0.146154139,0.319142291,Plantae,Magnoliophyta,Angiosperm,Eudicot,Magnoliopsida,Fabales,Mimosaceae,Mesophanerophyte,Genet,MEX,Crown volume,NA,NA,S,5,1994,1998,1,Desert
Lactuca virosa,Herbaceous perennial,4,1.000250094,0.04340625,276.0626617,1,4000000,1.56E-008,0.249937469,1,0.706854474,0.706677738,1.956615207,0.02217339,0.25547943,0.72234718,Plantae,Magnoliophyta,Angiosperm,Eudicot,Magnoliopsida,Asterales,Asteraceae,Hemicryptophyte,Genet,GBR,NA,Yes,NA,ST,4,1973,1976,10,Desert
Cleome droserifolia,Herbaceous perennial,15,1.113650198,0.832419098,2.432536663,1,17609.31498,0.008436806,0.067998787,0.242308142,17.31536986,0.188702056,1.256700843,0.591468654,0.108217939,0.300313407,Plantae,Magnoliophyta,Angiosperm,Eudicot,Magnoliopsida,Brassicales,Capparaceae,Chamaephyte,Genet,EGY,Canopy volume,Yes,NA,S.ST,NA,NA,NA,1,Desert
Isatis tinctoria,Herbaceous perennial,4,1.459859009,0.277,14.19009955,1,1240,0.002066686,0.287855031,1,0.722885777,0.495175064,1.783030094,0.121686059,0.322882975,0.555430966,Plantae,Magnoliophyta,Angiosperm,Eudicot,Magnoliopsida,Brassicales,Brassicaceae,Hemicryptophyte,Genet,USA,NA,Based on age,Yes,A,2,1982,1983,11,Desert
Ambrosia dumosa,Shrub,6,0.615027706,0.526766667,1.09087017,1,0.319888959,0.079067846,0.052947761,0.591827725,1.40992871,0.294399171,1.347346932,0.484398674,0.078595586,0.43700574,Plantae,Magnoliophyta,Angiosperm,Eudicot,Magnoliopsida,Asterales,Asteraceae,Nanophanerophyte,Genet,USA,NA,NA,NA,NA,11,1984,1994,1,Desert
Balsamorhiza sagittata,Herbaceous perennial,5,30.83171023,0.9999999998,30.83171023,1,0,0,0,21.33454196,3.066761226,0.978527678,1.978527678,0.010852677,0,0.989147323,Plantae,Magnoliophyta,Angiosperm,Eudicot,Magnoliopsida,Asterales,Asteraceae,Hemicryptophyte,Ramet,USA,Leaf number,Based on size,NA,S,6,2002,2007,2,Desert
Lupinus arboreus,Shrub,9,1.398135909,0.727955556,2.170923761,1,948.7015557,0.000450506,0.20371058,0.751149583,115.5651602,0.348111607,1.551822187,0.288807453,0.262543714,0.448648833,Plantae,Magnoliophyta,Angiosperm,Eudicot,Magnoliopsida,Fabales,Fabaceae,Nanophanerophyte,Genet,USA,Canopy area,Based on size,NA,S,6,1999,2004,2,Desert
Ambrosia deltoidea,Shrub,6,0.615027706,0.526766667,1.09087017,1,0.319888959,0.079067846,0.052947761,0.591827725,1.40992871,0.294399171,1.347346932,0.484398674,0.078595586,0.43700574,Plantae,Magnoliophyta,Angiosperm,Eudicot,Magnoliopsida,Asterales,Asteraceae,Nanophanerophyte,Genet,USA,Canopy volume,Based on size,NA,S,73,1906,1978,1,Desert
Opuntia macrocentra,Succulent,10,1.019040436,0.873853509,1.048539353,1,1292.077043,0.346663689,0.030424161,0.248212909,45.9206888,0.055943735,1.086367896,0.840996965,0.056010789,0.102992246,Plantae,Magnoliophyta,Angiosperm,Eudicot,Magnoliopsida,Caryophyllales,Cactaceae,Nanophanerophyte,Ramet,MEX,Cladode number,Based on size,NA,S,4,1997,2000,2,Desert
Cassia nemophila,Shrub,12,1.206883651,0.746528816,2.580496758,1,218217.3304,0.034973751,0.091805195,0.257478006,2.487032756,0.232668931,1.324474126,0.510033273,0.138628899,0.351337828,Plantae,Magnoliophyta,Angiosperm,Eudicot,Magnoliopsida,Fabales,Fabaceae,Nanophanerophyte,Genet,AUS,NA,Based on age,Yes,ST.A,51,1925,1975,1,Desert
Ipomopsis aggregata,Herbaceous perennial,7,0.456654531,0.216857143,17.69422842,1,728.0736695,0.005797397,0.288348723,1,0.247502335,0.541990319,1.830339042,0.092693733,0.315076842,0.592229425,Plantae,Magnoliophyta,Angiosperm,Eudicot,Magnoliopsida,Ericales,Polemoniaceae,Hemicryptophyte,Genet,USA,NA,NA,Yes,A,10,1995,2004,3,Desert
Atriplex canescens,Shrub,5,1.134105486,0.8012,1.411080481,1,0.441479346,0.125123551,0.124645392,0.509304658,2.254855792,0.188552661,1.313198053,0.522999517,0.189834873,0.287165611,Plantae,Magnoliophyta,Angiosperm,Eudicot,Magnoliopsida,Caryophyllales,Chenopodiaceae,Nanophanerophyte,Genet,MEX,Canopy volume,Based on size,NA,S,4,1995,1998,1,Desert
Acacia bilimekii,Shrub,6,1.234823499,0.969166667,1.279153115,1,8.133867886,0.008290215,0.070052697,0.255202874,3.480912961,0.212673417,1.282726114,0.559179296,0.109224715,0.331595989,Plantae,Magnoliophyta,Angiosperm,Eudicot,Magnoliopsida,Fabales,Mimosaceae,Nanophanerophyte,Genet,MEX,Canopy volume,Based on size,NA,S,2,2001,2002,1,Desert
Juniperus procera,Tree,11,1.018716716,0.971818182,1.046277962,1,0.557612489,0.018837081,0.014177948,0.024505004,0.795308028,0.028896487,1.043074435,0.917408704,0.027184921,0.055406375,Plantae,Pinophyta,Gymnosperm,NA,Pinopsida,Pinales,Cupressaceae,Mesophanerophyte,Genet,ETH,DBH,NA,NA,S,1,2003,2003,1,Desert
Cirsium palustre,Herbaceous perennial,6,1.403141805,0.189583167,25.42080722,1,1655.267524,0.000128971,0.317656456,0.601022612,1.528544112,0.58028495,1.897941406,0.053773311,0.334737896,0.611488793,Plantae,Magnoliophyta,Angiosperm,Eudicot,Magnoliopsida,Asterales,Asteraceae,Hemicryptophyte,Genet,SWE,Rosette diameter & Flower number,Based on size,Yes,S.ST.A,4,2002,2005,2,Temperate grassland
Eupatorium perfoliatum,Herbaceous perennial,5,0.837053835,0.447733253,1.567567928,1,0.046835735,0.241245875,0.031168617,1.492111763,1.25159817,0.464576771,1.495745388,0.337125968,0.041676368,0.621197664,Plantae,Magnoliophyta,Angiosperm,Eudicot,Magnoliopsida,Asterales,Asteraceae,Helophyte,Ramet,USA,NA,Yes,NA,ST,3,1989,1991,3,Temperate grassland
Plantago media,Herbaceous perennial,5,0.93966528,0.619,1.104280922,1,0.260959792,0.005612469,0.007793354,0.709367028,0.322878522,0.069917537,1.077710891,0.855785273,0.014462791,0.129751935,Plantae,Magnoliophyta,Angiosperm,Eudicot,Magnoliopsida,Lamiales,Plantaginaceae,Hemicryptophyte,Genet,SWE,Rosette size,Based on size,NA,S,5,1993,1997,2,Temperate grassland
Sequoia sempervirens,Tree,5,0.992171297,0.595772354,1.000131592,1,0.019442346,0.000155896,0.00000151,0.500503983,0.002280137,0.00000378,1.000005294,0.999989412,0.00000302,0.00000757,Plantae,Pinophyta,Gymnosperm,NA,Pinopsida,Pinales,Cupressaceae,Megaphanerophyte,Genet,NA,NA,NA,NA,NA,NA,NA,NA,NA,Temperate forest
Carduus nutans,Herbaceous perennial,4,0.638627377,0.278050084,2.172144296,1,6.919003056,0.067463,0.278009253,0.356498735,3.31867586,0.273757277,1.55176653,0.288853679,0.358313248,0.352833074,Plantae,Magnoliophyta,Angiosperm,Eudicot,Magnoliopsida,Asterales,Asteraceae,Hemicryptophyte,Genet,FRA,Rosette area,Yes,NA,S.ST,4,1986,1989,3,Temperate forest
Digitalis purpurea,Herbaceous perennial,4,5.50087442,0.4883,2876.073331,1,23271575.6,0.051741027,0.340643313,0.647910986,1083.998919,0.538130855,1.878774168,0.064523898,0.362622948,0.572853155,Plantae,Magnoliophyta,Angiosperm,Eudicot,Magnoliopsida,Lamiales,Plantaginaceae,Hemicryptophyte,Ramet,NA,NA,Yes,NA,ST,4,1978,1981,1,Temperate forest
Pinus lambertiana,Tree,5,1.027011985,0.90613332,1.110856028,1,0.482426333,0.012667786,0.029752688,0.109585898,0.701345614,0.067827819,1.097580507,0.822189795,0.054215045,0.12359516,Plantae,Pinophyta,Gymnosperm,NA,Pinopsida,Pinales,Pinaceae,Megaphanerophyte,Genet,USA,DBH,NA,NA,S,21,1983,2003,15,Temperate forest
Calochortus pulchellus,Herbaceous perennial,4,1.114977187,0.815,1.307546057,1,4.69329494,0.034567472,0.085922702,0.241937316,2.11742149,0.163868368,1.24979107,0.600267475,0.137499305,0.26223322,Plantae,Magnoliophyta,Angiosperm,Monocot,Liliopsida,Liliales,Liliaceae,Geophyte,Genet,USA,Basal leaf maximum width,NA,NA,S,3,1981,1983,1,Temperate forest
Lobularia maritima,Herbaceous perennial,5,1.05014716,0.62790032,1.909213685,1,19.46278436,0.098657257,0.124736393,0.448064152,2.460628707,0.164410635,1.289147028,0.551413421,0.193517714,0.255068865,Plantae,Magnoliophyta,Angiosperm,Eudicot,Magnoliopsida,Brassicales,Brassicaceae,Hemicryptophyte,Genet,ESP,Flowering stalk number,Based on size,NA,S,6,1993,1998,1,Temperate forest
Pinus ponderosa,Tree,5,0.990405911,0.8486,1.001776578,1,0.010505051,0.007676985,0.000407142,0.094875495,0.012867213,0.001103315,1.001510457,0.996983643,0.000813055,0.002203302,Plantae,Pinophyta,Gymnosperm,NA,Pinopsida,Pinales,Pinaceae,Megaphanerophyte,Genet,USA,DBH,NA,NA,S,13,1991,2003,15,Temperate forest
Pinus jeffreyi,Tree,5,0.945867797,0.92642,0.992753255,1,0.015449735,0.00758254,0.000619263,0.095247235,4.840455651,0.009476072,1.010095335,0.980011124,0.001226148,0.018762728,Plantae,Pinophyta,Gymnosperm,NA,Pinopsida,Pinales,Pinaceae,Megaphanerophyte,Genet,USA,DBH,NA,NA,S,18,1983,2000,15,Temperate forest
Fumana procumbens,Shrub,6,1.017308833,0.82347225,1.161763719,1,0.093508714,0.592342487,0.084522806,0.667392832,0.72079656,0.110973849,1.195496656,0.672944873,0.141401995,0.185653132,Plantae,Magnoliophyta,Angiosperm,Eudicot,Magnoliopsida,Malvales,Cistaceae,Nanophanerophyte,Genet,USA,Branch number,NA,NA,S,7,1985,1991,3,Temperate forest
Saussurea medusa,Herbaceous perennial,5,1.102602572,0.6270627,179.5944973,1,2767.95222,0.0000129,0.161655608,0.556411072,3.684728908,0.311992974,1.473648582,0.357175669,0.219395059,0.423429273,Plantae,Magnoliophyta,Angiosperm,Eudicot,Magnoliopsida,Asterales,Asteraceae,Chamaephyte,Genet,CHN,NA,Yes,NA,ST,5,2002,2006,2,Temperate grassland
Fritillaria meleagris,Herbaceous perennial,8,1.017935008,0.747146509,1.128546432,1,0.105933528,0.166305514,0.069174478,0.870613428,1.515253321,0.157061221,1.226235699,0.631007809,0.112824113,0.256168078,Plantae,Magnoliophyta,Angiosperm,Monocot,Liliopsida,Liliales,Liliaceae,Geophyte,Genet,CHN,Leaf & Stem length,NA,NA,S,3,1981,1983,2,Temperate grassland
Pterocarpus angolensis,Tree,4,0.970830932,0.92775,0.985088692,1,0.009940507,0.105178825,0.001658887,0.024176967,1.009093988,0.020538182,1.022197069,0.956569884,0.003245728,0.040184388,Plantae,Magnoliophyta,Angiosperm,Eudicot,Magnoliopsida,Fabales,Fabaceae,Mesophanerophyte,Genet,ZAF,Yes,Based on size,NA,S,2,1992,1993,1,Temperate grassland
Grias peruviana,Tree,9,1.006637586,0.785555556,1.219933259,1,9.070294785,0.000901889,0.018284534,0.240165085,0.356654891,0.05353925,1.071823784,0.865978372,0.034118545,0.099903083,Plantae,Magnoliophyta,Angiosperm,Eudicot,Magnoliopsida,Ericales,Lecythidaceae,Mesophanerophyte,Genet,PER,Yes,NA,NA,S,2,1984,1985,1,Temperate grassland
Saxifraga aizoides,Herbaceous perennial,6,0.985805279,0.752791667,1.150260175,1,0.651280755,0.021486259,0.01860423,0.457267027,1.551420725,0.118779507,1.137383737,0.758421485,0.032714078,0.208864438,Plantae,Magnoliophyta,Angiosperm,Eudicot,Magnoliopsida,Saxifragales,Saxifragaceae,Hemicryptophyte,Genet,AUT,number rosettes,Yes,NA,S.ST,NA,NA,NA,NA,Temperate grassland
Aquilegia chrysantha,Herbaceous perennial,5,0.848919018,0.48362,1.767923066,1,12.17848754,0.021338761,0.138911618,0.628056633,1.514144103,0.353742008,1.492653626,0.339895583,0.186127063,0.473977354,Plantae,Magnoliophyta,Angiosperm,Eudicot,Magnoliopsida,Ranunculales,Ranunculaceae,Hemicryptophyte,Genet,USA,Rosette number,Yes,Yes,S.ST.A,12,1995,2006,1,Temperate grassland
Achnatherum calamagrostis,Herbaceous perennial,11,1.093336299,0.847,1.318686948,1,2.438142072,0.054189546,0.089400273,0.738732567,1.977621216,0.227949958,1.317350231,0.518199149,0.135727419,0.346073432,Plantae,Magnoliophyta,Angiosperm,Monocot,Liliopsida,Poales,Poaceae,Hemicryptophyte,Ramet,ESP,Tiller number,Yes,NA,S.ST,3,1989,1991,2,Temperate grassland
Zea diploperennis,Herbaceous perennial,4,0.765310644,0.699793615,1.056497425,1,27.92170238,0.000465984,0.034227774,0.373483473,12.85001655,0.297468823,1.331696597,0.501843591,0.051404763,0.446751645,Plantae,Magnoliophyta,Angiosperm,Monocot,Liliopsida,Poales,Poaceae,Geophyte,Genet,MEX,Flowering shoot number,Based on size,NA,S,6,1988,1993,3,Temperate grassland
Clintonia borealis,Herbaceous perennial,3,1.064046375,0.923333333,1.209979222,1,0,0,0,0.497640693,1.136325243,0.204728451,1.204728451,0.660125149,0,0.339874851,Plantae,Magnoliophyta,Angiosperm,Monocot,Liliopsida,Liliales,Liliaceae,Geophyte,Ramet,USA,Leaf size,NA,NA,S,4,1979,1982,3,Temperate forest
Cirsium dissectum,Herbaceous perennial,6,0.945961809,0.364552333,77.68777074,1,2.375,0.000272018,0.001237193,332.21128,1.771879036,0.4927794,1.494016592,0.338673218,0.001656197,0.659670585,Plantae,Magnoliophyta,Angiosperm,Eudicot,Magnoliopsida,Asterales,Asteraceae,Hemicryptophyte,Ramet,NLD,Yes,Yes,NA,S.ST,5,1999,2003,3,Temperate forest
Heracleum mantegazzianum,Herbaceous perennial,4,0.275344281,0.233175,1.276015092,1,0.321808511,0.011820385,0.05526028,0.964620425,0.325518295,0.300188454,1.355448734,0.475526112,0.081537986,0.442935902,Plantae,Magnoliophyta,Angiosperm,Eudicot,Magnoliopsida,Apiales,Apiaceae,Hemicryptophyte,Genet,CZE,Leaf number & + leaf length,Yes,NA,S.ST,3,2002,2004,5,Temperate forest
Armeria maritima,Herbaceous perennial,11,1.458043853,0.789636364,2.730587917,1,127.2058195,0.004230841,0.122504899,0.6,0.809559597,0.367775583,1.490280482,0.342029252,0.164405158,0.49356559,Plantae,Magnoliophyta,Angiosperm,Eudicot,Magnoliopsida,Caryophyllales,Plumbaginaceae,Hemicryptophyte,Genet,BEL,Yes,NA,Based on S,S,5,1975,1979,1,Temperate forest
Rumex rupestris,Herbaceous perennial,4,0.643217258,0.519666667,1.094008292,1,0.085037145,0.123150756,0.030861966,0.846210026,0.352309892,0.135359942,1.166221908,0.714939487,0.052926404,0.232134109,Plantae,Magnoliophyta,Angiosperm,Eudicot,Magnoliopsida,Caryophyllales,Polygonaceae,Hemicryptophyte,Genet,ESP,NA,Yes,NA,ST,6,2001,2006,2,Temperate forest
Prunus serotina,Tree,11,1.161433565,0.614863636,3.176399371,1,231.7722681,0.0000853,0.064658129,1,0.363910877,0.313329052,1.377987181,0.451392312,0.093844312,0.454763376,Plantae,Magnoliophyta,Angiosperm,Eudicot,Magnoliopsida,Rosales,Rosaceae,Mesophanerophyte,Genet,FRA,Yes,Based on size,NA,S,3,2003,2005,1,Temperate forest
Alliaria petiolata,Herbaceous perennial,4,1.65783929,0.5277735,371.6801597,1,18658.75,0.00000495,0.222876958,0.73988809,1.875474393,0.447885515,1.670762472,0.197058249,0.266796701,0.53614505,Plantae,Magnoliophyta,Angiosperm,Eudicot,Magnoliopsida,Brassicales,Brassicaceae,Hemicryptophyte,Genet,USA,NA,Yes,NA,ST,2,1996,1997,1,Temperate forest
Primula elatior,Herbaceous perennial,5,1.037038126,0.707157786,1.535279721,1,0.878538026,0.022716689,0.050642057,0.665815358,0.828920711,0.129976676,1.180618733,0.694026992,0.085789012,0.220183997,Plantae,Magnoliophyta,Angiosperm,Eudicot,Magnoliopsida,Ericales,Primulaceae,Hemicryptophyte,Genet,BEL,Yes,Based on size & age,Yes,S.A,4,2004,2007,7,Temperate forest
Lathyrus vernus,Herbaceous perennial,7,1.009614811,0.837285714,1.104069664,1,0.369502731,0.080195944,0.039272215,0.622219529,1.189110642,0.143630652,1.182902868,0.690755898,0.06639973,0.242844373,Plantae,Magnoliophyta,Angiosperm,Eudicot,Magnoliopsida,Fabales,Fabaceae,Geophyte,Genet,SWE,Volume,Based on size,NA,S,4,1988,1991,1,Temperate forest
Ranunculus peltatus,Herbaceous perennial,3,0.898457231,0.265833333,2.877844831,1,4.093926106,0.031928591,0.436459147,0.873266714,0.941555703,0.478665624,1.915124771,0.044318381,0.45580231,0.49987931,Plantae,Magnoliophyta,Angiosperm,Eudicot,Magnoliopsida,Ranunculales,Ranunculaceae,Hydrophyte,Genet,SWE,NA,Yes,NA,ST,6,1992,1997,3,Temperate forest
Scabiosa columbaria,Herbaceous perennial,3,1.029613554,0.775666667,1.293460929,1,2.802816901,0.018147278,0.148201715,1.03045067,2.464589215,0.266684873,1.414886588,0.413540857,0.209489179,0.376969964,Plantae,Magnoliophyta,Angiosperm,Eudicot,Magnoliopsida,Dipsacales,Dipsacaceae,Hemicryptophyte,Genet,NLD,NA,Yes,NA,ST,4,1980,1983,1,Temperate forest
Geum rivale,Herbaceous perennial,5,1.014427073,0.791033407,1.221589821,1,0.295196026,0.033092055,0.048148573,0.706742986,0.460842288,0.125129261,1.173277835,0.704626083,0.082075314,0.213298603,Plantae,Magnoliophyta,Angiosperm,Eudicot,Magnoliopsida,Rosales,Rosaceae,Hemicryptophyte,Ramet,SWE,Yes,Based on size,NA,S,6,1993,1998,1,Temperate forest
Allium tricoccum,Herbaceous perennial,15,0.991379938,0.570466667,59.70649487,1,2.382678175,0.002186077,0.014306826,55.64463972,2.443667399,0.361323205,1.375630031,0.453879281,0.020800397,0.525320322,Plantae,Magnoliophyta,Angiosperm,Monocot,Liliopsida,Asparagales,Amaryllidaceae,Geophyte,Ramet,CAN,Leaf width,Based on size,NA,S.ST,5,1984,1988,1,Temperate forest
Sabal minor,Palm,12,1.000477407,0.821558333,3.012168788,1,593.8028465,0.000000856,0.00138815,0.190644484,0.040525481,0.004546463,1.005934614,0.988200797,0.002759921,0.009039282,Plantae,Magnoliophyta,Angiosperm,Monocot,Liliopsida,Arecales,Arecaceae,Mesophanerophyte,Genet,USA,Leaf mass,Based on size,NA,S,5,NA,NA,2,Temperate forest
Actaea spicata,Herbaceous perennial,6,0.972001416,0.655263895,1.366271224,1,19.17713869,0.000423535,0.050136856,0.565579323,2.980061947,0.19664861,1.246785466,0.604125212,0.080425795,0.315448993,Plantae,Magnoliophyta,Angiosperm,Eudicot,Magnoliopsida,Ranunculales,Ranunculaceae,Hemicryptophyte,Genet,SWE,Shoot height,Based on size,NA,S,6,1993,1998,2,Temperate forest
Lonicera maackii,Shrub,3,2.203827414,0.760666667,2.569981574,1,119.101626,0.037658873,0.315461912,0.073240166,8.675887155,0.293652424,1.609114336,0.242919757,0.392093843,0.3649864,Plantae,Magnoliophyta,Angiosperm,Eudicot,Magnoliopsida,Dipsacales,Caprifoliaceae ,Chamaephyte,Genet,USA,NA,Yes,NA,ST,2,2007,2008,1,Temperate forest
Carum carvi,Herbaceous perennial,5,0.981544826,0.5988,137.0971386,1,898.4666666,0.0000302,0.138364528,0.705053014,0.720160181,0.16405615,1.302420678,0.535602155,0.212472868,0.251924977,Plantae,Magnoliophyta,Angiosperm,Eudicot,Magnoliopsida,Apiales,Caryocaraceae,Hemicryptophyte,Genet,SWE,NA,NA,NA,NA,4,2003,2006,3,Temperate forest
Dipsacus sylvestris,Herbaceous perennial,7,1.444837878,0.444590714,344.7283701,1,44861.42857,0.00000109,0.23691394,0.875118143,33.80589293,0.61086434,1.84777828,0.082380945,0.256431134,0.661187921,Plantae,Magnoliophyta,Angiosperm,Eudicot,Magnoliopsida,Dipsacales,Dipsacaceae,Hemicryptophyte,Genet,USA,Rosette size,Based on size,NA,S,6,1964,1969,8,Temperate forest
Viola fimbriatula,Herbaceous perennial,11,1.221245931,0.854545455,1.905549721,1,21.93008365,0.074630802,0.181793372,0.842491616,5.234345439,0.458932591,1.640725963,0.218972604,0.22160114,0.559426255,Plantae,Magnoliophyta,Angiosperm,Eudicot,Magnoliopsida,Malpighiales,Violeaceae,Geophyte,Genet,USA,Leaf number,NA,NA,S,5,NA,NA,1,Temperate forest
Calamagrostis canescens,Herbaceous perennial,8,1.000000022,0.352034424,1.476940621,1,0,0,0,2.581152935,2.500533264,0.792649729,1.792649729,0.115666919,0,0.884333081,Plantae,Magnoliophyta,Angiosperm,Monocot,Liliopsida,Poales,Poaceae,Hemicryptophyte,Ramet,RUS,NA,Yes,Yes,ST.A,NA,NA,NA,2,Temperate forest
Campanula americana,Herbaceous perennial,3,3.167430237,0.218008333,215.7140579,1,17000.33333,0.001893888,0.471161074,0.557884905,28.9192487,0.494454365,1.965615439,0.017493025,0.479403107,0.503103868,Plantae,Magnoliophyta,Angiosperm,Eudicot,Magnoliopsida,Asterales,Campanulaceae,Hemicryptophyte,Genet,USA,NA,Yes,NA,ST,2,1986,1986,5,Temperate forest
Rhododendron ponticum,Shrub,60,1.344087877,0.9775,1.371255598,1,502.5713293,0.008923776,0.060305015,1,0.281229673,0.209234588,1.269539602,0.575374251,0.095002967,0.329622782,Plantae,Magnoliophyta,Angiosperm,Eudicot,Magnoliopsida,Ericales,Ericaceae,Nanophanerophyte,Ramet,"GBR, ESP",NA,NA,Yes,A,2,1984,1985,1,Temperate forest
Ulex gallii,Shrub,18,1.398797773,0.839740717,1.73099137,1,346.5456827,0.066347227,0.11100703,0.455643309,2.599318348,0.250690387,1.361697417,0.468755081,0.16304214,0.368202779,Plantae,Magnoliophyta,Angiosperm,Eudicot,Magnoliopsida,Fabales,Fabaceae,Nanophanerophyte,Genet,GBR,Stem diameter,NA,NA,S,2,1999,2000,4,Temperate forest
Orchis purpurea,Herbaceous perennial,6,1.032322888,0.662176687,4.868308705,1,33.14513979,0.000219307,0.042248199,0.881152215,0.218850268,0.130023046,1.172271245,0.706089788,0.07207922,0.221830992,Plantae,Magnoliophyta,Angiosperm,Monocot,Liliopsida,Asparagales,Orchidaceae,Geophyte,Genet,BEL,NA,Yes,NA,ST,7,2002,2008,6,Temperate forest
Carex humilis,Herbaceous perennial,4,1.101875046,0.4996875,1.917275193,1,0,0,0,1.600482886,1.426946048,0.472265127,1.472265127,0.358450976,0,0.641549024,Plantae,Magnoliophyta,Angiosperm,Monocot,Liliopsida,Poales,Cyperaceae,Geophyte,Genet,AUT,Leaf number,NA,NA,S,5,1993,1997,2,Temperate forest
Arisaema triphyllum,Herbaceous perennial,7,0.929657615,0.739107143,1.248444182,1,1.942690834,0.088499788,0.062065031,0.584999035,3.452092876,0.212251414,1.274316444,0.569468878,0.097409134,0.333121988,Plantae,Magnoliophyta,Angiosperm,Monocot,Liliopsida,Alismatales,Araceae,Helophyte,Genet,USA,Leaf area,Yes,NA,S.ST,3,1977,1979,2,Temperate forest
Panax quinquefolium,Herbaceous perennial,5,1.038937454,0.828,1.199937309,1,0.789482905,0.037678834,0.05480065,0.33046739,1.252604417,0.152001309,1.20680196,0.657272748,0.090819624,0.251907628,Plantae,Magnoliophyta,Angiosperm,Eudicot,Magnoliopsida,Apiales,Araliaceae,Geophyte,Genet,USA,Leaf area,Yes,NA,S.ST,3,1998,2000,6,Temperate forest
Molinia caerulea,Herbaceous perennial,5,1.295494814,0.8528,1.515774274,1,2.219506004,0.067186911,0.114366649,0.496530135,1.968521144,0.226405198,1.340771846,0.4916781,0.170598225,0.337723675,Plantae,Magnoliophyta,Angiosperm,Monocot,Liliopsida,Poales,Poaceae,Hemicryptophyte,Genet,BEL,Rosette diameter,Based on size & age,Yes,S.A,4,1997,2000,1,Temperate forest
Oxalis acetosella,Herbaceous perennial,5,0.770489476,0.542775,1.343831461,1,0.25329247,0.063769433,0.047668797,0.968513494,1.28079346,0.247928295,1.295597091,0.543689789,0.073585835,0.382724377,Plantae,Magnoliophyta,Angiosperm,Eudicot,Magnoliopsida,Oxalidales,Oxalidaceae,Geophyte,Ramet,SWE,NA,Yes,NA,ST,3,1995,1997,3,Temperate forest
Sarracenia purpurea,Herbaceous perennial,4,1.006212058,0.766025,1.189735581,1,1.001502253,0.004673745,0.018607473,0.734347033,0.351009586,0.071679801,1.090287274,0.834378927,0.034133156,0.131487916,Plantae,Magnoliophyta,Angiosperm,Eudicot,Magnoliopsida,Ericales,Sarraceniaceae,Helophyte,Genet,USA,Rosette diameter,Based on size,NA,S,3,1998,2000,2,Temperate forest
Avicennia marina,Tree,7,1.252141489,0.906685714,1.473556084,1,41.92516621,0.076586195,0.099974478,0.334004124,9.271887925,0.180003014,1.279977492,0.562527476,0.156212869,0.281259655,Plantae,Magnoliophyta,Angiosperm,Eudicot,Magnoliopsida,Lamiales,Avicenniaceae,Mesophanerophyte,Genet,NA,Volume canopy,Yes,NA,S.ST,NA,NA,NA,6,Temperate forest
Viola elatior,Herbaceous perennial,5,0.860102863,0.608,1.329844844,1,0.899083598,0.073273879,0.141190923,0.838014545,1.32972708,0.350034699,1.491225621,0.341178673,0.189362254,0.469459073,Plantae,Magnoliophyta,Angiosperm,Eudicot,Magnoliopsida,Malpighiales,Violaceae,Hemicryptophyte,Genet,DEU,"Shoot number, Flower number",NA,NA,S,2,2001,2002,11,Temperate forest
Aster amellus,Herbaceous perennial,3,0.94292366,0.776814877,1.042915294,1,0.100813564,0.06293667,0.020186799,0.778353574,0.117392935,0.033514393,1.053701191,0.898071309,0.038315983,0.063612707,Plantae,Magnoliophyta,Angiosperm,Eudicot,Magnoliopsida,Asterales,Asteraceae,Hemicryptophyte,Genet,CZE,NA,Yes,NA,ST,4,2002,2005,2,Temperate forest
Tragopogon dubius,Herbaceous perennial,2,0.576641353,0.3605,104.6411459,1,135,0.000384461,0.180015446,0.375,0.313352119,0.203778387,1.383793832,0.445302005,0.260176684,0.294521311,Plantae,Magnoliophyta,Angiosperm,Eudicot,Magnoliopsida,Asterales,Asteraceae,Hemicryptophyte,Genet,USA,NA,Yes,NA,ST,3,2006,2008,1,Temperate forest
Ophrys sphegodes,Herbaceous perennial,3,0.986131464,0.6175,1.30650213,1,1.038258492,0.187723549,0.159597211,0.582051474,0.097194136,0.012202629,1.17179984,0.706776133,0.272396711,0.020827156,Plantae,Magnoliophyta,Angiosperm,Monocot,Liliopsida,Asparagales,Orchidaceae,Geophyte,Genet,GBR,NA,Yes,NA,ST,10,1975,1984,1,Temperate forest
Rubus discolor,Herbaceous perennial,4,1.098558748,0.3399375,523.0409467,1,95.75,0.000163418,0.056973961,285.3780179,0.068941721,0.859265292,1.916239253,0.043711007,0.059464351,0.896824643,Plantae,Magnoliophyta,Angiosperm,Eudicot,Magnoliopsida,Rosales,Rosaceae,Geophyte,Ramet,USA,NA,Yes,NA,ST,3,1999,2001,1,Temperate forest
Scorzonera hispanica,Herbaceous perennial,3,0.980996364,0.72,1.214074158,1,0.517241379,0.038348743,0.060659419,0.435483871,0.356559009,0.102294905,1.162954324,0.719757998,0.104319522,0.175922481,Plantae,Magnoliophyta,Angiosperm,Eudicot,Magnoliopsida,Asterales,Asteraceae,Hemicryptophyte,Genet,CZE,Leaf length,Based on size,NA,S,4,2001,2004,1,Temperate forest
Viola pumila,Herbaceous perennial,5,0.826454944,0.6833,1.240068076,1,0.634618752,0.053410578,0.101295501,0.798095656,1.615640842,0.335123325,1.436418826,0.392351565,0.14103895,0.466609485,Plantae,Magnoliophyta,Angiosperm,Eudicot,Magnoliopsida,Malpighiales,Violaceae,Hemicryptophyte,Genet,DEU,"Shoot number, Flower number",NA,NA,S,2,2001,2002,10,Temperate forest
Centaurea maculosa,Herbaceous perennial,5,1.332304657,0.7144,1.771635386,1,11.6220977,0.102457252,0.234261761,0.71246494,3.706275237,0.34385014,1.5781119,0.267337252,0.296888656,0.435774091,Plantae,Magnoliophyta,Angiosperm,Eudicot,Magnoliopsida,Asterales,Asteraceae,Hemicryptophyte,Ramet,USA,NA,Yes,NA,ST,4,2001,2004,4,Temperate forest
Limonium carolinianum,Herbaceous perennial,7,1.007803494,0.594444714,3.068185469,1,2120.892616,0.0000165,0.058652483,0.631674414,8.243080423,0.279104538,1.337757021,0.495039808,0.087687796,0.417272395,Plantae,Magnoliophyta,Angiosperm,Eudicot,Magnoliopsida,Caryophyllales,Plumbaginaceae,Helophyte,Genet,CAN,Ramet number,Based on size,NA,S,4,1996,1999,1,Temperate forest
Lindera benzoin,Shrub,10,1.031377788,0.604554,1.327101067,1,17.30560165,0.001871763,0.02709253,0.568365802,1.322314536,0.077475165,1.104567695,0.81066313,0.049055444,0.140281425,Plantae,Magnoliophyta,Angiosperm,Eudicot,Magnoliopsida,Laurales,Lauraceae,Nanophanerophyte,Genet,USA,"Height, Basal diameter, Ramet volume",Based on size,NA,S,2,1991,1992,1,Temperate forest
Cirsium arvense,Herbaceous perennial,3,7.948927905,0.236666667,26.05874478,1,1234.466667,0.004811237,0.480874805,0.857142857,5.285597381,0.478721396,1.959596201,0.020618431,0.490789689,0.48859188,Plantae,Magnoliophyta,Angiosperm,Eudicot,Magnoliopsida,Asterales,Asteraceae,Hemicryptophyte,Genet,USA,NA,Yes,NA,ST,NA,NA,NA,NA,Temperate forest
Podophyllum peltatum,Herbaceous perennial,2,1,0.725,1.431372549,1,0.611111111,0.158823529,0.194117647,0.3,0,0,1.194117647,0.674876847,0.325123153,0,Plantae,Magnoliophyta,Angiosperm,Eudicot,Magnoliopsida,Ranunculales,Berberidaceae,Geophyte,Genet,USA,NA,Yes,NA,ST,3,1973,1975,4,Temperate forest
Acer saccharum,Tree,3,1.891920308,0.821111133,2.28682767,1,5.101990116,0.030414223,0.246056448,0.431458771,4.045089675,0.314029748,1.560086196,0.281980448,0.315439555,0.402579997,Plantae,Magnoliophyta,Angiosperm,Eudicot,Magnoliopsida,Sapindales,Aceraceae,Megaphanerophyte,Genet,USA,DBH,NA,NA,S,51,1951,2001,1,Temperate forest
Gentiana pneumonanthe,Herbaceous perennial,5,1.072408282,0.70286,1.500664916,1,0.669446351,0.117113408,0.156183325,0.796649857,1.794480926,0.274324201,1.430507526,0.398105193,0.218360718,0.38353409,Plantae,Magnoliophyta,Angiosperm,Eudicot,Magnoliopsida,Gentianales,Gentianaceae,Hemicryptophyte,Ramet,GBR,Rosette diameter,Based on size,NA,S.ST,7,1987,1993,6,Temperate forest
Primula farinosa,Herbaceous perennial,4,1.000615923,0.839226191,1.13014663,1,0.146849594,0.117429526,0.068935454,0.759109953,0.643501392,0.133666034,1.202601488,0.663061306,0.114643886,0.222294809,Plantae,Magnoliophyta,Angiosperm,Eudicot,Magnoliopsida,Ericales,Primulaceae,Hemicryptophyte,Genet,SWE,Yes,Based on size,NA,S,4,1996,1999,6,Temperate forest
Rhopalostylis sapida,Palm,8,1.006924595,0.882875,1.051459327,1,150.3814213,0.0000247,0.008067963,0.028957801,2.399862363,0.02781587,1.035883834,0.930718422,0.015576965,0.053704613,Plantae,Magnoliophyta,Angiosperm,Monocot,Liliopsida,Arecales,Arecaceae,Mesophanerophyte,Genet,NZL,Stem height,NA,NA,S,7,1983,1989,1,Temperate forest
Geum reptans,Herbaceous perennial,5,1.055919665,0.932,1.121183545,1,0.112203036,0.331688507,0.038483924,0.514193014,1.168296929,0.113969421,1.152453345,0.735428171,0.066786086,0.197785743,Plantae,Magnoliophyta,Angiosperm,Eudicot,Magnoliopsida,Rosales,Rosaceae,Hemicryptophyte,Ramet,CHE,Yes,Yes,NA,S.ST,3,2000,2002,2,Temperate forest
Aesculus turbinata,Tree,7,1.028743259,0.874842857,1.066768663,1,0.850271973,0.002541372,0.014703377,0.264823638,1.233100943,0.042705753,1.05740913,0.891415483,0.027810194,0.080774323,Plantae,Magnoliophyta,Angiosperm,Eudicot,Magnoliopsida,Sapindales,Hippocastanaceae,Mesophanerophyte,Genet,NA,Size,Yes,NA,S.ST,4,1989,1992,1,Temperate forest
Tsuga canadensis,Tree,6,0.999665581,0.970425,1.020226125,1,1.018930445,0.004932128,0.005656314,0.01306464,1.887023515,0.013766886,1.019423201,0.961893744,0.011097088,0.027009168,Plantae,Pinophyta,Gymnosperm,NA,Pinopsida,Pinales,Pinaceae,Megaphanerophyte,Genet,USA,DBH or canopy cover,NA,NA,S,3,1997,1999,1,Temperate forest
Petrophile pulchella,Shrub,9,1.643548881,0.885333333,1.925344065,1,53.99770905,0.050127286,0.158507959,0.333025706,1.439520152,0.298064673,1.456572632,0.373086351,0.217645115,0.409268534,Plantae,Magnoliophyta,Angiosperm,Eudicot,Magnoliopsida,Proteales,Proteaceae,Nanophanerophyte,Genet,AUS,Yes,Based on size,NA,S,4,1980,1983,7,Temperate forest
Styrax obassia,Tree,5,1.007668573,0.7536,1.062402422,1,7.570996979,0.000235179,0.00883493,0.283074771,2.090522245,0.031927959,1.040762888,0.921667291,0.016977795,0.061354914,Plantae,Magnoliophyta,Angiosperm,Eudicot,Magnoliopsida,Ericales,Styracaceae,Mesophanerophyte,Genet,JPN,Height & DBH,Based on size,NA,S,9,1987,1995,1,Temperate forest
Trifolium montanum,Herbaceous perennial,4,1.053589279,0.805,1.217790468,1,0.380389064,0.218721799,0.082832528,0.548642627,0.892240112,0.177815539,1.260648067,0.586485596,0.131412613,0.282101791,Plantae,Magnoliophyta,Angiosperm,Eudicot,Magnoliopsida,Fabales,Fabaceae,Hemicryptophyte,Genet,DEU,Basal shoot diameter,Based on size,NA,S,4,2002,2005,9,Temperate forest
Ulex minor,Shrub,16,1.310169138,0.888041656,1.826198453,1,38.87996757,0.012394181,0.132868853,0.446116815,2.80215396,0.21331762,1.346186473,0.485678277,0.197400368,0.316921354,Plantae,Magnoliophyta,Angiosperm,Eudicot,Magnoliopsida,Fabales,Fabaceae,Nanophanerophyte,Genet,GBR,Stem diameter,NA,NA,S,2,1999,2000,4,Temperate forest
Sanicula europaea,Herbaceous perennial,5,0.893186089,0.7216,1.126857781,1,0.160421053,0.024474195,0.021978489,0.877839442,0.526522434,0.14477214,1.166750629,0.71416235,0.037674699,0.248162951,Plantae,Magnoliophyta,Angiosperm,Eudicot,Magnoliopsida,Apiales,Apiaceae,Chamaephyte,Genet,SWE,Leaf area,Based on size,NA,S,3,1997,1999,1,Temperate forest
Acer mono,Tree,8,1.067985197,0.75749375,1.315834998,1,900.6203741,0.0000137,0.041559984,0.43365765,29.60200984,0.162889391,1.204449376,0.660509807,0.069010762,0.270479431,Plantae,Magnoliophyta,Angiosperm,Eudicot,Magnoliopsida,Sapindales,Aceraceae,Megaphanerophyte,Genet,JPN,DBH and stem height,NA,NA,S,7,1987,1993,1,Temperate forest
Taraxacum erythrospermum,Herbaceous perennial,3,6.887969242,0.686333333,13.00162322,1,2430.072727,0.005560916,0.465662194,0.127951481,18.66265231,0.457280394,1.922942587,0.040072654,0.484322513,0.475604833,Plantae,Magnoliophyta,Angiosperm,Eudicot,Magnoliopsida,Asterales,Asteraceae,Hemicryptophyte,Genet,USA,Yes,NA,NA,S,2,2007,2008,1,Temperate forest
Gentianella campestris,Herbaceous perennial,6,0.725114563,0.264808192,412.8680133,1,103883.5946,0.001248489,0.451130105,1,328.2757437,0.295721514,1.746851619,0.144916934,0.516506497,0.338576569,Plantae,Magnoliophyta,Angiosperm,Eudicot,Magnoliopsida,Gentianales,Gentianaceae,Hemicryptophyte,Genet,SWE,Yes,Based on size & age,Yes,S.A,6,1990,1995,1,Temperate forest
Rosa multiflora,Shrub,3,1.964945029,0.5867,2.486657954,1,83.30092593,0.079960824,0.33115992,0.16325446,3.171404889,0.261342807,1.592502727,0.25588482,0.415898716,0.328216464,Plantae,Magnoliophyta,Angiosperm,Eudicot,Magnoliopsida,Rosales,Rosaceae,Chamaephyte,Genet,USA,NA,Yes,NA,ST,2,2007,2008,1,Temperate forest
Allium vineale,Herbaceous perennial,3,0.688926658,0.203333333,4.578714569,1,14.5952381,0.01588304,0.407710391,0.513541667,0.532417102,0.363581084,1.771291475,0.129119644,0.460353812,0.410526544,Plantae,Magnoliophyta,Angiosperm,Monocot,Liliopsida,Asparagales,Amaryllidaceae,Geophyte,Genet,USA,NA,Yes,NA,ST,2,2007,2008,1,Temperate forest
Cytisus scoparius,Shrub,7,1.21672985,0.79915,1.5243852,1,723.3555787,0.000174113,0.086044783,0.476888088,74.96715355,0.273971278,1.360016062,0.470570868,0.126534952,0.40289418,Plantae,Magnoliophyta,Angiosperm,Eudicot,Magnoliopsida,Fabales,Fabaceae,Nanophanerophyte,Genet,USA,Weight,Based on size,NA,S,2,1993,1994,1,Temperate forest
Magnolia salicifolia,Shrub,7,1.0071527,0.870714286,1.078234472,1,0.01221234,0.040714286,0.000462877,0.492824624,1.520582618,0.107624635,1.108087511,0.804911597,0.000835451,0.194252951,Plantae,Magnoliophyta,Angiosperm,Eudicot,Magnoliopsida,Magnoliales,Magnoliaceae,Mesophanerophyte,Ramet,JPN,Height & DBH,Based on size,NA,S,6,1995,2000,1,Temperate forest
Pterocarya rhoifolia,Tree,7,1.103027823,0.823980957,1.253596276,1,54.61967946,0.000131008,0.045410595,0.358456203,6.626408371,0.172514728,1.217925324,0.642136805,0.07457041,0.283292785,Plantae,Magnoliophyta,Angiosperm,Eudicot,Magnoliopsida,Fagales,Juglandaceae,Mesophanerophyte,Genet,JPN,Stem length,Based on size,NA,S,8,1989,1996,1,Temperate forest
Rhus aromatica,Shrub,6,0.977899376,0.808625,1.101796914,1,0,0,0,0.600080985,1.613881298,0.151861797,1.151861797,0.736319414,0,0.263680586,Plantae,Magnoliophyta,Angiosperm,Eudicot,Magnoliopsida,Sapindales,Anacardiaceae,Nanophanerophyte,Ramet,CAN,Stem length,NA,NA,S,3,1992,1994,2,Temperate forest
Camellia japonica,Tree,8,1.01432584,0.904375,1.03760149,1,0.976236809,0.007134948,0.010793799,0.226571133,2.274803076,0.060270169,1.071063968,0.867302102,0.020155284,0.112542614,Plantae,Magnoliophyta,Angiosperm,Eudicot,Magnoliopsida,Ericales,Theaceae,Mesophanerophyte,Genet,JPN,DBH,NA,NA,S,11,1992,2002,1,Temperate forest
Succisa pratensis,Herbaceous perennial,6,1.135280771,0.878,1.288619797,1,0.444350176,0.066366582,0.064666503,0.927324641,2.7604511,0.278496695,1.343163197,0.489022335,0.096289867,0.414687798,Plantae,Magnoliophyta,Angiosperm,Eudicot,Magnoliopsida,Dipsacales,Dipsacaceae,Hemicryptophyte,Ramet,NLD,"Leaf length, Rosette number, Height",Based on size,NA,S,5,1999,2003,5,Temperate forest
Clidemia hirta,Shrub,5,1.510730111,0.83498426,1.856583646,1,3.458954436,0.09167406,0.19282334,0.591791929,4.320725659,0.274380101,1.467203442,0.363137479,0.262844722,0.3740178,Plantae,Magnoliophyta,Angiosperm,Eudicot,Magnoliopsida,Myrtales,Melastomataceae,Nanophanerophyte,Genet,USA,Biomass,Based on size,NA,S,4,1998,2001,2,Temperate forest
Himantoglossum hircinum,Herbaceous perennial,5,1.319181882,0.73328,26.46981816,1,228.5191956,0.000247952,0.214760927,0.8471819,9.236262587,0.54981448,1.764575408,0.133417133,0.243413715,0.623169152,Plantae,Magnoliophyta,Angiosperm,Monocot,Magnoliopsida,Asparagales,Orchidaceae,Geophyte,Genet,DEU,Leaf number,Yes,NA,S.ST,26,1976,2001,1,Temperate forest
Cirsium acaule,Herbaceous perennial,3,0.982857643,0.868,1.024529865,1,0.03072543,0.563312188,0.015597751,0.706804742,0.053087655,0.008214309,1.023812061,0.953483532,0.03046995,0.016046518,Plantae,Magnoliophyta,Angiosperm,Eudicot,Magnoliopsida,Asterales,Asteraceae,Hemicryptophyte,Genet,CZE,NA,Yes,NA,ST,5,2001,2005,3,Temperate forest
Hypochaeris radicata,Herbaceous perennial,6,0.78874055,0.487166667,1.278248245,1,2.061330347,0.059176776,0.09857949,0.790114491,1.42269144,0.222974236,1.321553725,0.513370181,0.14918726,0.33744256,Plantae,Magnoliophyta,Angiosperm,Eudicot,Magnoliopsida,Asterales,Asteraceae,Hemicryptophyte,Ramet,NLD,Leaf length & stem number,Based on size,NA,S,5,1999,2003,5,Temperate forest
Tragopogon pratensis,Herbaceous perennial,5,0.915634053,0.290441799,297.8323796,1,2482.964508,0.0000249,0.321266031,0.977860715,0.408440597,0.398684895,1.719950926,0.162823875,0.373575811,0.463600314,Plantae,Magnoliophyta,Angiosperm,Eudicot,Magnoliopsida,Asterales,Asteraceae,Hemicryptophyte,Genet,SWE,Leaf length,Yes,NA,S.ST,4,2000,2003,12,Temperate forest
Narcissus poeticus,Herbaceous perennial,3,1.004334362,0.745666667,1.341326229,1,0.601278269,0.082566437,0.148293455,0.571431543,1.060423359,0.17276122,1.321054676,0.513941881,0.224507672,0.261550447,Plantae,Magnoliophyta,Angiosperm,Monocot,Liliopsida,Liliales,Liliaceae,Geophyte,Genet,GBR,Leaf number,Based on size,NA,S,6,1973,1978,1,Temperate forest
Primula veris,Herbaceous perennial,4,1.026971506,0.777837679,1.245574741,1,0.618376056,0.037946369,0.09139543,0.941051423,0.836448118,0.221538663,1.312934093,0.523305709,0.139223181,0.33747111,Plantae,Magnoliophyta,Angiosperm,Eudicot,Magnoliopsida,Ericales,Primulaceae,Hemicryptophyte,Genet,SWE,Leaf length,Based on size & age,Yes,S.A,3,1996,1998,1,Temperate forest
Nothofagus fusca,Tree,4,1.009507282,0.961175,1.026461,1,1.040776522,0.004586129,0.009457096,0.012162693,3.262701851,0.015478223,1.024935319,0.951342649,0.018454035,0.030203317,Plantae,Magnoliophyta,Angiosperm,Eudicot,Magnoliopsida,Fagales,Fagaceae,Mesophanerophyte,Genet,NZL,Height & DBH,Based on size,NA,S,NA,NA,NA,1,Temperate forest
Trillium grandiflorum,Herbaceous perennial,6,0.967797048,0.763333333,1.049335884,1,0.591666667,0.003242223,0.011892877,0.711417202,0.639545058,0.098555812,1.110448689,0.801073764,0.021419949,0.177506287,Plantae,Magnoliophyta,Angiosperm,Monocot,Liliopsida,Liliales,Liliaceae,Geophyte,Genet,USA,Leaf number and length,NA,NA,S,3,1999,2001,1,Temperate forest
Linum catharticum,Herbaceous perennial,4,2.86419673,0.3137,32.28008055,1,128.8621047,0.061773176,0.740231913,1.333333333,1.337752983,0.228814825,1.969046739,0.015719922,0.751868301,0.232411777,Plantae,Magnoliophyta,Angiosperm,Eudicot,Magnoliopsida,Malpighiales,Linaceae,Hemicryptophyte,Genet,NLD,NA,Yes,Yes,ST.A,4,1980,1983,36,Temperate forest
Acer amoenum,Tree,8,1.019659409,0.881125,1.048427603,1,87.88712921,0.0000291,0.007033175,0.159375014,2.266550629,0.034020374,1.041053549,0.921130764,0.01351165,0.065357586,Plantae,Magnoliophyta,Angiosperm,Eudicot,Magnoliopsida,Sapindales,Aceraceae,Mesophanerophyte,Genet,JPN,DBH and stem height,NA,NA,S,7,1987,1993,1,Temperate forest
Cirsium undulatum,Herbaceous perennial,4,1.489738679,0.523,347.7396488,1,10015,0.00003,0.232322537,0.474147058,1.988568573,0.322239109,1.554561646,0.286536308,0.298891379,0.414572313,Plantae,Magnoliophyta,Angiosperm,Eudicot,Magnoliopsida,Asterales,Asteraceae,Hemicryptophyte,Genet,USA,NA,Yes,NA,ST,4,2001,2004,NA,Temperate forest
Agrimonia eupatoria,Herbaceous perennial,4,0.998343479,0.8107,1.06078726,1,0.055065524,0.104605488,0.023078855,0.549078819,0.275527023,0.062860627,1.085939482,0.841723258,0.042504863,0.115771879,Plantae,Magnoliophyta,Angiosperm,Eudicot,Magnoliopsida,Rosales,Rosaceae,Hemicryptophyte,Genet,SWE,NA,Yes,NA,ST,6,1993,1998,1,Temperate forest
Artemisia genipi,Herbaceous perennial,5,1.036535836,0.869,1.16875552,1,0.638723621,0.129049953,0.077809789,0.513460729,2.579859268,0.190579651,1.26838944,0.576802784,0.122690692,0.300506524,Plantae,Magnoliophyta,Angiosperm,Eudicot,Magnoliopsida,Asterales,Asteraceae,Hemicryptophyte,Genet,NA,number rosettes,Based on S,NA,S,3,2004,2006,2,Temperate forest
Calocedrus decurrens,Tree,5,1.026479374,0.9332,1.061492492,1,0.24388609,0.013964255,0.016589167,0.079105473,0.625205077,0.039432114,1.056021282,0.893901226,0.031418244,0.07468053,Plantae,Pinophyta,Gymnosperm,NA,Pinopsida,Pinales,Pinaceae,Megaphanerophyte,Genet,USA,DBH,NA,NA,S,19,1983,2001,15,Temperate forest
Pinus palustris,Tree,8,0.99750295,0.98352234,1.010177997,1,0.025580756,0.206997309,0.005734115,0.025830616,0.27452311,0.006073587,1.011807702,0.976660186,0.011334396,0.012005418,Plantae,Pinophyta,Gymnosperm,NA,Pinopsida,Pinales,Pinaceae,Mesophanerophyte,Genet,USA,Yes,NA,NA,S,5,1979,1983,1,Temperate forest
Taxus brevifolia,Tree,7,1.022222092,0.981714286,1.038756474,1,0.10332844,0.109926598,0.015488044,0.048032211,0.403283065,0.021616184,1.037104227,0.928446483,0.029867863,0.041685653,Plantae,Pinophyta,Gymnosperm,NA,Pinopsida,Pinales,Taxaceae,Megaphanerophyte,Genet,NA,DBH,NA,NA,S,NA,NA,NA,NA,Temperate forest
Calluna vulgaris,Shrub,6,2.994591433,0.774166667,3.83846209,1,99258.75872,0.034135613,0.287338302,6.551655935,84.58997809,0.450695419,1.738033721,0.15072566,0.330647557,0.518626784,Plantae,Magnoliophyta,Angiosperm,Eudicot,Magnoliopsida,Ericales,Ericaceae,Chamaephyte,Ramet,GBR,NA,Yes,Yes,ST.A,11,1979,1989,1,Temperate forest
Cochlearia pyrenaica,Herbaceous perennial,5,0.891825726,0.43,2.949420405,1,16,0.002044272,0.18337859,1.014997914,0.534772675,0.400351306,1.583729897,0.262841602,0.231578113,0.505580285,Plantae,Magnoliophyta,Angiosperm,Eudicot,Magnoliopsida,Brassicales,Brassicaceae,Hemicryptophyte,Genet,DEU,NA,Yes,NA,ST,2,1996,1997,26,Temperate forest
Rubus ursinus,Herbaceous perennial,4,1.290605613,0.249125,111.7719817,1,30.11538462,0.000346819,0.032371138,112.2923013,0.095865065,0.928559029,1.960930167,0.019924133,0.033016105,0.947059762,Plantae,Magnoliophyta,Angiosperm,Eudicot,Magnoliopsida,Rosales,Rosaceae,Geophyte,Ramet,USA,NA,Yes,NA,ST,3,1999,2001,1,Temperate forest
Sarracenia alata,Herbaceous perennial,4,1.028299792,0.90475,1.054952204,1,0.042382382,0.222591635,0.018399188,0.331220005,0.68373072,0.043476867,1.061876056,0.883458987,0.034654117,0.081886897,Plantae,Magnoliophyta,Angiosperm,Eudicot,Magnoliopsida,Ericales,Sarraceniaceae,Hemicryptophyte,Ramet,USA,Largest pitcher length,Based on size,NA,S,3,1997,1999,1,Temperate forest
Poa alpina,Herbaceous perennial,6,1.054406357,0.783944444,1.230600657,1,0.236437105,0.172735545,0.039087802,0.800824124,3.04113071,0.276640345,1.315728147,0.520070848,0.059416228,0.420512924,Plantae,Magnoliophyta,Angiosperm,Monocot,Liliopsida,Poales,Poaceae,Hemicryptophyte,Ramet,AUT,number rosettes,Yes,NA,S.ST,3,2004,2006,3,Temperate forest
Abies sachalinensis,Tree,5,1.035966855,0.927,1.122763446,1,0.13033612,0.20028855,0.063391711,0.274101797,0.197242277,0.04529289,1.108684601,0.80393955,0.114354814,0.081705636,Plantae,Pinophyta,Gymnosperm,NA,Pinopsida,Pinales,Pinaceae,Megaphanerophyte,Genet,JPN,DBH,NA,NA,S,20,1971,1990,1,Temperate forest
Silene douglasii,Herbaceous perennial,4,0.961110724,0.693875,1.088407941,1,0.040650407,0.035568205,0.006017463,0.864213335,0.311509345,0.049700885,1.055718348,0.894444673,0.01139975,0.094155577,Plantae,Magnoliophyta,Angiosperm,Eudicot,Magnoliopsida,Caryophyllales,Caryophyllaceae,Hemicryptophyte,Genet,USA,NA,Yes,NA,ST,4,1982,1985,1,Temperate forest
Pinus sylvestris,Tree,6,1.204467976,0.8335,49.7703153,1,1505.296667,0.061202466,0.082284361,0.288,0.532051075,0.120950089,1.20323445,0.662186451,0.136771951,0.201041598,Plantae,Pinophyta,Gymnosperm,NA,Pinopsida,Pinales,Pinaceae,Mesophanerophyte,Genet,GBR,Yes,NA,NA,S,15,1952,1966,1,Temperate forest
Abies magnifica,Tree,5,0.973629906,0.90555,1.044189354,1,0.063218693,0.043659107,0.014174132,0.093405969,0.290527061,0.027136952,1.041311084,0.920655635,0.027223626,0.05212074,Plantae,Pinophyta,Gymnosperm,NA,Pinopsida,Pinales,Pinaceae,Mesophanerophyte,Genet,USA,DBH,NA,NA,S,21,1982,2002,15,Temperate forest
Calochortus macrocarpus,Herbaceous perennial,9,0.929593576,0.863935,1.073949188,1,0.280255412,0.030385752,0.035648669,0.786683465,1.353657333,0.12219295,1.157841619,0.727351969,0.061577799,0.211070232,Plantae,Magnoliophyta,Angiosperm,Monocot,Liliopsida,Liliales,Liliaceae,Geophyte,Genet,CAN,Yes,Yes,Yes,S.ST.A,5,1996,2000,1,Temperate forest
Calochortus albus,Herbaceous perennial,4,1.541909235,0.805,1.857801756,1,36.2594246,0.107303647,0.187477366,0.351690541,3.334753328,0.338807827,1.526285192,0.310371096,0.245664921,0.443963983,Plantae,Magnoliophyta,Angiosperm,Monocot,Liliopsida,Liliales,Liliaceae,Geophyte,Genet,USA,Basal leaf maximum width,NA,NA,S,3,1981,1983,1,Temperate grassland
Cornus florida,Shrub,3,0.902817575,0.618366667,2.106465405,1,2.283105023,0.017936597,0.136077772,0.600119904,0.607610772,0.146479412,1.282557184,0.559384661,0.212197591,0.228417748,Plantae,Magnoliophyta,Angiosperm,Eudicot,Magnoliopsida,Cornales,Cornaceae,Nanophanerophyte,Genet,USA,NA,Yes,Yes,ST.A,NA,NA,NA,NA,Temperate grassland
Calochortus tiburonensis,Herbaceous perennial,3,1.156153481,0.97,1.191353616,1,0.394870425,0.258874519,0.081125505,0.180384581,1.188941335,0.097258641,1.178384146,0.697239399,0.137689404,0.165071197,Plantae,Magnoliophyta,Angiosperm,Monocot,Liliopsida,Liliales,Liliaceae,Geophyte,Genet,USA,Basal leaf maximum width,NA,NA,S,3,1981,1983,1,Temperate grassland
Hieracium floribundum,Herbaceous perennial,4,0.998399617,0.6099,1.394628019,1,0.2025,0.009572815,0.00298939,0.864634794,0.072961278,0.012595086,1.015584476,0.969309346,0.005887034,0.02480362,Plantae,Magnoliophyta,Angiosperm,Eudicot,Magnoliopsida,Asterales,Asteraceae,Hemicryptophyte,Genet,NA,NA,Yes,NA,ST,2,1970,1971,1,Temperate grassland
Ipomoea leptophylla,Herbaceous perennial,4,1.623437028,0.937503646,1.741749381,1,6.901449762,0.157755884,0.249362151,0.242438781,10.9221834,0.176696718,1.426058869,0.402466646,0.3497221,0.247811254,Plantae,Magnoliophyta,Angiosperm,Eudicot,Magnoliopsida,Solanales,Convolvulaceae,Chamaephyte,Genet,USA,Yes,NA,NA,S,11,1979,1989,2,Temperate grassland
Lespedeza cuneata,Herbaceous perennial,6,22.45437801,0.643333333,36.7110461,1,224.1123105,0.60024219,0.928092278,0.743969752,1.11177388,0.044120367,1.972212645,0.014089431,0.941168571,0.044741998,Plantae,Magnoliophyta,Angiosperm,Eudicot,Magnoliopsida,Fabales,Fabaceae,Chamaephyte,Genet,USA,NA,Yes,NA,ST,2,2007,2008,1,Temperate grassland
Mimulus lewisii,Herbaceous perennial,4,1.980909946,0.453668947,20.206766,1,41461.40183,0.0000369,0.274560987,0.325566902,1247.1093,0.542006826,1.816567813,0.100977341,0.302285425,0.596737234,Plantae,Magnoliophyta,Angiosperm,Eudicot,Magnoliopsida,Lamiales,Phrymaceae,Geophyte,Genet,USA,Stem length,Based on size,NA,S,3,2001,2003,4,Temperate grassland
Banksia ericifolia,Shrub,9,1.574243788,0.902922222,1.761646188,1,47.59832736,0.052400955,0.139212718,0.325909287,1.500887343,0.290469302,1.42968202,0.398912466,0.194746407,0.406341127,Plantae,Magnoliophyta,Angiosperm,Eudicot,Magnoliopsida,Proteales,Proteaceae,Nanophanerophyte,Genet,AUS,NA,NA,Yes,A,4,1980,1983,1,Temperate grassland
Mimulus cardinalis,Herbaceous perennial,4,2.167437304,0.417683981,8.318533296,1,47152.26934,0.0000363,0.306012671,0.405485871,6551.203086,0.56174381,1.867756481,0.070803405,0.32767941,0.601517185,Plantae,Magnoliophyta,Angiosperm,Eudicot,Magnoliopsida,Lamiales,Phrymaceae,Geophyte,Genet,USA,Stem length,Based on size,NA,S,3,2001,2003,4,Temperate grassland
Narcissus pseudonarcissus,Herbaceous perennial,3,0.949753019,0.884333333,1.029386981,1,0.045754499,0.247461657,0.017137534,0.275010375,0.509355508,0.061278921,1.078416455,0.854571108,0.031782775,0.113646116,Plantae,Magnoliophyta,Angiosperm,Monocot,Liliopsida,Liliales,Liliaceae,Geophyte,Genet,USA,NA,Yes,NA,ST,2,2007,2008,1,Temperate grassland
Echinacea angustifolia,Herbaceous perennial,5,1.024775515,0.874615,1.111342158,1,0.075554333,0.215384228,0.045613094,0.640291932,0.708791075,0.066387092,1.112000186,0.79856085,0.082037925,0.119401225,Plantae,Magnoliophyta,Angiosperm,Eudicot,Magnoliopsida,Asterales,Asteraceae,Geophyte,Genet,USA,NA,NA,Yes,A,33,1939,1971,1,Temperate grassland
Mimulus guttatus,Herbaceous perennial,3,0.816575603,0.411026494,1.963238135,1,21.90558391,0.002303149,0.185353894,0.318070695,13.47095667,0.325229244,1.510583138,0.323992007,0.245407074,0.430600919,Plantae,Magnoliophyta,Angiosperm,Eudicot,Magnoliopsida,Lamiales,Phrymaceae,Hemicryptophyte,Genet,USA,NA,Yes,NA,ST,3,2000,2002,2,Temperate grassland
Iris germanica,Herbaceous perennial,3,0.950197945,0.927666667,0.997448911,1,0.003714815,0.018793154,0.000206196,0.006950321,0.893057455,0.003056189,1.003262385,0.993496448,0.00041105,0.006092502,Plantae,Magnoliophyta,Angiosperm,Monocot,Magnoliopsida,Asparagales,Iridaceae,Geophyte,Genet,USA,NA,Yes,NA,ST,2,2007,2008,1,Temperate grassland
Pinus nigra,Tree,8,1.956010355,0.84775,2.312355206,1,260.5375763,0.000543615,0.11368062,0.778231707,1.820910672,0.450231812,1.563912432,0.278843981,0.145379777,0.575776243,Plantae,Pinophyta,Gymnosperm,NA,Pinopsida,Pinales,Pinaceae,Mesophanerophyte,Genet,MEX,NA,Yes,Yes,ST.A,18,1986,2003,1,Temperate grassland
Anthyllis vulneraria,Herbaceous perennial,4,1.41547218,0.321375,6.295067481,1,45.71428571,0.010665424,0.365211902,0.760954401,1.11623245,0.457959073,1.823170975,0.09698982,0.400633739,0.502376441,Plantae,Magnoliophyta,Angiosperm,Eudicot,Magnoliopsida,Fabales,Fabaceae,Hemicryptophyte,Genet,FRA,NA,NA,Yes,A,3,1986,1988,5,Temperate grassland
Echium vulgare,Herbaceous perennial,4,1.547874129,0.36275,429.9699361,1,10143,0.0000105,0.276013258,1,1.482469384,0.498916966,1.774930224,0.126804859,0.31101308,0.562182061,Plantae,Magnoliophyta,Angiosperm,Eudicot,Magnoliopsida,Lamiales,Boraginaceae,Hemicryptophyte,Genet,USA,NA,Yes,NA,ST,4,1976,1979,2,Temperate grassland
Gaura neomexicana,Herbaceous perennial,5,1.521563454,0.671814444,10.18176948,1,39.72854837,0.00864064,0.278952099,0.999034453,3.604492002,0.348102051,1.62705415,0.229215389,0.342892213,0.427892398,Plantae,Magnoliophyta,Angiosperm,Eudicot,Magnoliopsida,Myrtales,Onagraceae,Hemicryptophyte,Genet,USA,Yes,NA,NA,S,3,1992,1994,1,Temperate grassland
Pinus kwangtungensis,Tree,17,0.977566764,0.940047059,1.012477421,1,0.215958462,0.010468724,0.004272853,0.081505357,0.61827805,0.021929497,1.026202351,0.948933365,0.008327506,0.042739129,Plantae,Pinophyta,Gymnosperm,NA,Pinopsida,Pinales,Pinaceae,Mesophanerophyte,Genet,VNM,"Height, & DBH",NA,NA,S,3,2003,2005,1,Tropical forest
Bursera glabrifolia,Tree,5,1.098936239,0.829,1.355170184,1,16.29099935,0.021572058,0.055935688,0.107810706,4.365572045,0.109481212,1.1654169,0.716124075,0.095992581,0.187883344,Plantae,Magnoliophyta,Angiosperm,Monocot,Liliopsida,Poales,Burseraceae,Mesophanerophyte,Genet,MEX,Height,Yes,NA,S.ST,3,2001,2003,5,Tropical forest
Entandrophragma cylindricum,Tree,7,1.009852003,0.991924331,1.016631642,1,0.023699802,0.45679102,0.012506948,0.114463953,0.148066977,0.003840491,1.016347438,0.967831004,0.02461156,0.007557436,Plantae,Magnoliophyta,Angiosperm,Eudicot,Magnoliopsida,Sapindales,Meliaceae,Megaphanerophyte,Genet,CAF,DBH,NA,NA,S,NA,NA,NA,NA,Tropical forest
Brosimum alicastrum,Tree,13,1.066567744,0.814461538,2.220680705,1,3259.989199,0.0000105,0.033339463,0.169833333,2.810621697,0.137297782,1.170637245,0.708471184,0.056959513,0.234569304,Plantae,Magnoliophyta,Angiosperm,Eudicot,Magnoliopsida,Rosales,Moraceae,Megaphanerophyte,Genet,NA,DBH,Yes,NA,S.ST,NA,NA,NA,1,Tropical forest
Aechmea magdalenae,Herbaceous perennial,6,1.013141167,0.696305556,1.129763913,1,0,0,0,0.781349966,1.338971592,0.176729397,1.176729397,0.699626103,0,0.300373897,Plantae,Magnoliophyta,Angiosperm,Monocot,Liliopsida,Poales,Bromeliaceae,Geophyte,Ramet,MEX,Ramet diameter,NA,NA,S,4,1996,1999,1,Tropical forest
Miconia albicans,Shrub,13,1.185346992,0.840869231,1.50173257,1,1922.890397,0.003444262,0.047513369,0.447548981,2.526951721,0.195685278,1.243198647,0.60875336,0.076437292,0.314809349,Plantae,Magnoliophyta,Angiosperm,Eudicot,Magnoliopsida,Myrtales,Melastomataceae,Nanophanerophyte,Genet,BRA,Stem diameter,Based on size,NA,S,5,1991,1995,1,Tropical grassland
Parkinsonia aculeata,Tree,6,1.361738883,0.45,5.156313197,1,1647.639098,0.000261792,0.125531421,0.64,1.167154216,0.479164188,1.604695609,0.24634229,0.156455119,0.597202592,Plantae,Magnoliophyta,Angiosperm,Eudicot,Magnoliopsida,Fabales,Fabaceae,Mesophanerophyte,Genet,AUS,Yes,NA,NA,S,2,2001,2002,1,Tropical grassland
Myrsine guianensis,Tree,15,1.099959293,0.93854,1.133133849,1,1.956510293,0.161383875,0.028612063,0.385048714,1.369432646,0.112404908,1.141016972,0.752822306,0.050151863,0.197025831,Plantae,Magnoliophyta,Angiosperm,Eudicot,Magnoliopsida,Ericales,Myrsinaceae,Mesophanerophyte,Genet,BRA,Stem diameter,Based on size,NA,S,5,1991,1995,1,Tropical grassland
Ptychosperma macarthurii,Palm,3,1.016422101,0.924666667,1.046197995,1,0.079862826,0.240310401,0.022465066,0.072404072,0.310035415,0.019695097,1.042160163,0.919090818,0.043112502,0.03779668,Plantae,Magnoliophyta,Angiosperm,Monocot,Liliopsida,Arecales,Arecaceae,Mesophanerophyte,Genet,AUS,Height,Based on size,NA,S,12,1990,2001,10,Tropical grassland
Setaria incrassata,Herbaceous perennial,4,1.082093572,0.8159375,1.354724122,1,0.749508557,0.236774753,0.149797581,0.446473301,2.988008698,0.175833665,1.325631246,0.508715192,0.226001887,0.265282922,Plantae,Magnoliophyta,Angiosperm,Monocot,Liliopsida,Poales,Poaceae,Geophyte,Genet,ZAF,Tuft circumference,NA,NA,S,5,1985,1989,2,Tropical grassland
Digitaria eriantha,Herbaceous perennial,3,1.202982041,0.765416667,1.501517558,1,1.572491472,0.249383653,0.200235665,0.19257565,0.789001871,0.11267601,1.312911675,0.52333172,0.30502534,0.17164294,Plantae,Magnoliophyta,Angiosperm,Monocot,Liliopsida,Poales,Poaceae,Geophyte,Genet,NA,Tuft circumference,NA,NA,S,6,1984,1989,1,Tropical grassland
Bouteloua rigidiseta,Herbaceous perennial,5,0.931584504,0.529916083,1.532022047,1,0.52954045,0.254910052,0.10023693,0.873371494,1.13247721,0.236410021,1.33664695,0.496281422,0.149982656,0.353735922,Plantae,Magnoliophyta,Angiosperm,Monocot,Liliopsida,Poales,Poaceae,Hemicryptophyte,Ramet,USA,Tiller number,NA,NA,S,5,1982,1986,1,Tropical grassland
Callitris intratropica,Tree,6,1.264335193,0.791833333,40.52218606,1,5500.701754,0.017819789,0.090340846,0.384912281,0.950951607,0.184496419,1.274837264,0.56882769,0.14172922,0.28944309,Plantae,Pinophyta,Gymnosperm,NA,Pinopsida,Pinales,Cupressaceae,Megaphanerophyte,Ramet,AUS,Yes,NA,NA,S,NA,NA,NA,1,Tropical grassland
Prunus africana,Tree,7,0.984518546,0.743957143,1.023902948,1,2.674886744,0.000168512,0.001593211,0.073611863,0.085988239,0.004017979,1.005611191,0.988840238,0.003168643,0.007991119,Plantae,Magnoliophyta,Angiosperm,Eudicot,Magnoliopsida,Rosales,Rosaceae,Mesophanerophyte,Genet,CMR,Yes (dbh),NA,NA,S,3,1997,1999,5,Tropical grassland
Themeda triandra,Herbaceous perennial,5,1.098659507,0.83725,1.346556286,1,0.811186116,0.239454437,0.142944413,0.436425615,1.525680829,0.160072048,1.303016461,0.534900026,0.219405384,0.24569459,Plantae,Magnoliophyta,Angiosperm,Monocot,Liliopsida,Poales,Poaceae,Hemicryptophyte,Genet,ZAF,Tuft circumference,NA,NA,S,5,1985,1989,2,Tropical grassland
Roupala montana,Tree,14,1.052851977,0.956357143,1.073626388,1,0.231530913,0.008924662,0.002915146,0.797239392,1.016391161,0.088663331,1.091578476,0.832209084,0.005341156,0.16244976,Plantae,Magnoliophyta,Angiosperm,Eudicot,Magnoliopsida,Proteales,Proteaceae,Mesophanerophyte,Ramet,BRA,Stem diameter,Based on size,NA,S,5,1991,1995,1,Tropical grassland
Borassus aethiopum,Palm,5,1.008876412,0.7864,1.124748335,1,14.22594142,0.000174257,0.012285777,0.276956208,6.622291701,0.046674135,1.058959913,0.888645619,0.02320348,0.088150901,Plantae,Magnoliophyta,Angiosperm,Monocot,Liliopsida,Arecales,Arecaceae,Megaphanerophyte,Genet,CIV,NA,Yes,NA,ST,3,1996,1998,2,Tropical grassland
Bothriochloa ischaemum,Herbaceous perennial,5,0.808310104,0.7826,1.106135677,1,1.426907831,0.051768164,0.081394413,0.665826783,6.029570927,0.459758105,1.541152518,0.297730092,0.10562798,0.596641928,Plantae,Magnoliophyta,Angiosperm,Monocot,Liliopsida,Poales,Poaceae,Hemicryptophyte,Ramet,USA,Tiller number,NA,NA,S,3,1998,2000,1,Tropical grassland
Sclerocarya birrea,Tree,3,1.327977477,0.781033333,1.604614314,1,4.195286195,0.012942289,0.122660078,0.519462806,3.921628,0.197327758,1.319987836,0.515165477,0.185850316,0.298984207,Plantae,Magnoliophyta,Angiosperm,Eudicot,Magnoliopsida,Sapindales,Anacardiaceae,Mesophanerophyte,Genet,ZAF,Circumference,Based on size,Yes,S.A,2,2000,2001,4,Tropical grassland
Bothriochloa insculpta,Herbaceous perennial,4,1.158901616,0.7884375,1.54355452,1,0.247436959,0.335634702,0.092299426,0.856381659,0.686759817,0.311126907,1.403426333,0.425083706,0.131534408,0.443381886,Plantae,Magnoliophyta,Angiosperm,Monocot,Liliopsida,Poales,Poaceae,Chamaephyte,Ramet,ZAF,Tuft circumference,NA,NA,S,5,1985,1989,2,Tropical grassland
Dacrydium elatum,Tree,15,0.992862327,0.946966667,1.032246152,1,0.80441999,0.005496486,0.00719082,0.079293162,0.380954351,0.026167023,1.033357843,0.935437964,0.013917386,0.05064465,Plantae,Pinophyta,Gymnosperm,NA,Pinopsida,Pinales,Podocarpaceae,Mesophanerophyte,Genet,VNM,Height & DBH,NA,NA,S,3,2003,2005,1,Tropical forest
Dicymbe altsonii,Tree,15,1.027941531,0.9198,1.046064938,1,39.13044354,0.0000372,0.007070624,0.234832074,2.098968546,0.04422153,1.051292154,0.902420742,0.013451302,0.084127957,Plantae,Magnoliophyta,Angiosperm,Eudicot,Magnoliopsida,Fabales,Fabaceae,Megaphanerophyte,Genet,GUY,Leaf density & DBH,NA,NA,S,5,1991,1995,1,Tropical forest
Vochysia ferruginea,Herbaceous perennial,5,1.098118593,0.7224,1.514202677,1,26.42329767,0.001008446,0.063162827,0.326451086,1.869643118,0.145181679,1.208344507,0.655157109,0.104544403,0.240298489,Plantae,Magnoliophyta,Angiosperm,Eudicot,Magnoliopsida,Myrtales,Vochysiaceae,Megaphanerophyte,Genet,NIC,Height & DBH,NA,NA,S,6,1989,1994,2,Tropical forest
Manilkara zapota,Tree,9,1.029873117,0.8715,1.085633151,1,115.6866039,0.0000147,0.014852304,0.275371662,1.938144496,0.095922288,1.110774592,0.800545326,0.026742247,0.172712427,Plantae,Magnoliophyta,Angiosperm,Eudicot,Magnoliopsida,Ericales,Sapotaceae,Mesophanerophyte,Genet,MEX,Yes,Yes,NA,S.ST,3,1998,2000,1,Tropical forest
Euterpe edulis,Palm,7,1.258164899,0.9313,1.339419133,1,14.06469761,0.000681249,0.053308535,0.239513755,1.245332482,0.19556292,1.248871454,0.601445844,0.085370731,0.313183425,Plantae,Magnoliophyta,Angiosperm,Monocot,Liliopsida,Arecales,Arecaceae,Mesophanerophyte,Genet,BRA,Diameter at soil,Yes,NA,S.ST,4,1991,1994,1,Tropical forest
Chlorocardium rodiei,Tree,15,0.997839265,0.8032,1.019801622,1,33.69572212,0.0000227,0.002876518,0.196459069,0.927405261,0.016483921,1.01936044,0.962014536,0.005643771,0.032341693,Plantae,Magnoliophyta,Angiosperm,Eudicot,Magnoliopsida,Laurales,Lauraceae,Megaphanerophyte,Genet,GUY,Leaf density & DBH,NA,NA,S,5,1991,1995,1,Tropical forest
Euterpe precatoria,Palm,11,0.977037889,0.931251037,1.033553717,1,0.91969706,0.001716175,0.007248807,0.085282208,0.537185059,0.029850138,1.037098945,0.928456306,0.013979007,0.057564687,Plantae,Magnoliophyta,Angiosperm,Monocot,Liliopsida,Arecales,Arecaceae,Mesophanerophyte,Genet,BOL,Leaf length,NA,NA,S,3,1997,1999,1,Tropical forest
Carapa guianensis,Tree,29,1.001734213,0.990520837,1.011320553,0.999999999,0.01687804,0.438429796,0.005967707,0.213202658,0.049103049,0.005226127,1.011193832,0.977860164,0.011803289,0.010336548,Plantae,Magnoliophyta,Angiosperm,Eudicot,Magnoliopsida,Sapindales,Meliaceae,Megaphanerophyte,Genet,BRA,DBH,NA,NA,S,3,2003,2005,1,Tropical forest
Syzygium jambos,Tree,6,1.185264281,0.85,1.41041947,1,451.2965401,0.000246617,0.083089396,0.262646478,12.21658768,0.259515289,1.342604685,0.489641755,0.123773434,0.386584811,Plantae,Magnoliophyta,Angiosperm,Eudicot,Magnoliopsida,Myrtales,Myrtaceae,Mesophanerophyte,Genet,NA,Yes,Based on size,NA,S,3,2001,2003,7,Tropical forest
Vouacapoua americana,Tree,5,1.000457319,0.99416,1.004591076,1,0.007973773,0.323127283,0.003216697,0.014035115,0.337807807,0.002788587,1.006005284,0.988061128,0.00639499,0.005543882,Plantae,Magnoliophyta,Angiosperm,Eudicot,Magnoliopsida,Fabales,Caesalpiniaceae,Megaphanerophyte,Genet,GUF,DBH,NA,NA,S,3,1984,1986,1,Tropical forest
Ailanthus altissima,Tree,6,1.921238939,0.3545,7.755359431,1,5108.412698,0.000224511,0.180353547,1,1.173512234,0.610810145,1.791163692,0.116592531,0.201381424,0.682026045,Plantae,Magnoliophyta,Angiosperm,Eudicot,Magnoliopsida,Sapindales,Simaroubaceae,Mesophanerophyte,Genet,GBR,Yes,Yes,Yes,S.ST.A,NA,NA,NA,NA,Tropical forest
Araucaria cunninghamii,Tree,10,1.018026403,0.918514286,1.062847375,1,162.43258,0.0000285,0.009544847,0.024802349,2.156073573,0.040380971,1.049925818,0.904896485,0.018181946,0.076921569,Plantae,Pinophyta,Gymnosperm,NA,Pinopsida,Pinales,Araucariaceae,Megaphanerophyte,Genet,PNG,height & DBH,NA,NA,S,3,1975,1977,1,Tropical forest
Manglietia fordiana,Tree,14,0.95571237,0.913357143,1.011912738,1,0.318663441,0.007027228,0.005442053,0.111624909,0.727551109,0.033604853,1.039046905,0.924840919,0.010475086,0.064683995,Plantae,Magnoliophyta,Angiosperm,Eudicot,Magnoliopsida,Magnoliales,Magnoliaceae,Mesophanerophyte,Genet,VNM,Height & DBH,NA,NA,S,3,2003,2005,1,Tropical forest
Tillandsia recurvata,Herbaceous perennial,4,1.133914203,0.862777778,1.309919842,1,0.68278904,0.213642918,0.10994548,0.383942557,1.891513143,0.168439896,1.278385376,0.564473466,0.172006786,0.263519748,Plantae,Magnoliophyta,Angiosperm,Monocot,Liliopsida,Poales,Bromeliaceae,Epiphyte,Genet,MEX,number shoots,Based on size,NA,S,3,2001,2003,4,Tropical forest
Rhizophora mangle,Tree,7,1.043103386,0.736285714,1.134824225,1,19.89125888,0.020798118,0.04234988,0.316165921,1.680187862,0.121889668,1.164239548,0.717859528,0.072751144,0.209389328,Plantae,Magnoliophyta,Angiosperm,Eudicot,Magnoliopsida,Malpighiales,Rhizophoraceae,Mesophanerophyte,Genet,VEN,Height & DBH,Yes,NA,S,3,1999,2001,1,Tropical forest
Mora paraensis,Tree,48,0.999303512,0.987196897,1.012261871,1,0.029199853,0.386349674,0.005735923,0.136586199,0.058309925,0.006377416,1.012113338,0.976063277,0.011334546,0.012602177,Plantae,Magnoliophyta,Angiosperm,Eudicot,Magnoliopsida,Fabales,Fabaceae,Mesophanerophyte,Genet,BRA,DBH,NA,NA,S,3,2003,2005,1,Tropical forest
Aechmea nudicaulis,Herbaceous perennial,3,1.044142825,0.608055556,1.392249143,1,0,0,0,1.007176403,1.463825621,0.609543883,1.609543883,0.242588053,0,0.757411947,Plantae,Magnoliophyta,Angiosperm,Monocot,Liliopsida,Poales,Bromeliaceae,Geophyte,Ramet,BRA,NA,Yes,NA,ST,3,2001,2003,3,Tropical forest
Dicorynia guianensis,Tree,9,1.001259721,0.993162393,1.006468006,1,0.008613265,0.619924521,0.005999463,0.049622817,0.024377573,0.000413897,1.006413361,0.987255017,0.011922463,0.00082252,Plantae,Magnoliophyta,Angiosperm,Eudicot,Magnoliopsida,Fabales,Fabaceae,Mesophanerophyte,Genet,GUF,Yes,NA,NA,S,3,1984,1986,1,Tropical forest
Aquilaria malaccensis,Tree,9,1.224343204,0.495555556,2.884693118,1,5565.447957,0.0000173,0.109380565,0.314178937,2.084478364,0.448462876,1.55784344,0.283826056,0.140425619,0.575748325,Plantae,Magnoliophyta,Angiosperm,Eudicot,Magnoliopsida,Malvales,Thymelaceae,Megaphanerophyte,Genet,IDN,Yes,Yes,NA,S.ST,1,1997,1997,1,Tropical forest
Cecropia obtusifolia,Tree,8,1.012380162,0.53335625,274.0409529,1,87108.2234,0.0000102,0.042969039,0.458096675,0.578926396,0.138467814,1.181436853,0.692853914,0.072740305,0.234405781,Plantae,Magnoliophyta,Angiosperm,Eudicot,Magnoliopsida,Rosales,Cecropiaceae,Megaphanerophyte,Genet,MEX,Yes,NA,NA,S,8,1983,1990,1,Tropical forest
Psidium guajava,Tree,15,1.235078914,0.870786667,830.8086471,1,11527.12484,0.00000903,0.134298008,0.813660068,0.656404238,0.329702676,1.464000685,0.36611958,0.183467139,0.450413282,Plantae,Magnoliophyta,Angiosperm,Eudicot,Magnoliopsida,Myrtales,Myrtaceae,Mesophanerophyte,Genet,CRI,DBH,NA,NA,S,3,1984,1986,1,Tropical forest
Astrocaryum mexicanum,Palm,14,1.011976086,0.915059524,1.252355813,1,9.425412616,0.000756851,0.008099316,0.174681512,0.501863268,0.025452118,1.033551434,0.935075443,0.015672788,0.049251768,Plantae,Magnoliophyta,Angiosperm,Monocot,Liliopsida,Arecales,Arecaceae,Mesophanerophyte,Genet,MEX,NA,Yes,NA,ST,7,1975,1981,1,Tropical forest
Araucaria hunsteinii,Tree,7,0.986684286,0.973571429,1.009848911,1,0.021521243,0.120528986,0.00445624,0.027799172,0.343942489,0.008020439,1.012476679,0.97535414,0.008802652,0.015843208,Plantae,Pinophyta,Gymnosperm,NA,Pinopsida,Pinales,Araucariaceae,Megaphanerophyte,Genet,PNG,DBH,NA,NA,S,NA,NA,NA,1,Tropical forest
Scaphium borneense,Tree,9,1.01374142,0.9888333,1.025659147,1,0.361759259,0.016121443,0.007329759,0.028453824,0.806428297,0.01768003,1.02500979,0.951200876,0.014301833,0.034497291,Plantae,Magnoliophyta,Angiosperm,Eudicot,Magnoliopsida,Malvales,Sterculiaceae,Mesophanerophyte,Genet,MYS,DBH,NA,NA,S,11,1992,2002,1,Tropical forest
Pentaclethra macroloba,Tree,15,0.994801825,0.94646,1.032020621,1,1.463807712,0.002907893,0.006246294,0.06665257,0.466710525,0.023107475,1.029353769,0.942966606,0.012136341,0.044897053,Plantae,Magnoliophyta,Angiosperm,Eudicot,Magnoliopsida,Fabales,Fabaceae,Megaphanerophyte,Genet,NA,Yes,NA,NA,S,3,1969,1971,1,Tropical forest
Bertholletia excelsa,Tree,17,1.014485294,0.944794118,1.042207051,1,3.721280103,0.000735942,0.006894363,0.081084501,0.440524354,0.028547592,1.035441954,0.931542364,0.013316753,0.055140883,Plantae,Magnoliophyta,Angiosperm,Eudicot,Magnoliopsida,Ericales,Lecythidaceae,Megaphanerophyte,Genet,BOL,Yes,Yes,NA,S.ST,5,1996,2000,2,Tropical forest
Swietenia macrophylla,Tree,10,1.016215624,0.86818,1.07896674,1,6.154842435,0.00069849,0.010749991,0.115471215,0.442136347,0.04095501,1.051705001,0.901673946,0.020442978,0.077883076,Plantae,Magnoliophyta,Angiosperm,Eudicot,Magnoliopsida,Sapindales,Meliaceae,Mesophanerophyte,Genet,NA,DBH,NA,NA,S,NA,NA,NA,NA,Tropical forest
Virola surinamensis,Tree,27,1.015208658,0.991853121,1.023547154,1,0.038195587,0.381219788,0.011183169,0.376197276,0.065675305,0.011822273,1.023005441,0.955023814,0.021863361,0.023112825,Plantae,Magnoliophyta,Angiosperm,Eudicot,Magnoliopsida,Magnoliales,Myristicaceae,Mesophanerophyte,Genet,BRA,DBH,NA,NA,S,3,2003,2005,1,Tropical forest
Duguetia neglecta,Tree,12,1.006089921,0.966166667,1.023155898,1,0.320931545,0.01208055,0.006272243,0.078802322,0.623361522,0.023831537,1.03010378,0.941551947,0.012177886,0.046270167,Plantae,Magnoliophyta,Angiosperm,Eudicot,Magnoliopsida,Magnoliales,Annonaceae,Megaphanerophyte,Genet,GUY,Height & DBH,NA,NA,S,5,1991,1995,1,Tropical forest
Iriartea deltoidea,Palm,6,1.009095042,0.91735,1.055203758,1,0.835012837,0.023561808,0.019294532,0.051129306,0.752636935,0.033436273,1.052730805,0.899820914,0.036656155,0.063522931,Plantae,Magnoliophyta,Angiosperm,Monocot,Magnoliopsida,Asparagales,Iridaceae,Megaphanerophyte,Genet,BRA,Height,NA,NA,S,3,1987,1989,5,Tropical forest
Licania heteromorpha,Tree,48,0.993403085,0.98252368,1.011662522,0.999999999,0.043000164,0.204175471,0.004485126,0.1814603,0.189058655,0.007308049,1.011793174,0.976688567,0.008865698,0.014445736,Plantae,Magnoliophyta,Angiosperm,Eudicot,Magnoliopsida,Brassicales,Chrysobalanaceae,Mesophanerophyte,Genet,BRA,DBH,NA,NA,S,3,2003,2005,1,Tropical forest
Tachigali vasquezii,Tree,15,1.053406802,0.61324,6.571079751,1,516706.6667,0.00000004,0.025669492,0.367329253,3.13840656,0.107634669,1.133304161,0.764751308,0.045300269,0.189948423,Plantae,Magnoliophyta,Angiosperm,Eudicot,Magnoliopsida,Fabales,Caesalpiniaceae,Mesophanerophyte,Genet,BOL,Yes,Based on size,NA,S,5,1995,1999,1,Tropical forest
Oxandra asbeckii,Tree,5,1.038971064,0.9998,1.039102884,1,0.039107828,0.82839492,0.037819158,0.089575,0.00463149,0.000187877,1.038007035,0.926769215,0.07286879,0.000361995,Plantae,Magnoliophyta,Angiosperm,Eudicot,Magnoliopsida,Magnoliales,Annonaceæ,Mesophanerophyte,Genet,GUF,Height,NA,NA,S,NA,NA,NA,NA,Tropical forest
Heliconia acuminata,Herbaceous perennial,6,1.004065159,0.960857013,1.016279738,1,0.01509384,0.720037687,0.012457255,0.780126831,0.336958716,0.034862636,1.047319892,0.909636221,0.023788826,0.066574953,Plantae,Magnoliophyta,Angiosperm,Monocot,Liliopsida,Zingiberales,Heliconiaceae,Geophyte,Genet,BRA,Vegetative shoot number,Yes,NA,S.ST,3,1998,2000,1,Tropical forest
Ardisia elliptica,Shrub,8,1.060398873,0.84841665,1.249847294,1,12.06737425,0.001223697,0.022981396,0.307693657,2.328289013,0.123205872,1.146187267,0.744915562,0.040100595,0.214983843,Plantae,Magnoliophyta,Angiosperm,Eudicot,Magnoliopsida,Ericales,Myrsinaceae,Nanophanerophyte,Genet,USA,Height,Based on size,NA,S,3,1999,2001,5,Tropical forest
Miconia prasina,Shrub,4,0.996707899,0.868125,1.135830407,1,0,0,0,0.638992439,0.785622041,0.113897568,1.113897568,0.795497233,0,0.204502767,Plantae,Magnoliophyta,Angiosperm,Eudicot,Magnoliopsida,Myrtales,Melastomataceae,Nanophanerophyte,Ramet,USA,Height & Diameter,Based on size,NA,S,3,1995,1997,4,Tropical forest
Prioria copaifera,Tree,8,1.018530948,0.99275,1.025539474,1,0.059224753,0.039269674,0.009137558,0.063469265,0.338185967,0.017086282,1.02622384,0.948892553,0.017808119,0.033299327,Plantae,Magnoliophyta,Angiosperm,Eudicot,Magnoliopsida,Fabales,Fabaceae,Mesophanerophyte,Genet,NA,DBH,NA,NA,S,9,1982,1990,1,Tropical forest
Phaseolus lunatus,Herbaceous perennial,6,0.767590234,0.208333333,5.338979713,1,84.66666667,0.003041036,0.240478112,0.87254902,1.023867842,0.520707864,1.761185977,0.135598413,0.273086563,0.591315024,Plantae,Magnoliophyta,Angiosperm,Eudicot,Magnoliopsida,Fabales,Fabaceae,Chamaephyte,Genet,CRI,Stem diameter,Based on size,NA,S,3,1994,1996,1,Tropical forest
Calocedrus macrolepis,Tree,14,0.968274087,0.915821429,1.034101379,1,2.258018126,0.001786757,0.006698891,0.061428081,0.560230293,0.025057354,1.031756245,0.93844235,0.012985414,0.048572236,Plantae,Pinophyta,Gymnosperm,NA,Pinopsida,Pinales,Cupressaceae,Megaphanerophyte,Genet,VNM,height & DBH,NA,NA,S,3,2003,2005,1,Tropical forest
Eperua falcata,Tree,6,0.997665379,0.990766667,1.003641354,1,0.006060136,0.688785601,0.005011518,0.021135916,0.304069282,0.004494512,1.00950603,0.981166968,0.009928654,0.008904378,Plantae,Magnoliophyta,Angiosperm,Eudicot,Magnoliopsida,Fabales,Caesalpiniaceae,Megaphanerophyte,Genet,GUF,DBH,NA,NA,S,NA,NA,NA,NA,Tropical forest
Geonoma macrostachys,Palm,10,0.976747574,0.9537,1.010482691,1,1.572529106,0.043750715,0.009348039,0.250561837,3.023834696,0.096815678,1.106163717,0.808050625,0.016901727,0.175047648,Plantae,Magnoliophyta,Angiosperm,Monocot,Liliopsida,Arecales,Arecaceae,Mesophanerophyte,Genet,ECU,Leaf length,NA,Yes,ST.A,2,1997,1998,1,Tropical forest
Carex aquatilis,Herbaceous perennial,4,0.914655335,0.53625,1.09889824,1,0,0,0,0.452452734,0.527759288,0.163295205,1.163295205,0.719254057,0,0.280745943,Plantae,Magnoliophyta,Angiosperm,Monocot,Liliopsida,Poales,Cyperaceae,Geophyte,Ramet,CAN,NA,Yes,NA,ST,1,1996,1996,2,Arctic
Salix arctica,Herbaceous perennial,4,1.069847629,0.21525,232.3419822,1,0,0,0,166.8489828,1.627235484,0.721496275,1.721496275,0.161780033,0,0.838219967,Plantae,Magnoliophyta,Angiosperm,Eudicot,Magnoliopsida,Malpighiales,Salicaceae,Chamaephyte,Ramet,CAN,NA,Yes,NA,ST,2,1995,1996,1,Arctic
Pinguicula alpina,Herbaceous perennial,11,1.032930469,0.825490909,1.459586008,1,1.403653987,0.010883603,0.058226299,0.792915587,2.41935358,0.200063145,1.258289444,0.589459412,0.092548339,0.317992249,Plantae,Magnoliophyta,Angiosperm,Eudicot,Magnoliopsida,Lamiales,Lentibulariaceae,Geophyte,Genet,SWE,Yes,Based on size,NA,S,8,1984,1991,1,Arctic
Pinguicula vulgaris,Herbaceous perennial,11,1.08640789,0.775118182,1.672941375,1,4.291535354,0.004544058,0.072321989,0.728946106,3.740114942,0.246236166,1.318558155,0.516808335,0.109698596,0.373493069,Plantae,Magnoliophyta,Angiosperm,Eudicot,Magnoliopsida,Lamiales,Lentibulariaceae,Hemicryptophyte,Genet,SWE,Yes,Based on size,NA,S,8,1984,1991,1,Arctic
Betula nana,Shrub,4,0.931699279,0.76225,1.082549599,1,0.056312734,0.250997448,0.029026392,0.620564913,0.114635772,0.03099622,1.060022612,0.886752204,0.05476561,0.058482186,Plantae,Magnoliophyta,Angiosperm,Eudicot,Magnoliopsida,Fagales,Betulaceae,Nanophanerophyte,Genet,USA,Branch ?,NA,NA,S,2,1985,1986,1,Arctic
