Species;seed mass;plant height;lifeform;longevity;light;temperature;continentality;humidity;reaction;nitrogen;salt;habitat
Nuphar_pumila;270;120;1;3;8;4;7;10;4;2;0;1
Nuphar_lutea;460;500;1;3;8;6;4;10;7;6;0;1
Nymphaea_candida;9.678;175;1;3;8;6;6;10;4;4;0;1
Nymphaea_alba;6.304;150;1;3;8;6;3;10;7;5;0;1
Aristolochia_clematitis;34.3623;100;3;3;6;7;3;4;8;8;0;0
Asarum_europaeum;3.16;10;4;3;3;6;5;5;7;6;0;7
Acorus_calamus;3.72;120;1;3;8;6;5;10;7;7;0;1
Calla_palustris;1.59;40;1;3;6;6;6;9;6;4;0;1
Arum_maculatum;105;40;4;3;3;6;2;7;7;8;0;7
Tofieldia_calyculata;0.038667;35;3;3;8;5;4;8;8;2;0;1
Najas_marina;2.36;30;1;1;5;6;4;10;9;6;1;1
Hydrocharis_morsus_ranae;0.17;30;2;1;7;6;4;10;7;6;0;1
Sagittaria_sagittifolia;1.7;100;1;3;7;6;4;10;7;6;0;1
Luronium_natans;0.3889;100;1;3;8;6;1;10;5;3;0;1
Baldellia_ranunculoides;0.46;40;1;3;8;6;1;10;5;2;1;1
Alisma_gramineum;0.37;60;1;3;7;7;6;10;7;4;0;1
Alisma_plantago_aquatica;0.5;120;1;3;7;5;5;10;5;8;0;1
Alisma_lanceolatum;0.47;80;1;3;7;7;2;10;7;5;0;1
Triglochin_palustre;1.966;60;3;3;8;5;5;9;5;1;2;1
Triglochin_maritimum;0.98;70;3;3;8;6;7;7;5;5;2;2
Zannichellia_palustris;1.03;50;1;3;6;6;5;10;8;8;2;2
Groenlandia_densa;2.23;40;4;3;8;6;2;10;8;5;0;1
Potamogeton_filiformis;1.85;80;1;3;8;4;5;10;4;3;0;1
Potamogeton_pectinatus;5.61;200;1;3;6;5;5;10;8;8;1;1
Potamogeton_coloratus;0.53;60;1;3;8;6;3;10;8;8;0;1
Potamogeton_natans;5.5;200;1;3;6;5;5;10;7;5;0;1
Potamogeton_polygonifolius;1.17;60;1;3;7;6;2;10;3;2;0;1
Potamogeton_crispus;11.876;100;1;3;6;5;3;10;7;5;0;1
Potamogeton_lucens;5.36;300;1;3;6;6;4;10;6;7;0;1
Potamogeton_gramineus;2.49;120;1;3;8;4;5;10;5;5;0;1
Potamogeton_nodosus;3.83;300;1;3;6;6;5;10;8;5;0;1
Potamogeton_perfoliatus;3.83;200;1;3;6;5;5;10;7;6;1;1
Potamogeton_alpinus;2.58;60;1;3;7;4;5;10;6;6;0;1
Potamogeton_berchtoldii;0.75;100;2;1;6;6;5;10;7;5;0;1
Potamogeton_obtusifolius;2.9;100;2;1;6;6;3;10;6;6;0;1
Potamogeton_acutifolius;3.1;100;1;3;7;6;4;10;5;6;0;1
Narthecium_ossifragum;0.1;30;3;3;8;4;1;9;2;1;0;1
Tamus_communis;17.9;300;4;3;6;8;2;5;8;5;0;7
Paris_quadrifolia;4.9;40;4;3;3;5;4;6;7;7;0;7
Colchicum_autumnale;6.47;25;4;3;5;5;2;6;7;5;0;4
Fritillaria_meleagris;1.9;50;4;3;8;7;4;8;7;5;0;4
Lilium_martagon;7.32;100;4;3;4;5;5;5;7;5;0;7
Lilium_bulbiferum;7.4;90;4;3;7;5;4;5;8;3;0;7
Tulipa_sylvestris;2.85;60;4;3;7;7;4;4;7;5;0;3
Gagea_pratensis;1.339;20;4;3;7;6;5;4;8;6;0;3
Gagea_lutea;2.1213;30;4;3;4;5;4;6;7;7;0;7
Gagea_bohemica;1.164;10;4;3;9;8;5;2;5;2;0;4
Streptopus_amplexifolius;2;100;4;3;5;3;4;5;6;6;0;7
Iris_germanica;49.252;100;4;3;8;8;3;3;8;2;0;4
Iris_aphylla;12.6421;30;4;3;8;7;6;3;6;1;0;4
Iris_variegata;35.7;40;4;3;6;7;6;2;6;3;0;0
Iris_spuria;24.99;90;4;3;9;8;5;7;8;3;1;4
Iris_pseudacorus;49;150;4;3;7;6;3;10;5;7;0;1
Iris_sibirica;15.8;120;4;3;8;6;5;8;6;2;0;4
Gladiolus_palustris;1.66;50;4;3;8;6;4;6;8;2;0;4
Allium_paradoxum;14.88;30;4;3;6;6;3;5;7;7;0;3
Allium_ursinum;5.6;40;4;3;2;5;2;6;7;8;0;7
Allium_victorialis;3.56;60;4;3;7;3;5;5;7;4;0;4
Allium_angulosum;2.3;45;4;3;8;7;7;8;8;2;0;4
Allium_suaveolens;1.7;50;4;3;7;6;5;8;9;2;0;4
Allium_schoenoprasum;0.9;30;4;3;7;5;7;5;7;2;0;4
Allium_scorodoprasum;1.38;90;4;3;6;6;5;7;7;7;0;7
Allium_sphaerocephalon;1.36;80;4;3;9;8;5;3;8;2;0;4
Allium_vineale;19;60;4;3;5;7;3;4;5;7;0;3
Allium_oleraceum;7.04;80;4;3;7;6;4;3;7;4;0;4
Allium_carinatum;4.305;60;4;3;8;5;4;3;8;2;0;4
Galanthus_nivalis;6.69;25;4;3;5;6;4;6;7;7;0;7
Leucojum_vernum;12.04;35;4;3;6;5;4;6;7;8;0;7
Leucojum_aestivum;43.26;60;4;3;7;8;4;9;7;8;0;4
Narcissus_pseudonarcissus;5.32;50;4;3;8;4;2;6;4;4;0;5
Hyacinthoides_non_scripta;5.53;50;4;3;5;6;1;5;7;6;0;7
Muscari_neglectum;3.61;30;4;3;7;8;7;3;7;5;0;4
Muscari_botryoides;2.01;30;4;3;7;5;4;5;5;5;0;0
Scilla_bifolia;9.55;20;4;3;5;7;5;7;7;6;0;7
Ornithogalum_nutans;9;60;4;3;6;7;4;4;7;7;0;3
Ornithogalum_pyrenaicum;7.67;100;4;3;4;6;2;5;6;5;0;7
Ornithogalum_umbellatum;9.306;30;4;3;6;6;4;5;7;7;0;3
Anthericum_ramosum;2.51;60;4;3;7;5;4;3;7;3;0;7
Anthericum_liliago;6.2;60;4;3;7;6;4;3;5;2;0;7
Asparagus_officinalis;26;150;4;3;6;6;7;3;5;4;0;0
Convallaria_majalis;18;20;4;3;5;5;3;4;5;4;0;7
Maianthemum_bifolium;11;15;4;3;3;5;6;5;3;3;0;0
Polygonatum_verticillatum;29.6;80;4;3;4;4;2;5;4;5;0;7
Polygonatum_odoratum;27.9;40;4;3;7;5;5;3;7;3;0;7
Polygonatum_multiflorum;26;80;4;3;2;5;5;5;6;5;0;7
Sparganium_erectum;16.67;100;1;3;7;6;5;10;7;7;0;1
Sparganium_emersum;3.26;60;1;3;7;6;3;10;6;7;0;1
Sparganium_angustifolium;2.54;150;1;3;8;4;3;10;3;1;0;1
Sparganium_natans;3.2577;100;1;3;7;5;5;10;5;3;0;1
Typha_minima;0.037;75;1;3;8;5;7;9;8;2;0;1
Typha_angustifolia;0.16;300;1;3;8;7;5;10;7;7;1;1
Typha_latifolia;0.1;250;1;3;8;6;5;10;7;8;0;1
Juncus_trifidus;0.17;25;3;3;8;2;3;4;4;2;0;4
Luzula_nivea;0.5;60;3;3;4;5;4;5;3;3;0;7
Luzula_pilosa;1.03;30;3;3;2;5;3;5;5;4;0;0
Luzula_luzuloides;0.3;60;3;3;4;5;4;5;3;4;0;7
Luzula_multiflora;1.75;60;3;3;7;5;4;6;5;3;0;5
Luzula_campestris;0.6;20;3;3;7;5;3;4;3;3;0;5
Luzula_sudetica;0.339;35;3;3;8;3;4;5;3;2;0;5
Luzula_desvauxii;0.2;60;3;3;7;4;4;6;4;4;0;4
Luzula_forsteri;1.22;30;3;3;4;8;2;4;5;2;0;0
Luzula_sylvatica;0.74;80;3;3;4;4;2;5;4;4;0;7
Luzula_spicata;0.27;25;3;3;8;2;3;4;4;1;0;4
Juncus_atratus;0.032;120;4;3;8;7;8;9;7;4;0;4
Juncus_acutiflorus;0.01;100;4;3;9;6;2;8;5;3;0;4
Juncus_articulatus;0.02;60;3;3;8;5;3;9;5;2;0;1
Juncus_subnodulosus;0.01;120;4;3;8;6;2;8;9;3;1;4
Juncus_bulbosus;0.01;30;1;3;6;6;2;10;5;2;0;1
Juncus_alpinus;0.02;60;3;3;8;5;6;9;8;2;0;1
Juncus_triglumis;0.04;20;3;3;8;2;7;9;6;2;0;1
Juncus_pygmaeus;0.01;15;2;1;9;7;1;7;4;2;0;3
Juncus_maritimus;0.03;100;4;3;9;7;3;7;7;6;2;2
Juncus_capitatus;0.02;10;2;1;8;7;3;7;4;3;0;3
Juncus_squarrosus;0.1;30;3;3;8;5;2;7;1;1;0;5
Juncus_tenageia;0.013;35;2;1;8;7;2;7;5;4;0;3
Juncus_bufonius;0.02;30;2;1;7;5;5;7;3;4;0;3
Juncus_ranarius;0.02;18;2;1;9;6;5;8;4;3;2;3
Juncus_sphaerocarpus;0.085;30;2;1;8;8;6;8;8;2;0;3
Juncus_effusus;0.02;120;3;3;8;5;3;7;3;4;0;4
Juncus_inflexus;0.03;100;3;3;8;5;3;7;8;4;1;3
Juncus_conglomeratus;0.02;100;3;3;8;5;3;7;4;3;0;4
Juncus_filiformis;0.02;50;4;3;7;4;5;9;4;3;0;4
Juncus_gerardii;0.03;40;4;3;8;6;5;7;7;5;2;2
Juncus_compressus;0.01;40;4;3;8;5;3;8;7;5;1;3
Juncus_balticus;0.05;100;4;3;8;4;2;8;2;2;0;1
Juncus_tenuis;0.01;50;3;3;6;6;3;6;5;5;0;3
Cladium_mariscus;2.61;200;1;3;9;6;3;10;9;3;0;1
Schoenus_nigricans;0.601;80;3;3;9;6;3;9;9;2;0;1
Schoenus_ferrugineus;0.3;60;3;3;9;4;4;8;7;2;0;1
Rhynchospora_fusca;0.53;30;3;3;8;5;2;9;1;2;0;1
Rhynchospora_alba;0.43;50;3;3;8;5;3;9;3;2;0;1
Carex_pulicaris;1.62;25;3;3;8;4;2;9;4;2;0;1
Carex_curvula;2;30;3;3;9;1;5;4;2;1;0;4
Carex_baldensis;2.597;30;3;3;8;3;5;4;8;3;0;4
Carex_microglochin;0.39;15;3;3;9;3;3;9;8;2;0;1
Carex_pauciflora;0.78;15;4;3;9;3;5;9;1;1;0;1
Elyna_myosuroides;0.7594;30;3;3;9;2;7;4;5;2;0;4
Carex_rupestris;0.6853;20;3;3;9;2;7;4;8;2;0;4
Kobresia_simpliciuscula;0.48;20;3;3;9;1;7;9;8;1;0;1
Carex_supina;4.091;20;4;3;7;7;7;2;7;2;0;4
Carex_capitata;1.975;40;1;3;9;4;7;8;7;1;0;1
Carex_disticha;0.62;100;4;3;8;6;5;9;8;5;0;1
Carex_chordorrhiza;1.25;30;3;3;9;5;7;9;4;3;0;1
Carex_ovalis;0.57;60;3;3;7;4;3;7;3;3;0;5
Carex_bohemica;0.166;40;3;3;9;6;5;8;6;4;0;3
Carex_echinata;0.86;30;3;3;8;5;3;8;3;2;0;1
Carex_elongata;0.61;60;3;3;4;6;3;9;7;6;0;7
Carex_paniculata;0.75;100;3;3;7;5;3;9;6;4;0;1
Carex_foetida;0.45;30;3;3;8;2;4;7;4;5;0;4
Carex_vulpina;1.63;100;3;3;9;6;5;9;5;5;0;1
Carex_otrubae;1.4;100;3;3;6;6;2;8;7;6;1;7
Carex_spicata;2.04;70;3;3;7;5;3;4;6;4;0;7
Carex_muricata;1.84;60;3;3;7;6;3;4;5;6;0;7
Carex_divulsa;1.19;100;3;3;6;6;3;5;5;6;0;7
Carex_appropinquata;0.55;80;3;3;8;5;5;9;9;4;0;1
Carex_diandra;0.465;70;4;3;8;6;7;9;6;3;0;1
Carex_brizoides;0.28;70;3;3;6;5;4;6;4;3;0;0
Carex_pseudobrizoides;0.5475;80;3;3;6;6;4;7;2;2;0;8
Carex_praecox;0.4;30;4;3;9;6;6;3;5;4;0;3
Carex_arenaria;0.93;60;5;3;7;6;2;3;2;2;0;4
Carex_dioica;0.76;25;4;3;9;4;5;9;5;2;0;1
Carex_davalliana;0.7;30;3;3;9;4;4;9;8;2;0;1
Carex_remota;0.48;60;3;3;3;5;3;8;5;5;0;7
Carex_canescens;0.3;50;3;3;7;4;5;9;4;2;0;1
Carex_mucronata;0.83;40;3;3;9;3;4;3;9;1;0;4
Carex_sempervirens;1;60;3;3;7;5;2;4;7;3;0;4
Carex_firma;1.11;20;3;3;9;2;4;4;9;2;0;4
Carex_tomentosa;1.007;50;4;3;7;6;5;7;9;5;0;4
Carex_pilosa;3.816;50;3;3;4;6;5;5;5;5;0;7
Carex_vaginata;1.18;50;3;3;8;3;6;9;5;2;0;1
Carex_panicea;2.32;50;4;3;8;4;3;7;5;4;0;1
Carex_depauperata;10.58;60;3;3;4;7;2;4;7;4;0;7
Carex_michelii;3.3007;60;3;3;6;6;7;4;7;3;0;7
Carex_ferruginea;1.02;70;4;3;8;2;4;5;8;4;0;4
Carex_flacca;0.87;60;4;3;7;5;3;6;8;4;1;0
Carex_caryophyllea;1.13;25;4;3;8;5;3;4;5;2;0;4
Carex_montana;0.99;30;3;3;5;5;4;4;6;3;0;0
Carex_pilulifera;1.1;30;3;3;5;4;2;5;3;3;0;5
Carex_ericetorum;0.84;20;4;3;5;5;7;4;5;2;0;8
Carex_humilis;1.37;10;3;3;7;6;5;2;8;3;0;4
Carex_norvegica;0.29;60;3;3;8;4;4;9;4;2;0;1
Carex_parviflora;1.02;20;3;3;9;2;3;7;8;4;0;4
Carex_hartmanii;1.002;80;4;3;7;6;6;7;5;2;0;4
Carex_digitata;1.09;30;3;3;3;5;4;5;5;4;0;7
Carex_ornithopoda;0.84;20;3;3;6;5;4;3;9;3;0;0
Carex_umbrosa;0.8963;45;3;3;4;5;4;5;6;4;0;7
Carex_frigida;0.31;50;4;3;9;2;2;8;8;2;0;1
Carex_fuliginosa;0.359;30;3;3;9;1;5;7;2;1;0;0
Carex_pallescens;0.96;60;3;3;7;4;3;6;4;3;0;5
Carex_acutiformis;1.09;100;1;3;7;5;3;9;7;5;0;0
Carex_riparia;2.59;120;1;3;7;7;3;9;7;4;0;1
Carex_pseudocyperus;0.73;100;1;3;7;6;3;10;6;5;0;1
Carex_lasiocarpa;7.1;80;1;3;9;4;5;9;4;3;0;1
Carex_hirta;2.74;100;4;3;7;6;3;6;5;5;0;3
Carex_vesicaria;1.5;100;1;3;7;4;5;9;6;5;0;1
Carex_rostrata;1.2;70;1;3;9;4;5;10;3;3;0;1
Carex_limosa;1.59;50;4;3;9;4;5;9;2;2;0;1
Carex_magellanica;1.5762;40;3;3;8;3;5;9;3;2;0;1
Carex_aquatilis;0.53;100;1;3;9;6;5;9;7;4;0;1
Carex_bigelowii;0.9;30;3;3;8;3;3;5;1;3;0;5
Carex_cespitosa;0.63;50;3;3;6;6;7;9;6;4;0;1
Carex_elata;0.71;100;1;3;8;5;2;10;5;5;0;1
Carex_acuta;1.25;100;1;3;7;5;7;9;6;4;0;1
Carex_buekii;0.6507;120;4;3;8;6;6;8;8;6;0;1
Carex_distans;1.4;70;3;3;9;6;3;7;8;5;2;0
Carex_punctata;1.25;50;3;3;9;6;1;7;7;3;1;2
Carex_laevigata;1.69;100;3;3;4;5;1;9;5;5;0;7
Carex_binervis;1.52;100;3;3;7;5;1;7;1;1;0;0
Carex_extensa;1.15;50;3;3;9;6;3;7;5;4;2;2
Carex_hostiana;1.66;80;3;3;8;5;2;9;6;2;0;1
Carex_strigosa;0.56;100;3;3;3;6;1;7;5;6;0;7
Carex_sylvatica;1.29;80;3;3;2;5;3;5;7;5;0;7
Carex_pendula;0.65;160;3;3;5;5;2;8;6;6;0;7
Carex_flava;1.05;70;3;3;8;4;2;9;8;2;0;1
Carex_viridula;0.47;30;3;3;8;5;3;9;5;2;1;0
Carex_alba;2.01;35;4;3;5;5;7;4;8;2;0;8
Carex_halleriana;2.17;30;3;3;6;8;2;3;8;3;0;7
Trichophorum_cespitosum;0.36;35;3;3;8;4;3;9;1;1;0;1
Trichophorum_alpinum;0.43533;40;3;3;8;4;4;10;2;2;0;1
Blysmus_rufus;1.06;45;4;3;8;6;8;7;7;4;2;2
Blysmus_compressus;0.351;45;4;3;8;5;5;8;8;3;1;0
Eriophorum_vaginatum;0.78;60;3;3;7;5;5;8;2;1;0;1
Eriophorum_scheuchzeri;0.62;40;4;3;9;2;5;9;4;2;0;1
Eriophorum_latifolium;0.65;60;4;3;8;5;3;9;8;2;0;1
Eriophorum_gracile;0.32;50;4;3;8;4;5;9;4;2;0;1
Eriophorum_angustifolium;0.45;60;4;3;8;5;5;9;4;2;0;1
Scirpus_sylvaticus;0.13;100;4;3;6;5;4;8;4;4;0;4
Eleocharis_quinqueflora;1.14;20;1;3;8;5;3;9;7;2;1;1
Eleocharis_ovata;0.11;30;2;1;8;6;4;8;5;5;0;3
Eleocharis_uniglumis;1.17;60;1;3;7;5;7;9;7;5;1;1
Eleocharis_palustris;0.76;90;1;3;8;5;5;10;5;5;0;1
Eleocharis_acicularis;0.044;15;1;3;7;6;3;10;5;2;0;1
Eleocharis_multicaulis;1.1;40;1;3;8;6;1;10;5;2;0;1
Bolboschoenus_maritimus;2.14;120;4;3;8;6;7;10;8;7;2;1
Schoenoplectus_tabernaemontani;1.32;150;1;3;8;7;6;10;9;6;1;1
Schoenoplectus_lacustris;1.94;300;1;3;8;6;3;10;7;6;0;1
Schoenoplectus_mucronatus;0.9;100;1;3;8;7;4;10;7;8;0;1
Schoenoplectus_pungens;2.2152;80;1;3;8;6;4;10;7;7;0;1
Schoenoplectus_supinus;0.5483;30;2;1;8;7;5;8;7;3;0;3
Schoenoplectus_triqueter;1.57;150;1;3;8;6;5;10;7;7;1;1
Isolepis_setacea;0.08;20;2;2;6;5;2;9;5;3;0;3
Cyperus_fuscus;0.06;30;2;1;9;6;4;9;5;4;0;3
Cyperus_flavescens;0.2;30;2;1;9;6;4;7;5;4;0;3
Digitaria_sanguinalis;0.51;65;2;1;7;7;3;4;5;5;0;3
Digitaria_ischaemum;0.51;50;2;1;7;6;4;5;2;3;0;3
Echinochloa_crus_galli;1.4;120;2;1;6;7;5;5;5;8;0;3
Setaria_pumila;1.39;70;2;1;7;7;4;4;5;6;0;3
Setaria_viridis;1.1;100;2;1;7;6;5;4;5;7;0;3
Setaria_italica;2.3;120;2;1;8;8;5;4;7;8;0;3
Setaria_verticillata;0.8;60;2;1;7;7;4;4;5;7;0;3
Bothriochloa_ischaemum;0.7;80;3;3;9;7;6;3;8;3;0;4
Molinia_caerulea;0.7;100;3;3;7;5;3;7;5;2;0;0
Molinia_arundinacea;2.07;200;3;3;7;6;5;7;5;3;0;0
Phragmites_australis;0.11;300;1;3;7;5;5;10;7;7;0;1
Danthonia_decumbens;1.6;60;3;3;8;5;2;5;3;2;0;5
Eragrostis_minor;0.08;50;2;1;8;7;5;3;5;4;0;3
Eragrostis_cilianensis;0.07;60;2;1;7;7;5;3;8;3;0;3
Cynodon_dactylon;0.2;50;4;3;8;7;3;4;5;5;0;3
Tragus_racemosus;0.36;40;2;1;8;8;3;4;5;7;0;3
Leersia_oryzoides;1.13;150;1;3;8;6;3;10;8;8;0;1
Nardus_stricta;0.4;30;3;3;8;5;3;5;2;2;0;5
Stipa_capillata;10.13;70;3;3;8;7;8;2;8;2;0;4
Stipa_pulcherrima;7.0525;100;3;3;9;8;7;1;8;1;0;4
Stipa_pennata;37.77;40;3;3;8;7;8;2;7;2;0;4
Stipa_tirsa;11.9217;100;3;3;8;7;8;3;6;2;0;4
Glyceria_fluitans;1.2;120;1;3;7;5;3;9;5;7;0;1
Glyceria_declinata;1.02;60;3;3;5;6;2;8;6;5;0;3
Glyceria_notata;1.31;120;1;3;8;5;3;10;8;8;0;1
Glyceria_maxima;0.8;250;1;3;9;5;5;10;8;9;0;1
Melica_uniflora;2.9;60;3;3;3;5;2;5;6;6;0;7
Melica_transsilvanica;0.6;60;3;3;7;8;4;3;6;4;0;3
Melica_nutans;2.28;60;3;3;4;5;3;4;7;3;0;7
Brachypodium_rupestre;2.57;120;3;3;7;5;4;4;7;3;0;4
Brachypodium_pinnatum;2.8;100;3;3;6;5;5;4;7;4;0;4
Brachypodium_sylvaticum;3.2;120;3;3;3;5;3;5;6;6;0;7
Bromus_benekenii;4.27;120;3;3;5;5;4;5;7;5;0;7
Bromus_ramosus;5.48;150;3;3;6;6;2;5;7;6;0;7
Bromus_inermis;2.795;100;3;3;8;5;7;4;8;5;0;0
Bromus_erectus;1.921;100;3;3;8;5;2;3;8;3;0;4
Bromus_sterilis;6.42;100;2;1;7;6;4;4;5;5;0;3
Bromus_tectorum;3.3;50;2;1;8;6;7;3;8;4;0;3
Bromus_secalinus;11.58;100;2;1;6;6;3;5;5;5;0;3
Bromus_grossus;4.8;110;2;1;6;7;4;5;7;5;0;3
Bromus_racemosus;4.04;90;2;1;6;6;2;4;5;5;0;4
Bromus_commutatus;4.64;90;2;1;6;7;4;4;7;3;0;0
Bromus_arvensis;2;100;2;1;6;6;4;4;8;4;0;3
Bromus_squarrosus;2.3;60;2;1;8;8;7;3;8;3;0;3
Bromus_japonicus;2.31;80;2;1;8;7;7;4;8;3;0;0
Bromus_hordeaceus;1.48;100;2;1;7;6;3;5;5;3;0;0
Hordeum_murinum;8.3;70;2;1;8;7;5;4;7;5;0;3
Hordeum_marinum;0.875;40;2;1;9;6;4;8;7;5;2;2
Hordeum_jubatum;2.12;60;2;1;9;6;5;6;7;6;1;3
Hordelymus_europaeus;7.45;120;3;3;4;5;4;5;7;6;0;7
Leymus_arenarius;8.9;150;4;3;9;6;5;6;7;6;1;2
Calamagrostis_pseudophragmites;0.0502;120;3;3;8;6;8;7;9;3;0;4
Calamagrostis_canescens;0.06;150;3;3;6;4;5;9;6;5;0;7
Calamagrostis_epigejos;0.064;120;4;3;7;5;7;5;5;6;0;0
Calamagrostis_villosa;0.11;150;3;3;6;4;4;7;2;2;0;8
Calamagrostis_arundinacea;0.4627;130;3;3;6;5;4;5;4;5;0;0
Calamagrostis_varia;0.13;100;3;3;7;3;4;5;8;3;0;0
Calamagrostis_stricta;0.2054;100;3;3;9;5;5;9;5;2;0;1
Agrostis_rupestris;0.1;30;3;3;8;2;2;4;2;1;0;4
Agrostis_alpina;0.105;30;3;3;8;2;3;5;6;4;0;4
Agrostis_schleicheri;0.1908;30;3;3;8;1;4;5;7;4;0;4
Agrostis_canina;0.06;60;3;3;9;5;5;9;3;2;0;1
Agrostis_stolonifera;0.1;60;3;3;8;5;5;6;5;5;0;3
Agrostis_vinealis;0.1;60;3;3;9;7;3;2;2;1;0;4
Agrostis_capillaris;0.07;80;3;3;7;5;3;5;4;4;0;5
Agrostis_gigantea;0.08;120;3;3;7;5;3;8;7;6;0;4
Ammophila_arenaria;4.34;100;4;3;9;6;3;4;7;5;1;2
Phalaris_arundinacea;0.7;150;4;3;7;5;5;8;7;7;0;1
Briza_media;0.4;60;3;3;8;5;3;5;5;2;0;5
Anthoxanthum_aristatum;0.5;30;2;1;7;6;2;5;2;3;0;3
Anthoxanthum_odoratum;0.53;60;3;3;5;5;3;5;5;5;0;0
Anthoxanthum_alpinum;0.6402;60;3;3;8;3;3;6;2;2;0;0
Trisetum_distichophyllum;0.287;30;4;3;8;2;4;5;9;2;0;4
Trisetum_spicatum;0.379;20;3;3;9;1;4;5;7;1;0;4
Trisetum_flavescens;0.4;80;3;3;7;5;5;5;5;5;0;4
Koeleria_vallesiana;0.48;50;3;3;9;8;5;1;9;1;0;4
Koeleria_pyramidata;2.3;110;3;3;7;6;4;4;7;2;0;4
Koeleria_macrantha;0.3;70;3;3;7;6;7;3;8;2;0;4
Gaudinia_fragilis;1.97;60;2;1;8;6;3;5;5;7;0;4
Hierochloe_australis;0.8;60;3;3;5;7;5;4;8;2;0;7
Hierochloe_odorata;0.45;60;3;3;6;6;7;9;4;2;0;4
Avena_strigosa;18.5;90;2;1;7;5;5;5;4;5;0;3
Avena_fatua;12;120;2;1;6;6;6;5;7;5;0;3
Arrhenatherum_elatius;2.8;150;3;3;8;5;3;5;7;7;0;4
Helictotrichon_pubescens;2.14;100;3;3;5;5;3;3;5;4;0;4
Dactylis_polygama;0.3193;100;3;3;5;6;4;5;6;5;0;7
Dactylis_glomerata;1.19;120;3;3;7;5;3;5;5;6;0;0
Cynosurus_cristatus;0.5;70;3;3;8;5;3;5;5;4;0;4
Catapodium_rigidum;0.26;20;2;1;9;6;3;2;7;1;0;4
Parapholis_strigosa;0.68;35;2;1;8;6;2;7;7;4;2;2
Helictotrichon_pratense;2.08;80;3;3;7;6;4;3;5;2;0;4
Helictotrichon_versicolor;1.6;40;3;3;9;2;3;5;3;2;0;4
Deschampsia_media;0.2;70;3;3;8;7;2;8;7;4;0;3
Deschampsia_cespitosa;0.35;150;3;3;6;5;5;7;5;3;0;0
Deschampsia_setacea;0.12;60;3;3;8;6;1;9;2;1;0;1
Sesleria_albicans;0.87;45;3;3;7;3;2;4;9;3;0;4
Mibora_minima;0.12;15;2;1;8;8;2;3;4;3;0;4
Holcus_mollis;0.3;80;3;3;5;5;2;5;2;3;0;7
Holcus_lanatus;0.3;80;3;3;7;6;3;6;5;5;0;4
Scolochloa_festucacea;1.1;200;3;3;8;6;8;10;8;6;0;1
Festuca_altissima;0.75;110;3;3;3;5;3;5;4;6;0;7
Festuca_arundinacea;3.05;110;3;3;8;5;5;7;7;5;1;3
Festuca_pratensis;2.622;120;3;3;8;5;3;6;5;6;0;4
Festuca_gigantea;3.12;150;3;3;4;5;3;7;6;6;0;7
Lolium_temulentum;8.6;90;2;1;7;7;3;4;8;5;0;3
Lolium_remotum;4.3;70;2;1;7;6;4;5;5;4;0;3
Lolium_perenne;2;80;3;3;8;6;3;5;7;7;0;4
Lolium_multiflorum;2.9;100;2;2;7;7;3;4;7;8;0;3
Vulpia_myuros;0.743;60;2;1;8;7;3;2;5;1;0;4
Micropyrum_tenellum;0.74;50;2;1;9;8;2;2;4;1;0;4
Festuca_halleri;1.24;15;3;3;9;1;7;4;1;1;0;4
Festuca_ovina;0.6;50;3;3;7;5;3;3;3;1;0;0
Festuca_duvalii;0.7636;40;3;3;9;8;7;1;8;1;0;4
Festuca_pallens;2.2;80;3;3;8;5;3;6;5;6;0;5
Festuca_rupicola;0.58;50;3;3;9;7;7;3;8;2;0;4
Festuca_valesiaca;0.48;40;3;3;8;7;7;2;7;2;0;4
Vulpia_bromoides;0.48;40;2;1;9;7;2;3;4;1;0;4
Festuca_heterophylla;1.44;100;3;3;5;6;4;4;5;5;0;7
Corynephorus_canescens;0.11;40;3;3;8;6;5;2;3;2;0;4
Deschampsia_flexuosa;0.56;60;3;3;6;5;2;5;2;3;0;0
Aira_praecox;0.16;20;2;1;9;6;2;2;2;1;0;4
Aira_caryophyllea;0.14;40;2;1;9;6;2;2;4;1;0;4
Poa_badensis;0.3;35;3;3;8;7;4;3;8;1;0;4
Poa_alpina;0.35;30;3;3;7;3;5;5;5;7;0;4
Poa_bulbosa;0.9;30;3;3;8;7;7;3;5;2;0;4
Poa_annua;0.3;25;2;1;7;5;5;6;5;8;0;0
Poa_supina;0.5296;30;3;3;8;3;4;5;7;7;0;3
Poa_trivialis;0.2;100;3;3;6;5;3;7;5;7;0;4
Poa_palustris;0.184;120;3;3;7;5;5;9;8;7;0;1
Poa_compressa;0.2;50;3;3;9;5;4;3;9;3;0;3
Poa_minor;0.4;30;3;3;8;2;2;5;8;3;0;4
Poa_nemoralis;0.2;80;3;3;5;5;5;5;5;4;0;7
Poa_chaixii;0.8;120;3;3;6;5;4;5;3;4;0;0
Poa_remota;0.29;150;3;3;5;6;6;7;8;7;0;7
Poa_pratensis;0.25;80;3;3;6;5;5;5;5;6;0;4
Poa_angustifolia;0.19;70;3;3;7;6;5;3;5;3;0;4
Milium_effusum;1.1;160;3;3;4;5;3;5;5;5;0;7
Phleum_phleoides;0.16;60;3;3;8;6;7;3;8;2;0;4
Phleum_hirsutum;0.15;90;3;3;8;3;4;5;7;4;0;4
Phleum_arenarium;0.2;20;2;1;9;6;3;3;7;3;0;4
Phleum_paniculatum;0.09;35;2;1;7;6;4;4;8;4;0;3
Phleum_alpinum;0.36;50;3;3;8;3;3;5;6;7;0;4
Phleum_pratense;0.4;100;3;3;7;5;5;5;5;7;0;4
Phleum_bertolonii;0.31;80;3;3;7;6;5;4;5;5;0;4
Alopecurus_rendlei;1.12;30;2;1;8;7;4;6;8;4;1;5
Alopecurus_myosuroides;1.99;70;2;1;6;6;3;6;7;6;0;3
Alopecurus_pratensis;0.8;120;3;3;6;5;5;6;6;7;0;4
Alopecurus_geniculatus;0.29;60;3;3;9;6;3;9;7;7;1;3
Alopecurus_aequalis;0.134;60;2;1;9;5;5;9;5;9;0;3
Alopecurus_bulbosus;0.46;50;3;3;8;6;2;7;7;5;1;2
Ventenata_dubia;0.3467;70;2;1;9;8;5;3;8;3;0;0
Apera_spica_venti;0.1;100;2;1;6;6;4;6;5;5;0;3
Apera_interrupta;0.1396;50;2;1;9;7;3;2;4;1;0;0
Puccinellia_maritima;0.7;70;3;3;9;6;3;8;7;5;3;2
Puccinellia_limosa;0.132;50;3;3;8;6;6;7;7;5;2;2
Puccinellia_distans;0.3;50;3;3;8;6;6;6;7;4;2;2
Sclerochloa_dura;0.7;15;2;1;9;7;8;4;8;5;0;3
Catabrosa_aquatica;0.43;70;3;3;8;5;5;9;7;8;0;3
Ceratophyllum_submersum;2.7429;80;1;3;5;8;5;10;8;7;0;1
Berberis_vulgaris;13;400;6;3;7;6;4;4;8;3;0;7
Thalictrum_lucidum;0.4;120;3;3;7;5;5;8;7;3;0;4
Thalictrum_flavum;1.31;120;3;3;7;6;5;8;8;5;0;4
Thalictrum_minus;1.9;60;3;3;6;5;7;3;8;3;0;7
Thalictrum_simplex;0.9;120;3;3;8;6;7;6;8;2;0;4
Thalictrum_aquilegiifolium;2;150;3;3;5;5;4;8;7;7;0;7
Aquilegia_vulgaris;1.5;80;3;3;6;6;4;4;7;4;0;7
Aquilegia_einseleana;0.92;45;3;3;7;3;4;5;9;4;0;4
Adonis_flammea;2.5;50;2;1;6;6;6;3;9;3;0;3
Adonis_aestivalis;7;50;2;1;6;6;7;3;8;3;0;3
Adonis_vernalis;10.6;45;3;3;7;6;7;3;7;2;0;4
Trollius_europaeus;1;80;3;3;9;3;5;7;6;5;0;4
Clematis_alpina;3.54;400;6;3;4;3;7;5;3;3;0;8
Clematis_vitalba;2.3;30;6;3;7;6;3;5;7;7;0;7
Clematis_recta;9.9;150;3;3;6;7;5;3;8;3;0;7
Hepatica_nobilis;3;20;3;3;4;6;4;4;7;5;0;7
Anemone_narcissiflora;5.7;40;4;3;8;3;7;5;7;4;0;4
Pulsatilla_alpina;6.68;45;3;3;8;2;2;5;8;3;0;4
Pulsatilla_patens;1.96;12;3;3;6;6;5;4;6;2;0;8
Pulsatilla_pratensis;2.01;10;3;3;7;6;5;2;7;2;0;4
Pulsatilla_vernalis;1.9;15;3;3;7;5;5;4;5;2;0;8
Pulsatilla_vulgaris;3.2;40;3;3;7;6;5;2;7;2;0;4
Anemone_sylvestris;0.6;30;4;3;7;7;7;3;7;3;0;7
Anemone_ranunculoides;1.5;25;4;3;3;6;4;6;8;8;0;7
Anemone_nemorosa;3;25;4;3;5;5;3;5;5;5;0;7
Ranunculus_ficaria;4;25;4;3;4;5;3;6;7;7;0;7
Myosurus_minimus;0.08;10;2;1;8;7;5;7;6;5;0;3
Ranunculus_lingua;2.85;120;1;3;7;5;5;10;6;7;0;1
Ranunculus_flammula;0.47;50;3;3;7;5;3;9;3;2;0;1
Ranunculus_illyricus;0.5004;50;4;3;8;7;6;4;7;4;0;4
Ranunculus_montanus;1.8;50;3;3;8;3;4;5;8;3;0;4
Ranunculus_arvensis;12.1;60;2;1;6;6;3;4;8;5;0;3
Ranunculus_acris;1.5;90;3;3;7;5;3;6;5;5;0;4
Ranunculus_lanuginosus;2.85;50;3;3;3;6;4;6;7;7;0;7
Ranunculus_repens;2.5;50;3;3;6;5;5;7;5;7;0;0
Ranunculus_bulbosus;2.566;30;4;3;8;6;3;3;7;3;0;4
Ranunculus_sardous;1.11;60;2;1;8;6;4;8;5;7;1;3
Ranunculus_nemorosus;1.8;60;3;3;6;5;4;5;6;5;0;0
Ranunculus_polyanthemos;2.44;60;3;3;6;6;5;4;5;2;0;7
Ranunculus_parnassiifolius;3.28;20;3;3;8;2;3;5;9;3;0;4
Ranunculus_glacialis;0.4;25;3;3;8;1;4;6;3;2;0;4
Ranunculus_platanifolius;6.8;100;3;3;5;4;4;6;5;7;0;7
Ranunculus_hybridus;7.79;30;3;3;9;2;4;5;9;3;0;4
Ranunculus_sceleratus;0.2;70;2;1;9;6;5;9;7;9;1;3
Ranunculus_trichophyllus;0.34;200;1;2;7;5;5;10;8;7;0;1
Ranunculus_baudotii;0.21;80;3;2;8;6;5;10;9;7;2;2
Ranunculus_penicillatus;0.4;300;1;3;8;6;4;10;7;5;0;1
Ranunculus_aquatilis;0.2014;200;1;3;7;5;2;10;6;6;0;1
Ranunculus_peltatus;0.45;150;1;2;6;6;3;10;5;6;0;1
Ranunculus_pygmaeus;0.279;4;3;3;8;1;3;7;3;3;0;4
Ranunculus_auricomus;2.36;45;3;3;5;6;3;6;7;7;0;7
Nigella_arvensis;2;30;2;1;8;7;5;3;9;3;0;3
Aconitum_napellus;3;170;3;3;7;3;2;7;7;8;0;0
Caltha_palustris;1.1;40;3;3;7;5;5;8;5;6;0;4
Helleborus_viridis;11.86;40;3;3;3;6;2;5;8;6;0;7
Helleborus_foetidus;11.34;80;5;3;5;7;2;4;8;3;0;7
Helleborus_niger;7.4;30;3;3;3;5;4;5;8;4;0;7
Actaea_spicata;6.3;60;4;3;3;5;4;5;6;7;0;7
Papaver_hybridum;0.14;30;2;1;7;7;3;5;7;5;0;3
Papaver_argemone;0.16;30;2;1;6;6;2;4;5;5;0;3
Papaver_sendtneri;0.21;23;3;3;9;1;4;5;9;2;0;4
Papaver_dubium;0.14;60;2;1;6;6;3;4;5;5;0;3
Papaver_rhoeas;0.2;60;2;1;6;6;3;5;7;6;0;3
Chelidonium_majus;0.74;90;3;3;6;6;5;5;5;8;0;3
Glaucium_flavum;1.05;90;3;2;9;6;6;6;8;7;1;2
Glaucium_corniculatum;0.9;40;2;2;7;7;6;4;9;4;0;3
Corydalis_solida;3.79;30;4;3;3;6;5;5;7;7;0;7
Corydalis_intermedia;2.708;20;4;3;3;4;4;5;7;7;0;7
Corydalis_cava;8.5;30;4;3;3;6;4;6;8;8;0;7
Ceratocapnos_claviculata;1.1144;100;2;1;5;6;1;5;3;6;0;7
Fumaria_capreolata;4.01;90;2;1;6;6;2;5;4;7;0;3
Fumaria_officinalis;3.17;50;2;1;6;6;3;5;6;7;0;3
Fumaria_parviflora;2.12;40;2;1;6;6;5;4;8;5;0;3
Fumaria_schleicheri;2.0397;30;2;1;7;7;6;4;8;7;0;3
Buxus_sempervirens;14.3;200;6;3;5;8;2;4;8;4;0;7
Crassula_tillaea;0.01;6;2;1;8;7;2;7;5;3;0;3
Sedum_telephium;0.05;60;3;3;7;6;5;4;7;5;0;0
Sedum_spurium;0.08;20;5;3;8;6;4;3;5;3;0;3
Sempervivum_tectorum;0.024;50;5;3;8;5;2;2;4;5;0;4
Sempervivum_montanum;0.0208;10;5;3;8;2;2;3;2;1;0;4
Sedum_forsterianum;0.03;30;5;3;8;7;1;3;4;1;0;4
Sedum_rupestre;0.04;30;5;3;7;5;4;2;5;1;0;4
Sedum_album;0.03;20;5;3;9;5;2;2;5;1;0;4
Sedum_acre;0.04;10;5;3;8;6;3;2;5;1;0;4
Sedum_sexangulare;0.032;10;5;3;7;5;4;2;6;1;0;4
Sedum_alpestre;0.0157;8;5;3;8;2;2;5;4;2;0;4
Sedum_villosum;0.02;20;3;2;9;5;2;9;4;1;0;1
Myriophyllum_verticillatum;1.506;60;1;3;5;6;5;10;7;8;0;1
Myriophyllum_alterniflorum;0.61;60;1;3;7;5;2;10;6;3;0;1
Ribes_alpinum;4.3;150;6;3;5;4;4;5;8;7;0;7
Ribes_rubrum;9.2;150;6;3;4;6;7;8;6;6;0;7
Ribes_nigrum;1.3047;200;6;3;4;5;7;9;6;5;0;7
Ribes_petraeum;3.23;300;6;3;5;3;4;5;6;7;0;7
Ribes_uva_crispa;3.33;120;6;3;4;5;2;5;5;6;0;7
Saxifraga_bryoides;0.0252;8;5;3;9;1;4;5;3;2;0;4
Saxifraga_aspera;0.026781;20;5;3;8;3;5;4;3;2;0;4
Saxifraga_hirculus;0.079;35;3;3;9;5;7;9;4;2;0;1
Saxifraga_tridactylites;0.01;15;2;1;8;6;2;2;7;1;0;4
Saxifraga_granulata;0.04;60;3;3;5;6;2;4;5;3;0;4
Saxifraga_aizoides;0.05;25;5;3;8;3;3;8;8;3;0;1
Saxifraga_mutata;0.02;50;3;3;8;4;4;8;9;1;0;1
Saxifraga_oppositifolia;0.11;30;5;3;8;2;3;5;8;2;0;4
Saxifraga_paniculata;0.1;30;5;3;7;3;3;3;8;2;0;4
Chrysosplenium_oppositifolium;0.1;10;3;3;6;5;2;9;5;5;0;1
Chrysosplenium_alternifolium;0.058;15;3;3;4;4;5;7;7;5;0;7
Parnassia_palustris;0.03;30;3;3;8;5;5;8;7;2;0;1
Euonymus_europaea;44.4;600;6;3;6;5;3;5;8;5;0;7
Euonymus_latifolia;26.5;600;6;3;4;6;4;5;8;5;0;7
Oxalis_dillenii;0.17;20;3;2;7;7;3;5;6;5;0;3
Oxalis_acetosella;1.41;15;4;3;2;5;3;5;4;6;0;0
Euphorbia_helioscopia;2.31;50;2;1;6;5;3;5;7;7;0;3
Euphorbia_verrucosa;2.5;50;3;3;8;6;2;3;9;3;0;4
Euphorbia_platyphyllos;2.45;70;2;1;6;7;4;5;7;5;0;3
Euphorbia_dulcis;2.1;50;3;3;4;5;2;5;8;5;0;7
Euphorbia_palustris;8.2;150;5;3;8;6;6;8;8;5;1;4
Euphorbia_falcata;3.2;40;2;1;7;7;3;4;8;5;0;3
Euphorbia_seguieriana;0.9;50;3;3;9;7;6;2;8;1;0;4
Euphorbia_exigua;0.33;30;2;1;6;6;4;4;8;4;0;3
Euphorbia_amygdaloides;3.3;90;5;3;4;5;3;5;8;5;0;7
Euphorbia_lucida;6.6;140;3;3;7;6;6;7;7;5;0;4
Euphorbia_salicifolia;23;80;3;3;7;7;6;4;8;3;0;7
Euphorbia_esula;3.5;90;3;3;8;6;5;4;8;5;0;0
Euphorbia_virgata;1.193;120;4;3;9;6;6;4;8;4;0;3
Euphorbia_cyparissias;1.91;30;3;3;8;5;4;3;5;3;0;4
Euphorbia_peplus;0.65;30;2;1;6;6;3;4;5;7;0;3
Mercurialis_annua;1.7;50;2;1;7;7;3;4;7;8;0;3
Mercurialis_perennis;5.82;40;4;3;2;5;3;5;8;7;0;7
Mercurialis_ovata;11.3;40;4;3;5;7;4;4;7;5;0;7
Viola_palustris;0.81;15;3;3;6;5;3;9;2;3;0;1
Viola_curtisii;0.5;40;3;3;8;7;2;3;6;3;0;4
Viola_lutea;0.89;40;3;3;8;6;3;4;8;1;0;4
Viola_guestphalica;0.6;15;3;3;8;6;3;4;6;1;0;4
Viola_riviniana;1.3;20;3;3;5;5;3;4;4;5;0;7
Viola_reichenbachiana;1.21;20;3;3;4;5;4;5;7;6;0;7
Viola_mirabilis;2.6;20;3;3;4;5;4;5;8;5;0;7
Viola_pumila;1.1;15;3;3;8;7;6;7;6;4;0;4
Viola_rupestris;0.6;20;3;3;6;5;7;3;8;2;0;8
Viola_elatior;1.7;50;3;3;7;7;6;8;8;2;0;4
Viola_canina;1.11;40;3;3;7;5;3;4;3;2;0;5
Viola_odorata;4;15;3;3;5;6;3;5;5;8;0;3
Viola_alba;3.1;15;3;3;5;7;4;5;7;6;0;3
Viola_hirta;3.4;15;3;3;6;5;5;3;8;3;0;7
Viola_collina;1.9;15;3;3;6;5;7;3;8;2;0;7
Populus_nigra;0.81;3000;6;3;5;6;6;8;7;7;0;7
Populus_tremula;0.11;2000;6;3;6;5;5;5;5;5;0;0
Populus_alba;0.12;3000;6;3;5;7;7;5;8;6;0;7
Salix_fragilis;0.14;1500;6;3;5;5;3;8;6;6;0;7
Salix_alba;0.12;2000;6;3;5;6;6;7;8;7;0;7
Salix_pentandra;0.22;1200;6;3;7;5;7;8;6;4;0;7
Salix_serpillifolia;0.26;10;5;3;7;2;4;4;9;2;0;4
Salix_retusa;0.3936;30;5;3;7;2;4;6;8;4;0;4
Salix_caprea;0.1;1000;6;3;7;5;3;6;7;7;0;7
Salix_daphnoides;0.14;1000;6;3;6;4;4;8;8;4;0;7
Salix_eleagnos;0.25;600;6;3;7;5;2;7;8;4;0;7
Salix_herbacea;0.51;10;5;3;7;2;3;7;3;4;0;4
Salix_hastata;0.1103;250;6;3;7;3;7;6;7;4;0;7
Salix_purpurea;0.09;4000;6;3;8;5;4;5;8;5;0;7
Hypericum_elodes;0.07;30;3;3;8;6;1;9;2;1;0;1
Hypericum_humifusum;0.04;15;2;1;7;5;2;7;4;3;0;3
Hypericum_perforatum;0.2;60;3;3;7;6;5;4;6;4;0;7
Hypericum_montanum;0.06;80;3;3;5;6;4;4;7;3;0;7
Hypericum_elegans;0.1;55;3;3;7;7;6;3;9;2;0;7
Hypericum_maculatum;0.03;50;3;3;8;5;3;6;3;2;0;5
Hypericum_hirsutum;0.08;80;3;3;7;6;4;5;8;7;0;7
Hypericum_pulchrum;0.08;40;3;3;4;6;2;5;3;2;0;7
Linum_austriacum;1.23;60;3;3;9;7;6;3;8;2;0;4
Linum_perenne;2.1;60;3;3;7;5;6;3;8;2;0;4
Linum_leonii;1.3;40;3;3;9;7;5;3;9;1;0;4
Radiola_linoides;0.04;10;2;1;8;6;3;7;3;2;0;3
Linum_catharticum;0.15;30;2;1;7;5;3;5;7;2;0;4
Linum_flavum;0.853;60;3;3;8;7;6;4;8;3;0;4
Linum_tenuifolium;1.51;50;3;3;9;8;4;2;9;2;0;4
Elatine_hydropiper;0.21;15;2;1;8;6;4;9;2;3;0;3
Elatine_hexandra;0.02;15;2;1;8;6;2;9;3;2;0;1
Elatine_alsinastrum;0.017;80;2;1;8;7;5;9;5;4;0;3
Lupinus_polyphyllus;20.8;150;3;3;7;5;4;5;4;5;0;7
Laburnum_anagyroides;37;700;6;3;7;7;3;3;8;3;0;7
Cytisus_scoparius;9;250;6;3;8;5;2;4;3;4;0;7
Chamaecytisus_supinus;5.9;45;5;3;7;6;4;3;5;1;0;8
Chamaecytisus_ratisbonensis;5.9;45;5;3;6;7;6;4;5;2;0;8
Genista_pilosa;2.86;30;5;3;7;5;4;5;2;1;0;5
Genista_tinctoria;5.6;60;5;3;8;6;3;5;6;1;0;4
Genista_germanica;2.9;60;5;3;7;5;4;4;2;2;0;5
Genista_anglica;2.21;60;5;3;8;5;1;5;2;2;0;5
Ulex_europaeus;6.6;200;6;3;7;6;1;5;3;2;0;7
Robinia_pseudoacacia;20.4;2500;6;3;5;6;4;4;5;8;0;0
Anthyllis_vulneraria;3.02;60;3;2;8;6;3;3;7;2;0;4
Hippocrepis_comosa;3.62;30;5;3;7;5;2;3;7;2;0;4
Dorycnium_herbaceum;2.11;65;5;3;7;6;4;3;9;3;0;7
Dorycnium_germanicum;2.8;50;5;3;7;6;4;2;9;1;0;8
Lotus_corniculatus;1;30;3;3;7;5;3;4;7;3;0;5
Tetragonolobus_maritimus;4.73;30;3;3;8;7;4;5;9;1;1;4
Ornithopus_perpusillus;1;30;2;1;7;6;2;3;2;2;0;4
Coronilla_vaginalis;5.42;40;5;3;6;5;4;3;9;2;0;8
Coronilla_coronata;7.65;70;5;3;7;6;4;3;9;3;0;7
Hedysarum_hedysaroides;5.46;40;4;3;8;2;7;5;8;2;0;4
Onobrychis_viciifolia;19.8;70;3;3;8;7;6;3;8;3;0;4
Onobrychis_montana;11.7;50;3;3;9;3;6;4;9;2;0;4
Onobrychis_arenaria;22.9;80;3;3;7;7;7;2;9;1;0;4
Colutea_arborescens;15.8;450;6;3;5;8;3;3;8;2;0;7
Astragalus_exscapus;6.639;30;3;3;7;6;6;3;9;2;0;8
Astragalus_penduliflorus;10.08;50;3;3;7;1;7;4;7;1;0;0
Astragalus_glycyphyllos;4.8;120;3;3;6;6;4;4;7;3;0;7
Astragalus_alpinus;2.15;30;3;3;9;2;7;4;6;5;0;4
Astragalus_arenarius;1.267;30;3;3;7;7;7;2;7;1;0;4
Astragalus_onobrychis;1.298;60;3;3;8;7;6;2;9;1;0;8
Astragalus_cicer;3.5;70;3;3;7;6;4;4;9;2;0;7
Astragalus_australis;3.11;30;3;3;9;1;8;5;7;2;0;4
Oxytropis_pilosa;1.2;50;3;3;9;7;7;1;7;1;0;4
Oxytropis_jacquinii;3.1;40;3;3;8;2;4;4;9;2;0;4
Oxytropis_campestris;2.01;30;3;3;9;2;6;4;6;2;0;4
Galega_officinalis;8.2;100;3;3;7;6;6;6;7;8;0;3
Medicago_arabica;3.7;50;2;1;8;7;4;4;8;5;0;0
Medicago_polymorpha;3.13;45;2;1;9;8;3;3;7;5;0;3
Medicago_falcata;1.5;60;3;3;8;6;7;3;9;3;0;7
Medicago_sativa;2;180;3;3;8;6;6;4;7;5;0;0
Medicago_minima;1.32;25;2;1;9;7;3;3;8;2;0;0
Medicago_lupulina;1.6;50;2;1;7;5;5;4;8;5;0;4
Melilotus_albus;2.3;150;2;1;9;6;6;3;7;4;0;3
Melilotus_officinalis;2.7;120;3;2;8;6;6;3;8;3;0;3
Melilotus_indicus;2.8;40;2;1;9;6;4;5;7;7;1;3
Melilotus_altissimus;3.97;150;3;2;8;6;5;7;7;7;1;3
Melilotus_dentatus;2.6;150;3;2;8;6;7;6;7;5;1;3
Ononis_natrix;3.48;50;5;3;8;8;3;3;8;1;0;4
Ononis_spinosa;54;80;5;3;8;6;5;4;7;3;0;4
Ononis_arvensis;4.9;100;5;3;8;6;7;4;7;2;0;4
Ononis_repens;4.8;40;5;3;8;5;2;4;7;2;0;4
Trifolium_aureum;0.3;50;2;1;7;6;4;4;4;2;0;5
Trifolium_badium;0.75;25;3;3;8;2;4;6;8;5;0;4
Trifolium_dubium;0.4;30;2;1;6;6;3;4;6;4;0;4
Trifolium_campestre;0.3;35;2;1;8;6;3;4;6;3;0;4
Trifolium_alpinum;5.31;10;3;3;8;2;4;4;2;2;0;5
Trifolium_ochroleucon;1.87;50;3;3;7;7;4;4;8;2;0;4
Trifolium_arvense;0.4;30;2;1;8;6;3;3;2;1;0;4
Trifolium_scabrum;0.62;20;2;1;9;9;3;2;9;1;0;4
Trifolium_striatum;1.9;30;2;1;8;7;3;3;2;1;1;4
Trifolium_rubens;2.04;60;3;3;7;6;4;3;8;2;0;7
Trifolium_alpestre;1.25;50;3;3;7;6;4;3;6;3;0;7
Trifolium_pratense;1.5;50;3;3;7;5;3;5;5;5;0;4
Trifolium_hybridum;0.7;90;3;3;7;6;5;6;7;5;0;3
Trifolium_resupinatum;1.4;40;2;1;8;7;3;5;7;5;1;3
Trifolium_fragiferum;1.2;30;3;3;8;6;5;7;8;7;2;3
Trifolium_montanum;0.8;60;3;3;8;5;4;3;8;2;0;4
Trifolium_repens;0.6;25;3;3;8;5;5;5;6;6;1;4
Trifolium_thalii;1;5;3;3;7;2;2;5;8;5;0;4
Trifolium_pallescens;0.62;10;3;3;8;3;4;5;5;2;0;4
Vicia_pisiformis;38.4;200;3;3;6;7;4;4;8;3;0;7
Vicia_orobus;25;60;3;3;7;7;1;5;5;3;0;7
Vicia_cassubica;17.6;60;3;3;6;6;4;3;5;3;0;7
Vicia_tetrasperma;4.203;70;2;1;6;6;5;5;5;5;0;3
Vicia_parviflora;4;70;2;1;7;8;2;4;6;6;0;3
Vicia_sylvatica;21.2;200;3;3;7;5;4;4;8;5;0;7
Vicia_hirsuta;5.7;70;2;1;7;6;5;4;5;4;0;3
Vicia_dumetorum;54.1;200;3;3;6;6;4;5;8;4;0;7
Vicia_villosa;28.9;150;2;1;7;6;5;4;6;5;0;3
Vicia_cracca;36.22;150;3;3;8;6;6;3;8;2;0;7
Vicia_narbonensis;151.6;60;2;1;7;7;3;4;8;5;0;3
Vicia_grandiflora;20.6;60;2;1;7;7;6;4;5;5;0;0
Vicia_sepium;18.7;100;3;3;5;5;5;5;6;5;0;0
Vicia_angustifolia;18.1;70;2;1;5;6;3;5;5;5;0;0
Vicia_lathyroides;1.95;25;2;1;8;7;4;2;3;2;0;4
Vicia_pannonica;41.5;80;2;1;7;6;6;4;6;5;0;3
Vicia_lutea;28.6;60;2;1;7;7;3;4;7;5;1;3
Lathyrus_nissolia;7.74;90;2;1;7;6;4;4;7;4;0;3
Lathyrus_tuberosus;32.8;90;3;3;7;6;6;4;8;4;0;3
Lathyrus_sylvestris;39;200;3;3;7;6;4;4;8;2;0;7
Lathyrus_latifolius;47.3;180;3;3;7;8;4;4;9;3;0;0
Lathyrus_hirsutus;26.7;90;2;1;7;6;4;4;7;5;0;3
Lathyrus_aphaca;17.14;60;2;1;7;7;3;3;8;3;0;3
Lathyrus_pratensis;12;120;3;3;7;5;5;6;7;6;0;4
Lathyrus_laevigatus;104.4;60;3;3;8;3;4;5;8;4;0;4
Lathyrus_palustris;15.9;100;3;3;8;6;5;8;8;3;0;4
Lathyrus_vernus;15;40;3;3;4;6;4;5;8;4;0;7
Lathyrus_niger;18.8;90;3;3;5;6;4;3;7;3;0;7
Lathyrus_linifolius;13;45;3;3;5;5;2;5;3;2;0;7
Polygala_chamaebuxus;7.6;15;5;3;6;4;4;3;8;2;0;8
Polygala_vulgaris;1.8;30;5;3;7;5;3;4;3;2;0;5
Polygala_amarella;0.81;20;5;3;9;5;4;9;9;1;0;0
Polygala_amara;1.3;20;3;3;8;3;4;4;8;2;0;4
Polygala_comosa;0.95;20;3;3;8;6;6;3;8;2;0;4
Filipendula_vulgaris;0.81;80;3;3;7;6;5;4;8;2;0;7
Filipendula_ulmaria;0.8;120;3;3;7;5;5;8;5;5;0;4
Rubus_chamaemorus;7.4;20;5;3;9;3;7;8;2;1;0;1
Rubus_idaeus;1.9;150;6;3;7;5;5;5;5;6;0;0
Rubus_saxatilis;9.8;30;5;3;7;5;7;6;7;4;0;0
Rubus_caesius;3.6;50;5;3;6;5;4;7;8;7;0;0
Geum_reptans;0.97;15;3;3;9;1;4;5;2;2;0;4
Geum_montanum;1.8;10;3;3;7;2;2;5;2;2;0;5
Geum_rivale;1.01;50;3;3;6;5;5;8;5;4;0;4
Geum_urbanum;1.9;70;3;3;4;5;5;5;5;7;0;7
Rosa_pendulina;20.4;200;6;3;6;4;2;5;7;6;0;7
Rosa_majalis;12.2;200;6;3;7;6;7;5;8;3;0;7
Rosa_gallica;28.64;100;6;3;7;7;4;4;7;4;0;7
Rosa_arvensis;13.31;200;6;3;5;5;2;5;7;5;0;7
Rosa_stylosa;7.62;300;6;3;8;7;2;4;8;4;0;7
Rosa_caesia;15.26;200;6;3;8;6;3;3;8;3;0;7
Rosa_subcollina;14.39;200;6;3;8;6;3;3;8;3;0;0
Rosa_corymbifera;19.98;200;6;3;8;6;4;4;7;5;0;7
Rosa_dumalis;20.3;200;6;3;7;5;2;5;6;3;0;7
Rosa_canina;129;500;6;3;8;5;3;4;5;5;0;7
Rosa_glauca;10.67;300;6;3;8;5;4;4;7;2;0;7
Rosa_agrestis;18.8;300;6;3;8;6;4;3;8;3;0;7
Rosa_elliptica;19.24;250;6;3;8;6;4;3;8;3;0;7
Rosa_micrantha;12.2;350;6;3;8;6;4;3;8;3;0;7
Rosa_rubiginosa;15.2;300;6;3;7;6;2;3;8;3;0;7
Rosa_jundzillii;31.596;200;6;3;8;7;6;3;8;4;0;7
Rosa_villosa;12.9;200;6;3;6;5;2;3;8;2;0;7
Potentilla_anserina;0.9;20;3;3;7;6;5;6;5;7;1;3
Potentilla_sterilis;0.53;15;3;3;5;5;2;5;6;6;0;7
Potentilla_micrantha;0.6;5;3;3;5;7;4;4;8;4;0;7
Potentilla_caulescens;0.13;30;3;3;8;3;4;3;8;3;0;4
Potentilla_alba;0.6;15;3;3;6;6;5;4;5;5;0;7
Potentilla_erecta;0.4;50;3;3;6;5;3;5;5;2;0;5
Potentilla_anglica;0.59;20;3;3;7;6;2;5;8;4;0;0
Potentilla_reptans;0.29;20;3;3;6;6;3;6;7;5;0;3
Potentilla_inclinata;0.31;50;3;3;9;7;5;2;6;1;0;4
Potentilla_argentea;0.08;50;3;3;9;6;3;2;3;1;0;4
Potentilla_collina;0.285;30;3;3;9;7;4;2;2;1;0;4
Potentilla_thuringiaca;0.1;40;3;3;6;6;5;4;6;3;0;7
Potentilla_recta;0.3;70;3;3;9;7;5;3;5;2;0;4
Potentilla_norvegica;0.1;50;2;1;7;6;6;5;5;5;0;3
Potentilla_supina;0.1;15;2;1;7;7;5;8;6;7;1;3
Potentilla_intermedia;0.4;50;3;2;8;6;6;3;7;4;0;3
Potentilla_aurea;0.33;20;3;3;8;3;4;4;3;2;0;5
Potentilla_incana;0.3;15;3;3;9;7;6;1;8;1;0;4
Potentilla_heptaphylla;0.6;40;3;3;7;5;4;3;9;2;0;4
Potentilla_tabernaemontani;0.63;20;3;3;8;6;4;3;7;2;0;4
Potentilla_pusilla;0.3;10;3;3;9;6;4;2;8;1;0;4
Potentilla_crantzii;0.52;20;3;3;9;2;3;5;8;2;0;4
Potentilla_grandiflora;0.8276;40;3;3;8;3;5;3;4;2;0;5
Fragaria_viridis;0.5;20;3;3;7;5;5;3;8;3;0;7
Fragaria_vesca;0.3;30;3;3;7;5;5;5;5;6;0;7
Fragaria_moschata;0.3877;40;3;3;6;5;4;5;8;6;0;7
Potentilla_rupestris;0.31;50;3;3;7;7;4;4;6;2;0;7
Sibbaldia_procumbens;0.45;5;3;3;7;2;3;7;2;4;0;4
Potentilla_palustris;0.43;50;1;3;8;5;5;10;3;2;0;1
Alchemilla_alpina;0.44;20;3;3;9;2;2;5;2;2;0;5
Alchemilla_vulgaris;0.37;50;3;3;6;4;4;5;6;6;0;4
Alchemilla_glaucescens;0.4;30;3;3;7;4;4;5;4;3;0;5
Aphanes_arvensis;0.26;20;2;1;6;6;2;6;4;5;0;3
Agrimonia_procera;40;100;3;3;5;6;3;5;6;4;0;7
Agrimonia_eupatoria;15;60;3;3;7;6;4;4;8;4;0;7
Sanguisorba_minor;7.3;80;3;3;7;6;5;3;8;2;0;4
Sanguisorba_officinalis;2.1;100;3;3;7;5;7;7;5;5;0;4
Dryas_octopetala;0.55;50;6;3;9;2;7;4;8;4;0;4
Prunus_spinosa;225.8;500;6;3;7;5;5;4;7;5;0;7
Prunus_fruticosa;589.96;150;6;3;8;8;8;3;8;5;0;7
Prunus_avium;187;2000;6;3;4;5;4;5;7;5;0;7
Prunus_mahaleb;85;600;6;3;7;7;4;3;8;2;0;7
Prunus_padus;123;1500;6;3;5;5;3;8;7;6;0;7
Aruncus_dioicus;0.09;200;3;3;4;5;4;6;5;8;0;7
Amelanchier_ovalis;4.6;300;6;3;7;7;4;3;5;3;0;7
Amelanchier_lamarckii;360;1200;6;3;6;6;2;5;3;3;0;7
Mespilus_germanica;125.9;600;6;3;6;8;6;4;6;5;0;7
Crataegus_laevigata;143.4;100;6;3;6;6;4;5;7;5;0;7
Crataegus_monogyna;140;100;6;3;7;5;3;4;8;4;0;7
Cydonia_oblonga;31.09;700;6;3;8;6;3;4;8;4;0;7
Sorbus_torminalis;96;2500;6;3;4;7;4;4;7;4;0;7
Sorbus_chamaemespilus;15.9;150;6;3;7;3;4;4;8;3;0;8
Sorbus_aria;34.19;2500;6;3;6;5;2;4;7;3;0;7
Sorbus_intermedia;39;1500;6;3;6;5;2;5;5;5;0;0
Malus_sylvestris;24.11;1000;6;3;7;6;3;5;7;5;0;7
Cotoneaster_integerrimus;9.2;200;6;3;8;5;4;3;7;2;0;7
Cotoneaster_tomentosus;13.3;300;6;3;7;5;4;3;9;2;0;7
Pyrus_communis;32.3;2000;6;3;6;6;5;5;8;5;0;7
Sorbus_domestica;18.5;2000;6;3;4;8;4;4;8;3;0;7
Sorbus_aucuparia;19;2000;6;3;6;5;5;5;4;5;0;0
Frangula_alnus;19.9;500;6;3;6;6;5;8;4;3;0;7
Rhamnus_saxatilis;10.53;200;6;3;7;6;4;3;9;2;0;8
Rhamnus_cathartica;34.1;600;6;3;7;5;5;4;8;4;0;7
Rhamnus_pumila;103;20;5;3;8;2;4;3;9;2;0;4
Hippophae_rhamnoides;12.19;200;6;3;9;6;6;4;8;3;0;7
Ulmus_laevis;7.15;3000;6;3;4;6;5;8;7;7;0;7
Ulmus_glabra;13.5;3000;6;3;4;5;3;6;7;7;0;7
Ulmus_minor;4.86;3000;6;3;5;7;5;5;8;5;0;7
Humulus_lupulus;3.27;600;3;3;7;6;3;8;6;8;0;7
Parietaria_officinalis;0.4;120;3;3;5;7;4;5;7;7;0;3
Parietaria_judaica;0.24;60;3;3;6;7;2;7;8;7;0;4
Urtica_dioica;0.1;150;3;3;5;5;5;6;7;9;0;3
Urtica_urens;0.52;70;2;1;7;6;5;5;5;8;0;3
Urtica_kioviensis;0.121;200;3;3;8;6;6;10;7;6;0;1
Bryonia_dioica;11.39;300;4;3;7;6;3;5;8;6;0;3
Bryonia_alba;15;400;4;3;7;6;5;5;7;6;0;3
Fagus_sylvatica;249;4000;6;3;3;5;2;5;5;5;0;7
Castanea_sativa;9944;3000;6;3;5;8;2;5;4;5;0;7
Quercus_cerris;4263;2000;6;3;6;8;4;4;6;5;0;7
Quercus_ilex;2311;2700;6;3;4;9;2;3;5;5;0;0
Quercus_robur;3378;3000;6;3;7;6;6;5;5;5;0;7
Quercus_petraea;2342.2;3500;6;3;6;6;2;5;5;5;0;7
Quercus_pubescens;633.7;1500;6;3;7;8;4;3;7;5;0;7
Myrica_gale;1.47;200;6;3;8;6;2;9;3;3;0;7
Juglans_regia;11490;2500;6;3;6;8;2;6;7;7;0;0
Alnus_incana;1.5;2000;6;3;6;4;5;7;8;5;0;7
Alnus_glutinosa;2;2000;6;3;5;5;3;9;6;5;1;7
Betula_pubescens;0.25;2500;6;3;7;5;5;8;3;3;0;0
Betula_nana;0.83;100;6;3;8;3;6;9;1;2;0;1
Betula_pendula;0.29;3000;6;3;7;5;5;5;5;5;0;0
Corylus_avellana;1192.3;700;6;3;6;5;3;5;5;5;0;7
Carpinus_betulus;43;2500;6;3;4;6;4;5;5;5;0;7
Ostrya_carpinifolia;10.5;2400;6;3;4;8;5;4;5;5;0;7
Erodium_cicutarium;2.1;60;2;1;8;6;5;4;5;5;0;4
Geranium_lucidum;0.77;40;2;1;5;7;2;5;7;8;0;3
Geranium_robertianum;1.5;60;3;2;5;5;3;5;5;7;0;3
Geranium_palustre;4.3;80;3;3;8;5;4;7;8;7;0;4
Geranium_sylvaticum;5.095;80;3;3;6;4;4;6;6;7;0;7
Geranium_pratense;9;80;3;3;8;6;5;5;8;7;0;4
Geranium_rotundifolium;1.87;30;2;1;7;8;5;4;7;6;0;3
Geranium_sanguineum;8.92;50;3;3;7;6;4;3;8;3;0;7
Geranium_dissectum;2.28;40;2;1;6;6;3;5;8;5;0;3
Geranium_columbinum;4;50;2;1;7;6;4;4;7;7;0;3
Geranium_pyrenaicum;1.64;60;3;3;8;6;4;5;7;8;0;3
Geranium_molle;1.09;40;2;1;7;6;3;4;5;4;0;4
Geranium_pusillum;0.7;40;2;1;7;6;5;4;5;7;0;3
Geranium_phaeum;4.5;70;3;3;6;5;4;5;6;5;0;7
Ludwigia_palustris;0.04;30;3;3;8;7;3;9;4;4;0;3
Circaea_lutetiana;2.3;70;4;3;4;5;3;6;7;7;0;7
Circaea_alpina;0.51;30;4;3;4;4;4;7;5;5;0;7
Epilobium_fleischeri;0.1638;45;3;3;9;4;5;4;5;2;0;4
Epilobium_dodonaei;0.22;100;3;3;9;5;5;4;9;2;0;4
Epilobium_angustifolium;0.06;180;3;3;8;5;5;5;5;8;0;7
Epilobium_parviflorum;0.1;100;5;3;7;5;3;9;8;6;0;1
Epilobium_lanceolatum;0.11;80;5;3;8;7;3;4;3;3;0;4
Epilobium_hirsutum;0.1;150;3;3;7;5;5;8;8;8;0;3
Epilobium_collinum;0.05;60;5;3;8;4;5;5;2;2;0;4
Epilobium_montanum;0.1;80;5;3;4;5;3;5;6;6;0;7
Epilobium_palustre;0.04;60;3;3;7;5;5;9;3;2;0;1
Epilobium_alsinifolium;0.11;25;3;3;8;2;2;9;6;5;0;1
Epilobium_alpestre;0.221;80;3;3;7;3;4;6;7;8;0;7
Epilobium_anagallidifolium;0.07;10;3;3;8;2;3;7;5;4;0;4
Epilobium_roseum;0.09;80;5;3;7;6;4;8;8;8;0;3
Epilobium_tetragonum;0.1;80;5;3;7;6;4;8;6;5;0;3
Epilobium_obscurum;0.09;80;5;3;7;5;2;8;4;4;0;1
Oenothera_biennis;0.4;150;2;1;9;7;3;4;5;4;0;3
Oenothera_parviflora;0.5;150;2;1;8;6;2;3;7;3;1;3
Lythrum_salicaria;0.68;150;3;3;7;5;5;8;6;5;0;4
Lythrum_hyssopifolia;0.5;35;2;1;8;7;5;7;3;4;1;3
Peplis_portula;0.0383;25;2;1;8;6;3;7;3;2;0;3
Trapa_natans;834;180;2;1;8;7;5;10;6;8;0;1
Staphylea_pinnata;90;500;6;3;7;7;4;5;8;4;0;7
Cotinus_coggygria;9.2;500;6;3;7;8;4;3;7;3;0;7
Acer_pseudoplatanus;97;3000;6;3;4;5;4;6;5;7;0;7
Acer_opalus;100;1500;6;3;5;8;4;4;8;6;0;7
Acer_monspessulanum;46.1;1200;6;3;6;8;4;3;8;4;0;7
Acer_negundo;36;1500;6;3;5;6;6;6;7;7;0;7
Acer_platanoides;139;3000;6;3;4;6;4;5;5;5;0;7
Acer_campestre;122.4;2000;6;3;5;6;4;5;7;6;0;7
Ailanthus_altissima;27.9;2500;6;3;8;8;2;5;7;8;0;0
Dictamnus_albus;13.5;80;3;3;7;8;4;3;8;2;0;7
Daphne_striata;35;15;5;3;7;3;4;4;8;2;0;8
Daphne_cneorum;4.4;30;5;3;6;5;4;4;8;2;0;8
Daphne_mezereum;90.7;100;6;3;4;5;4;5;7;5;0;7
Daphne_laureola;103.4;150;6;3;4;7;2;4;8;4;0;7
Thymelaea_passerina;0.58;50;2;1;7;7;6;4;8;4;0;3
Fumana_procumbens;3.03;20;5;3;9;7;3;2;9;1;0;4
Helianthemum_apenninum;1.16;30;5;3;8;7;2;2;8;1;0;4
Helianthemum_nummularium;1.15;30;5;3;7;6;4;3;7;2;0;4
Helianthemum_canum;1;20;5;3;8;7;4;2;9;1;0;4
Helianthemum_alpestre;0.9;20;5;3;9;2;4;4;9;2;0;4
Tuberaria_guttata;2.87;30;2;1;9;7;2;2;5;1;0;4
Althaea_officinalis;6.5;150;4;3;6;7;6;7;8;4;1;3
Althaea_hirsuta;2.35;60;2;1;7;8;5;4;8;3;0;3
Malva_sylvestris;5.7;90;3;2;8;6;3;4;7;8;0;3
Malva_neglecta;2.4;60;2;1;8;6;7;5;7;9;0;3
Malva_pusilla;2.666;40;2;1;8;7;7;4;5;5;1;3
Malva_moschata;2.132;80;3;3;8;6;3;4;7;4;0;4
Malva_alcea;2.617;75;3;3;8;6;4;5;8;7;0;3
Tilia_platyphyllos;98.8;3000;6;3;4;6;2;6;5;7;0;7
Tilia_cordata;40;2500;6;3;5;5;4;5;5;5;0;7
Reseda_luteola;0.3;150;3;3;8;7;3;4;9;6;0;3
Reseda_lutea;0.8;80;3;2;7;6;3;3;8;5;0;3
Petrocallis_pyrenaica;1.8;8;5;3;8;1;4;4;9;1;0;4
Biscutella_laevigata;4.36;40;3;3;8;5;4;5;7;2;0;0
Lunaria_rediviva;26;100;3;3;4;5;4;6;7;8;0;7
Hornungia_petraea;0.21;15;2;1;8;7;2;2;9;1;0;4
Lepidium_perfoliatum;0.9;40;2;2;8;6;8;6;6;5;1;3
Cardaria_draba;2.15;75;4;3;8;7;7;3;8;4;0;3
Lepidium_heterophyllum;1.45;50;3;3;8;7;1;5;6;5;0;3
Lepidium_campestre;2.169;60;2;2;7;6;3;4;8;6;0;3
Lepidium_latifolium;0.2;120;3;3;9;6;8;5;7;5;1;3
Lepidium_graminifolium;0.8;80;3;3;8;8;3;3;6;5;0;3
Lepidium_ruderale;0.3;40;2;2;9;6;7;4;5;6;0;3
Lepidium_densiflorum;1;50;2;2;8;7;7;4;7;6;0;3
Lepidium_virginicum;0.5;50;2;2;8;7;5;4;6;5;0;3
Coronopus_squamatus;5.54;30;2;2;8;7;3;7;7;6;1;3
Coronopus_didymus;0.5;25;2;2;9;7;4;5;6;6;0;3
Barbarea_intermedia;0.5512;70;3;2;8;6;2;5;5;7;0;3
Barbarea_stricta;0.234;100;3;2;8;6;7;7;7;8;0;3
Barbarea_vulgaris;0.6;90;3;2;8;6;3;6;5;6;0;3
Barbarea_verna;0.86;80;3;2;8;6;2;5;5;6;0;3
Rorippa_pyrenaica;0.55;30;3;3;8;7;2;5;6;6;0;4
Rorippa_islandica;0.06;50;2;1;7;5;5;8;5;8;0;3
Rorippa_sylvestris;0.11;60;4;3;6;6;3;8;8;6;0;3
Rorippa_amphibia;0.1;100;1;3;7;6;7;10;7;8;0;1
Rorippa_austriaca;0.0577;100;3;3;8;7;4;7;8;8;0;3
Cardamine_resedifolia;0.1264;15;4;3;8;2;2;5;3;2;0;4
Cardamine_alpina;0.1872;8;3;3;7;1;4;7;4;4;0;4
Dentaria_enneaphyllos;6.387;30;3;3;4;4;4;5;7;7;0;7
Cardamine_impatiens;0.19;70;3;2;5;5;4;6;7;8;0;3
Dentaria_bulbifera;2.5;60;4;3;3;5;4;5;7;6;0;7
Cardamine_trifolia;1.6;30;4;3;3;4;4;6;8;7;0;7
Cardamine_hirsuta;0.11;25;2;1;6;6;3;5;5;7;0;3
Cardamine_pratensis;0.6;40;3;3;4;5;5;6;5;5;0;0
Dentaria_pentaphyllos;9.38;60;4;3;3;5;2;5;7;6;0;7
Cardamine_parviflora;0.106;30;2;1;8;6;5;7;7;6;0;3
Cardamine_flexuosa;0.11;40;3;2;6;5;2;8;4;5;0;1
Cardamine_amara;0.33;60;3;3;7;5;4;9;6;4;0;1
Nasturtium_officinale;0.17;60;1;3;7;4;3;10;7;7;0;1
Erysimum_cheiranthoides;0.2;80;2;1;7;5;5;5;7;7;0;3
Erysimum_odoratum;0.3;80;3;2;9;7;5;2;8;2;0;4
Erysimum_crepidifolium;0.4;60;3;2;9;7;5;2;7;1;0;4
Erysimum_marschallianum;0.2;80;3;2;9;6;7;4;7;5;0;0
Erysimum_repandum;0.24;35;2;1;7;7;6;4;8;5;1;3
Erysimum_cheiri;1.4;80;5;3;8;8;4;5;9;6;0;4
Cardaminopsis_halleri;0.2;40;3;3;8;4;4;6;3;5;0;4
Cardaminopsis_petraea;0.1;30;3;3;9;2;2;3;8;1;0;4
Cardaminopsis_arenosa;0.068;60;2;2;9;5;4;4;6;2;0;0
Arabidopsis_thaliana;0.02;50;2;2;6;6;3;4;4;4;0;4
Neslia_paniculata;1.6;60;2;1;6;6;5;4;8;4;0;3
Camelina_microcarpa;0.3;60;2;2;7;6;7;4;8;4;0;3
Camelina_sativa;1;80;2;1;7;7;6;4;7;6;0;0
Camelina_alyssum;0.28;60;2;1;7;6;6;5;6;4;0;3
Capsella_bursa_pastoris;0.1;60;2;1;7;5;5;5;5;6;0;3
Bunias_orientalis;25.4;120;3;2;7;6;5;5;8;5;0;3
Hesperis_matronalis;2.6;100;3;2;6;5;6;7;7;7;0;7
Arabis_turrita;0.59;70;3;2;6;7;4;3;7;3;0;7
Arabis_alpina;0.3;40;5;3;7;3;3;5;9;3;0;4
Arabis_caerulea;0.24;15;5;3;8;2;4;7;9;4;0;4
Arabis_nemorensis;0.0453;80;3;2;7;6;5;7;6;4;0;4
Arabis_hirsuta;0.14;80;3;3;7;5;3;4;8;5;0;4
Arabis_soyeri;0.249;50;5;3;9;2;4;10;9;2;0;1
Arabis_ciliata;0.3;30;5;2;9;2;4;5;9;3;0;4
Arabis_glabra;0.1;90;3;2;6;6;2;3;8;5;0;0
Draba_muralis;0.04;35;2;2;7;6;2;5;8;6;0;3
Erophila_verna;0.47;20;2;1;8;6;3;4;5;2;0;4
Draba_sauteri;0.2;15;5;3;6;2;4;5;9;2;0;4
Draba_aizoides;0.19;15;5;3;8;5;4;3;9;1;0;4
Draba_tomentosa;0.2;10;5;3;9;1;4;2;9;2;0;4
Draba_siliquosa;0.1984;15;5;3;8;2;4;5;6;2;0;4
Draba_dubia;0.2;16;5;3;8;2;5;3;5;2;0;4
Draba_fladnizensis;0.2;8;5;3;9;2;7;5;6;2;0;4
Berteroa_incana;0.385;70;2;2;9;6;7;3;6;4;0;3
Alyssum_saxatile;0.94;50;5;3;9;7;4;2;8;1;0;4
Alyssum_montanum;0.6;25;5;3;9;6;4;2;7;1;0;4
Alyssum_alyssoides;0.63;30;2;2;9;6;4;3;8;1;0;4
Teesdalia_nudicaulis;0.31;25;2;1;8;6;2;3;1;1;0;4
Iberis_amara;2.6;50;2;1;7;7;2;4;8;3;0;3
Kernera_saxatilis;0.14;30;5;3;9;3;2;3;9;2;0;4
Cochlearia_danica;0.27;20;2;2;9;6;3;8;8;5;1;2
Cochlearia_pyrenaica;0.69;50;3;2;8;4;4;9;8;3;0;1
Cochlearia_officinalis;0.52;40;3;2;8;6;5;7;7;6;1;2
Cochlearia_anglica;1.31;40;3;2;8;5;1;7;7;7;2;2
Conringia_orientalis;2.6;60;2;1;7;6;5;3;9;4;0;3
Calepina_irregularis;6.2;50;2;2;8;9;3;3;8;4;0;3
Thlaspi_alliaceum;0.7;60;2;1;6;7;2;4;8;5;0;3
Thlaspi_arvense;1;60;2;1;6;5;5;5;7;6;0;3
Alliaria_petiolata;2.66;80;3;2;5;6;3;5;7;9;0;3
Thlaspi_perfoliatum;0.5;30;2;1;8;6;5;4;8;2;0;4
Thlaspi_montanum;0.674;40;5;3;6;5;4;4;9;2;0;8
Thlaspi_rotundifolium;1.65;20;2;1;9;2;4;5;9;3;0;4
Thlaspi_caerulescens;0.36;50;3;2;8;4;2;5;5;4;0;4
Isatis_tinctoria;2.8;120;3;2;8;7;7;3;8;3;0;3
Myagrum_perfoliatum;9.81;100;2;1;6;7;4;4;9;4;0;3
Sisymbrium_altissimum;0.2;100;2;1;8;6;7;4;7;4;0;3
Sisymbrium_strictissimum;0.43;100;3;3;6;7;4;6;8;7;0;3
Sisymbrium_loeselii;0.19;70;2;1;7;6;7;4;7;5;0;3
Sisymbrium_irio;0.1;60;2;1;8;8;3;3;7;5;0;3
Sisymbrium_officinale;0.29;80;2;2;8;6;5;4;5;7;0;3
Sisymbrium_volgense;0.2;100;3;3;8;6;8;3;8;4;0;3
Sisymbrium_austriacum;0.13;80;3;2;7;6;4;4;8;7;0;3
Cakile_maritima;16.7;50;2;1;9;6;5;6;5;8;2;2
Crambe_maritima;72.61;80;3;3;9;6;5;5;7;8;2;2
Coincya_monensis;1.1;70;5;3;9;8;2;4;6;3;0;3
Rapistrum_rugosum;2.9;80;2;1;7;7;3;4;8;5;0;3
Hirschfeldia_incana;0.1578;80;2;2;8;6;3;3;7;5;0;3
Sinapis_arvensis;2.2;100;2;1;7;5;3;5;8;6;0;3
Brassica_nigra;1.3;120;2;1;8;7;5;8;8;7;0;3
Brassica_elongata;0.77;90;3;2;9;7;7;4;8;5;0;3
Diplotaxis_tenuifolia;0.32;100;5;3;8;7;3;3;5;6;0;3
Diplotaxis_muralis;0.279;40;2;2;8;8;3;4;8;5;0;3
Eruca_sativa;1.8;100;2;1;8;6;3;4;7;6;0;3
Brassica_oleracea;3.94;100;5;3;8;7;2;5;5;8;1;0
Rapistrum_perenne;9.613;80;3;3;9;8;6;3;9;4;0;0
Raphanus_raphanistrum;21.58;70;2;1;6;5;3;5;4;6;0;3
Erucastrum_nasturtiifolium;0.4;80;2;2;8;6;2;7;8;3;0;4
Erucastrum_gallicum;0.2;60;2;2;8;6;4;4;8;4;0;3
Aethionema_saxatile;0.46;35;5;3;9;4;4;4;9;2;0;4
Thesium_alpinum;3.9;30;3;3;8;3;4;4;8;2;0;4
Thesium_linophyllon;6.6;50;4;3;8;7;5;2;8;1;0;4
Thesium_pyrenaicum;3.8002;50;3;3;8;4;4;4;4;2;0;5
Thesium_bavarum;3.59;60;4;3;7;6;4;3;8;2;0;7
Drosera_rotundifolia;0.02;25;3;3;8;4;3;9;1;1;0;1
Drosera_longifolia;0.03;30;3;3;8;4;3;9;3;2;0;1
Drosera_intermedia;0.03;15;3;3;9;5;2;9;2;2;0;1
Myricaria_germanica;0.06;250;6;3;8;4;7;8;8;3;0;7
Armeria_arenaria;0.57;40;3;3;8;8;2;3;6;2;0;4
Limonium_vulgare;1.35;40;3;3;9;6;3;6;7;5;3;2
Rumex_thyrsiflorus;0.5;90;3;3;8;7;7;3;7;4;0;3
Rumex_arifolius;1.7;120;3;3;7;3;5;6;8;6;0;7
Rumex_acetosa;0.8;90;3;3;8;5;5;5;5;6;0;4
Rumex_scutatus;1.3;50;3;3;8;5;2;4;7;3;0;4
Rumex_stenophyllus;0.7;120;3;3;8;6;8;7;8;5;1;3
Rumex_obtusifolius;1.5;120;3;3;7;5;3;6;5;9;0;3
Rumex_crispus;1.5;100;3;3;7;5;3;6;5;6;0;3
Rumex_conglomeratus;1.5;90;3;3;8;6;3;7;5;8;0;3
Rumex_sanguineus;1.13;120;3;3;4;6;2;8;7;7;0;7
Rumex_pulcher;2.1;70;3;3;8;7;3;3;7;7;0;3
Rumex_hydrolapathum;3.2;250;1;3;7;6;3;10;7;7;0;1
Rumex_palustris;0.82;70;2;2;8;7;3;9;9;8;0;3
Rumex_maritimus;0.43;50;2;1;8;7;5;9;8;9;1;3
Rumex_aquaticus;2.11;200;3;3;7;6;7;8;7;8;0;1
Oxyria_digyna;0.72;30;3;3;8;2;5;5;3;3;0;4
Polygonum_oxyspermum;3.3;100;2;2;9;6;4;7;7;8;1;2
Polygonum_aviculare;1.3;80;2;1;7;6;5;4;5;6;0;3
Polygonum_rurivagum;2.09;30;2;1;7;7;3;5;8;7;0;3
Fallopia_dumetorum;3.54;200;2;1;6;6;4;5;5;7;0;3
Fallopia_convolvulus;6.7;100;2;1;7;6;5;5;5;6;0;3
Corrigiola_litoralis;0.31;30;2;1;8;6;2;7;5;5;0;3
Herniaria_hirsuta;0.05;20;2;1;9;7;7;3;4;1;0;4
Herniaria_glabra;0.08;30;2;1;8;6;5;3;4;2;0;4
Illecebrum_verticillatum;0.06;30;2;1;8;7;2;7;3;2;0;3
Spergula_morisonii;0.2;25;2;1;9;5;4;3;1;2;0;4
Spergula_arvensis;0.4;40;2;1;6;5;3;5;3;6;0;3
Spergula_pentandra;0.14;25;2;1;9;6;4;2;6;1;0;4
Spergularia_rubra;0.07;20;2;1;7;5;5;6;3;4;0;3
Scleranthus_perennis;1.97;20;3;3;8;6;4;2;4;1;0;4
Scleranthus_polycarpos;1.9;17;3;2;9;4;3;2;3;1;0;4
Scleranthus_annuus;1.2;20;2;1;6;5;4;5;2;5;0;3
Minuartia_setacea;0.1;20;5;3;9;7;6;2;7;1;0;4
Minuartia_austriaca;0.474;20;3;3;9;2;4;5;9;2;0;4
Minuartia_sedoides;0.26;8;5;3;9;1;2;4;4;1;0;4
Minuartia_viscosa;0.0173;10;2;1;8;6;5;3;5;2;0;4
Minuartia_hybrida;0.22;20;2;1;9;7;3;3;8;3;0;4
Minuartia_verna;0.08;20;5;3;9;4;5;3;5;1;0;4
Minuartia_recurva;0.31;12;3;3;8;1;7;4;3;1;0;4
Honckenya_peploides;8.12;30;4;3;9;6;5;6;7;7;2;2
Sagina_procumbens;0.02;20;5;3;7;5;3;6;7;6;1;3
Sagina_apetala;0.01;10;2;1;8;7;2;6;4;4;0;3
Sagina_maritima;0.18;10;2;1;8;6;5;7;8;3;2;2
Sagina_saginoides;0.02;7;5;3;7;3;3;6;5;4;0;4
Sagina_nodosa;0.03;25;2;1;8;6;3;8;8;5;1;3
Saponaria_officinalis;1.7;70;3;3;7;6;3;5;7;5;0;3
Saponaria_ocymoides;3.6;20;3;3;7;4;2;3;9;2;0;4
Vaccaria_hispanica;5.9;60;2;1;7;6;7;2;9;3;0;3
Gypsophila_fastigiata;0.4;100;5;3;8;8;5;2;6;1;0;4
Gypsophila_repens;0.83;25;5;3;9;5;4;6;9;2;0;4
Gypsophila_muralis;0.03;20;2;1;8;6;5;7;3;3;0;3
Petrorhagia_prolifera;0.33;50;2;1;8;7;3;3;5;2;0;4
Petrorhagia_saxifraga;0.13;45;5;3;9;7;4;2;7;1;0;4
Dianthus_deltoides;0.2;45;5;3;8;5;4;3;3;2;0;5
Dianthus_superbus;0.4298;60;3;3;7;6;7;8;8;2;0;4
Dianthus_gratianopolitanus;1.07;30;5;3;9;7;4;2;7;1;0;4
Dianthus_sylvestris;0.42;10;3;3;6;6;4;4;4;2;0;0
Dianthus_carthusianorum;1.77;50;5;3;8;5;4;3;7;2;0;4
Dianthus_seguieri;1.69;60;3;3;7;6;4;4;3;2;0;5
Agrostemma_githago;12.1;100;2;1;7;5;5;5;5;5;0;3
Silene_pusilla;0.1;15;3;3;8;3;4;7;9;2;0;1
Lychnis_viscaria;0.07;60;3;3;7;6;4;3;4;2;0;4
Silene_armeria;0.14;60;2;1;7;7;4;4;5;2;0;4
Silene_rupestris;0.1;25;3;3;9;3;2;3;3;1;0;4
Lychnis_flos_cuculi;0.19;90;3;3;7;5;3;6;5;5;0;4
Cucubalus_baccifer;1.22;120;3;3;6;6;4;8;8;7;0;3
Silene_conica;0.34;40;2;1;9;7;4;2;5;2;0;4
Silene_noctiflora;1.1;70;2;1;7;6;4;3;8;5;0;3
Silene_dioica;0.69;90;3;3;5;5;4;6;7;8;0;0
Silene_vulgaris;1.6;70;3;3;8;5;5;4;7;4;0;0
Silene_dichotoma;1;70;2;1;7;7;4;4;5;6;0;3
Silene_nutans;0.37;70;3;3;7;5;5;3;7;3;0;7
Silene_acaulis;0.29;3;5;3;9;1;3;4;8;1;0;4
Silene_exscapa;0.2026;5;5;3;9;1;5;4;2;1;0;4
Silene_gallica;0.34;50;2;1;7;7;3;4;7;6;0;3
Silene_chlorantha;0.2976;80;3;3;7;6;8;2;8;2;0;4
Silene_otites;0.25;60;3;2;8;7;7;2;7;2;0;4
Silene_linicola;2.4;60;2;1;7;7;4;4;8;4;0;3
Moenchia_erecta;0.09;10;2;1;9;7;2;2;4;1;0;4
Holosteum_umbellatum;0.15;25;2;1;8;6;5;3;5;2;0;4
Cerastium_glomeratum;0.05;30;2;1;7;5;3;5;5;5;0;3
Cerastium_brachypetalum;0.07;30;2;1;9;7;4;3;8;2;0;4
Cerastium_latifolium;0.35;10;5;3;9;1;4;5;9;3;0;4
Cerastium_uniflorum;0.2156;10;3;3;9;1;4;5;7;3;0;4
Cerastium_semidecandrum;0.04;25;2;1;8;6;3;3;6;5;0;4
Cerastium_diffusum;0.07;25;2;1;8;6;2;4;4;2;0;4
Cerastium_pumilum;0.05;25;2;1;8;7;4;2;8;2;0;4
Cerastium_arvense;0.21;30;5;3;8;5;5;4;6;4;0;3
Cerastium_alpinum;0.28;20;5;3;9;1;2;4;6;2;0;4
Cerastium_fontanum;0.14;30;5;3;6;3;4;5;5;5;0;4
Cerastium_dubium;0.0713;40;2;1;9;6;6;8;7;5;1;3
Stellaria_longifolia;0.1;25;3;3;4;4;7;7;2;2;0;8
Stellaria_graminea;0.27;40;3;3;6;5;5;5;4;3;0;0
Stellaria_nemorum;0.26;70;3;3;4;5;4;7;5;7;0;7
Stellaria_media;0.4;40;2;1;6;5;5;4;7;8;0;3
Stellaria_holostea;2.7;50;5;3;5;6;3;5;6;5;0;7
Arenaria_serpyllifolia;0.07;20;2;1;9;5;5;4;7;5;0;0
Moehringia_trinervia;0.27;40;2;1;4;5;3;5;6;7;0;7
Moehringia_muscosa;0.2267;20;3;3;5;3;2;7;9;2;0;4
Moehringia_ciliata;0.4;13;3;3;9;2;4;5;7;2;0;4
Polycnemum_majus;0.9014;30;2;1;8;7;6;4;8;4;0;3
Polycnemum_arvense;0.8296;50;2;1;8;8;7;3;7;2;0;3
Amaranthus_albus;0.3;60;2;1;8;8;6;2;5;7;1;3
Amaranthus_blitoides;0.9;50;2;1;9;7;6;3;5;8;0;3
Amaranthus_graecizans;0.23;70;2;1;9;9;5;3;9;8;0;3
Amaranthus_blitum;0.3;80;2;1;8;7;3;4;5;8;0;3
Amaranthus_powellii;0.37;100;2;1;8;7;5;4;8;6;1;3
Amaranthus_retroflexus;0.4;100;2;1;8;7;6;4;7;7;1;3
Salicornia_europaea;0.91;40;2;1;9;6;5;8;8;4;3;2
Suaeda_maritima;0.3;50;2;1;8;6;8;8;7;7;3;2
Corispermum_leptopterum;2.705;60;2;1;8;7;5;3;7;6;0;3
Chenopodium_botrys;0.2;50;2;1;8;9;2;4;7;6;0;3
Chenopodium_bonus_henricus;1.73;70;4;3;8;5;2;5;5;9;0;3
Chenopodium_foliosum;0.6;100;2;1;8;5;8;4;7;8;0;3
Chenopodium_urbicum;0.42;90;2;1;7;7;7;4;7;7;0;3
Chenopodium_glaucum;0.23;50;2;1;8;6;7;6;5;9;1;3
Chenopodium_rubrum;0.2;100;2;1;8;5;5;6;5;9;1;3
Chenopodium_hybridum;1.69;90;2;1;7;6;7;5;8;8;0;3
Chenopodium_murale;0.6;50;2;1;8;7;6;4;8;9;0;3
Atriplex_littoralis;1.58;90;2;1;9;6;8;5;5;9;2;2
Atriplex_micrantha;1.858;120;2;1;9;6;8;5;5;6;0;3
Atriplex_patula;1.43;90;2;1;6;6;5;5;7;7;0;3
Atriplex_glabriuscula;3.05;30;2;1;9;6;4;7;7;9;1;2
Atriplex_calotheca;0.9;100;2;1;9;6;5;6;7;8;0;2
Atriplex_prostrata;2.7;90;2;1;8;6;5;6;5;9;0;3
Atriplex_hortensis;5.6;150;2;1;7;6;5;5;7;8;0;3
Atriplex_sagittata;2.656;250;2;1;9;7;7;5;7;7;0;3
Atriplex_oblongifolia;6;120;2;1;9;7;6;4;6;6;1;3
Atriplex_laciniata;21.44;60;2;1;9;6;5;7;7;8;1;2
Atriplex_rosea;2.56;100;2;1;9;6;7;5;7;7;0;3
Halimione_pedunculata;1.19;90;2;1;9;6;5;8;7;8;2;2
Chenopodium_vulvaria;0.46;30;2;1;7;7;4;4;7;9;0;3
Chenopodium_opulifolium;0.6;100;2;1;8;7;3;4;7;6;0;3
Chenopodium_strictum;0.5353;150;2;1;9;7;7;4;5;6;0;3
Chenopodium_ficifolium;0.34;90;2;1;7;7;7;6;5;7;0;3
Chenopodium_polyspermum;0.3;80;2;1;6;6;4;6;5;8;0;3
Montia_fontana;0.19;40;1;2;8;4;2;9;5;4;0;1
Claytonia_perfoliata;0.9;30;2;1;6;6;4;5;7;7;0;3
Portulaca_oleracea;0.2;30;2;1;7;8;3;4;7;7;0;3
Cornus_sanguinea;66.7;400;6;3;7;5;4;5;7;5;0;7
Cornus_mas;210;500;6;3;6;7;4;4;8;4;0;7
Cornus_suecica;32.791;25;3;3;5;4;3;7;2;2;0;8
Impatiens_parviflora;8;80;2;1;4;6;5;5;5;6;0;7
Impatiens_noli_tangere;4.98;80;2;1;4;5;5;7;7;6;0;7
Impatiens_glandulifera;10.16;250;2;1;5;7;2;8;7;7;0;3
Polemonium_caeruleum;0.98;90;3;3;6;4;5;7;8;6;0;4
Collomia_grandiflora;3.48;75;2;1;6;7;3;4;7;3;0;3
Samolus_valerandi;0.03;50;3;3;8;6;3;8;7;5;2;1
Androsace_maxima;1.1;20;2;1;7;8;7;4;7;3;0;3
Androsace_chamaejasme;0.59;7;3;3;9;2;6;5;9;2;0;4
Androsace_septentrionalis;0.17;30;2;1;8;7;7;2;5;2;0;4
Androsace_elongata;0.576;10;2;1;9;8;7;2;6;1;0;4
Androsace_obtusifolia;0.72;12;3;3;8;2;4;5;1;1;0;4
Androsace_vandellii;0.42;10;3;3;9;2;4;4;4;2;0;4
Androsace_lactea;1.0392;15;3;3;8;3;4;4;9;3;0;4
Primula_hirsuta;0.2;7;3;3;8;2;5;5;3;2;0;4
Primula_minima;0.1;5;3;3;8;2;4;5;1;1;0;4
Primula_auricula;0.23;16;3;3;8;3;4;5;8;2;0;4
Primula_farinosa;0.08;20;3;3;8;5;4;8;9;2;0;1
Primula_vulgaris;1.08;25;3;3;6;5;2;5;7;5;0;7
Primula_veris;0.83;30;3;3;7;5;3;4;8;3;0;0
Primula_elatior;0.85;25;3;3;6;5;4;6;7;7;0;0
Soldanella_montana;0.6;25;3;3;5;4;4;6;2;2;0;8
Soldanella_alpina;0.2;15;3;3;7;2;4;7;8;5;0;0
Hottonia_palustris;0.12;50;1;3;7;6;5;10;5;4;0;1
Cyclamen_purpurascens;7;10;4;3;4;6;4;5;9;5;0;7
Trientalis_europaea;0.6;25;4;3;5;5;7;5;3;2;0;8
Anagallis_foemina;0.52;20;2;1;8;7;5;4;9;5;0;3
Anagallis_arvensis;0.5;20;2;1;6;6;3;5;5;6;0;3
Lysimachia_nemorum;0.35;40;5;3;2;5;2;7;7;7;0;7
Anagallis_tenella;0.12;15;5;3;8;6;1;9;5;2;0;4
Lysimachia_punctata;0.291;120;3;3;6;7;4;7;8;4;0;4
Lysimachia_nummularia;0.179;50;5;3;4;6;4;6;5;5;0;0
Lysimachia_vulgaris;0.14;150;3;3;6;5;5;8;5;5;0;0
Lysimachia_thyrsiflora;0.328;60;1;3;7;6;7;9;5;4;0;1
Glaux_maritima;0.44;10;3;3;6;6;7;7;7;5;2;2
Moneses_uniflora;0.04;12;5;3;4;5;5;5;4;2;0;8
Pyrola_rotundifolia;0.02;40;3;3;4;5;5;6;5;3;0;8
Arctostaphylos_alpinus;200;60;5;3;7;2;5;5;5;2;0;8
Arctostaphylos_uva_ursi;18.2;150;5;3;6;3;5;3;5;2;0;8
Loiseleuria_procumbens;0.02;30;5;3;9;2;3;5;3;1;0;8
Rhodothamnus_chamaecistus;0.06;40;5;3;6;3;4;5;8;2;0;8
Rhododendron_ferrugineum;0.03;120;6;3;7;3;4;6;2;2;0;8
Erica_carnea;0.08;25;5;3;7;5;3;3;7;2;0;8
Erica_tetralix;0.02;50;5;3;8;5;1;8;1;2;0;1
Erica_cinerea;0.11;50;5;3;7;6;1;5;2;1;0;5
Calluna_vulgaris;0.03;80;5;3;8;5;3;5;1;1;0;5
Andromeda_polifolia;0.2;40;5;3;9;4;5;9;1;1;0;1
Vaccinium_uliginosum;0.3;80;5;3;6;5;5;5;1;3;0;8
Vaccinium_myrtillus;0.3;60;5;3;5;5;5;5;2;3;0;0
Vaccinium_vitis_idaea;0.3;30;5;3;5;5;5;4;2;1;0;8
Vaccinium_oxycoccos;0.45;15;5;3;7;5;3;9;5;1;0;1
Vaccinium_macrocarpon;0.82;80;5;3;7;5;3;8;1;3;0;1
Heliotropium_europaeum;1.1;40;2;1;7;8;5;4;8;6;0;3
Omphalodes_scorpioides;1.4623;40;3;2;3;6;4;6;8;7;0;7
Asperugo_procumbens;2.5;70;2;1;7;6;6;4;8;9;0;3
Myosotis_discolor;0.2;30;2;1;8;7;2;4;4;2;0;4
Myosotis_sparsiflora;0.2;40;2;1;5;6;6;6;7;7;0;3
Myosotis_stricta;0.1;20;2;1;8;6;5;3;6;2;0;4
Myosotis_ramosissima;0.24;30;2;1;9;6;5;2;7;1;0;4
Myosotis_alpestris;0.83;35;3;3;8;2;4;5;9;4;0;4
Myosotis_arvensis;0.5;60;2;2;6;6;5;5;5;6;0;3
Myosotis_sylvatica;0.65;50;3;2;6;5;3;5;5;7;0;7
Myosotis_laxa;0.175;50;2;2;7;6;3;9;4;7;0;1
Myosotis_scorpioides;0.3;80;3;3;7;5;5;8;5;5;0;4
Lappula_deflexa;2.0068;90;2;2;8;3;7;4;5;8;0;3
Lappula_squarrosa;1.3;30;2;2;8;6;6;3;7;6;0;3
Cynoglossum_officinale;28;90;3;2;8;6;5;4;7;7;0;3
Cynoglossum_germanicum;18.52;90;3;2;6;6;4;5;8;8;0;3
Onosma_arenaria;2.3492;70;3;2;7;8;6;3;8;1;0;4
Echium_vulgare;3.04;100;3;2;9;6;3;4;8;4;0;3
Cerinthe_minor;19.7;60;3;2;8;6;5;4;8;4;0;3
Cerinthe_glabra;6.29;50;3;2;7;5;4;5;8;9;0;3
Lithospermum_officinale;12.92;80;3;3;6;6;5;5;8;5;0;7
Pulmonaria_officinalis;3.64;30;3;3;5;6;5;5;8;6;0;7
Pulmonaria_obscura;7.85;30;3;3;4;5;6;6;8;7;0;7
Nonea_pulla;4.8943;50;3;3;7;6;6;3;9;2;0;4
Symphytum_asperum;4.86;160;3;3;8;6;5;5;5;8;0;3
Symphytum_tuberosum;6.24;40;4;3;4;5;4;6;7;5;0;7
Symphytum_officinale;11.13;120;3;3;7;6;3;7;5;8;0;0
Anchusa_arvensis;5.55;60;2;1;7;6;6;4;5;4;0;3
Anchusa_officinalis;3.91;100;3;3;9;7;5;3;7;5;0;3
Rubia_peregrina;28.62;120;3;3;6;9;1;4;5;3;0;0
Galium_odoratum;5.35;30;3;3;2;5;2;5;6;5;0;7
Galium_spurium;4.62;40;2;1;7;5;5;5;8;5;0;3
Galium_aparine;8.9;100;2;1;7;6;3;5;6;8;0;3
Galium_tricornutum;10.49;30;2;1;7;7;3;3;8;3;0;3
Galium_parisiense;0.2;25;2;1;8;7;3;3;5;2;0;4
Galium_saxatile;0.5;30;5;3;7;5;2;5;2;3;0;5
Galium_anisophyllon;0.7;15;3;3;9;2;4;5;8;3;0;4
Galium_verum;0.58;80;3;3;7;6;5;4;7;3;0;4
Galium_aristatum;1.2;80;4;3;5;5;4;5;6;4;0;7
Galium_sylvaticum;1.3;120;4;3;5;5;4;5;6;5;0;7
Galium_schultesii;0.5957;120;4;3;5;5;5;4;7;4;0;7
Galium_lucidum;0.84;70;3;3;7;6;4;3;8;2;0;7
Galium_glaucum;1.6;40;3;3;8;7;6;2;9;2;0;7
Asperula_cynanchica;0.731;30;3;3;7;7;5;3;8;3;0;4
Sherardia_arvensis;1.66;29;2;1;6;6;3;4;7;5;0;3
Asperula_tinctoria;2.8;80;3;3;5;6;6;4;9;3;0;0
Galium_palustre;0.91;100;3;3;6;5;3;9;5;4;0;1
Asperula_arvensis;5.34;25;2;1;7;7;3;4;9;3;0;3
Cruciata_laevipes;3.58;60;3;3;7;5;5;6;6;7;0;3
Cruciata_glabra;1.43;20;3;3;7;6;4;5;7;5;0;7
Galium_rotundifolium;1;20;3;3;2;5;2;5;5;4;0;7
Galium_boreale;0.64;50;3;3;6;6;7;6;8;2;0;4
Blackstonia_perfoliata;0.01;50;2;1;8;7;3;7;9;4;0;3
Centaurium_pulchellum;0.02;20;2;1;9;6;7;7;9;4;1;3
Centaurium_littorale;0.03;30;2;1;9;6;5;7;8;3;1;2
Centaurium_erythraea;0.01;60;2;1;8;6;5;5;6;6;0;7
Gentiana_cruciata;0.15;45;5;3;7;6;4;3;8;3;0;4
Gentiana_pneumonanthe;0.05;60;3;3;8;5;3;7;5;1;0;4
Gentiana_asclepiadea;0.122;60;3;3;7;5;4;6;7;2;0;4
Gentiana_purpurea;0.5;60;3;3;7;3;4;5;3;2;0;5
Gentiana_punctata;1.9376;60;3;3;8;2;4;5;2;2;0;5
Gentiana_lutea;1.5;150;3;3;7;3;4;5;5;2;0;0
Gentiana_utriculosa;0.06;26;2;1;8;5;4;9;9;2;0;1
Gentiana_bavarica;0.0585;20;3;3;8;2;4;6;8;2;0;4
Gentiana_verna;0.12255;20;5;3;8;5;4;4;7;2;0;4
Gentiana_nivalis;0.03;15;2;1;9;1;2;5;7;3;0;4
Gentiana_acaulis;0.3;8;3;3;8;2;4;5;2;2;0;5
Gentiana_clusii;0.44;8;3;3;9;3;4;5;9;3;0;4
Swertia_perennis;0.38;60;3;3;7;4;7;9;8;3;0;1
Gentianella_tenella;0.05;10;2;2;9;1;7;5;7;2;0;4
Gentianella_germanica;0.17;35;3;2;7;5;4;4;8;3;0;4
Gentianella_aspera;0.13;40;2;2;8;3;4;4;9;2;0;4
Gentianella_uliginosa;0.13;15;2;2;8;6;2;6;7;2;0;4
Gentianella_campestris;0.19;30;2;2;8;5;2;5;4;2;0;5
Vinca_minor;6.13;30;5;3;4;6;2;5;7;6;0;7
Vincetoxicum_hirundinaria;7.19;90;3;3;6;5;5;3;7;3;0;7
Ligustrum_vulgare;21.8;200;6;3;7;6;3;4;8;3;0;7
Fraxinus_excelsior;69.4;3000;6;3;4;5;3;5;7;7;0;7
Fraxinus_ornus;24.7;2000;6;3;5;8;4;3;8;3;0;7
Gratiola_officinalis;0.2;60;3;3;7;7;5;9;7;4;0;4
Linaria_alpina;0.3;25;4;2;9;3;4;4;8;2;0;4
Linaria_repens;0.25;50;4;3;7;6;1;4;4;6;0;4
Linaria_vulgaris;0.16;70;4;3;8;6;5;4;7;5;0;3
Kickxia_spuria;0.41;40;2;1;7;7;2;4;7;3;0;3
Kickxia_elatine;0.33;40;2;1;7;6;2;4;7;3;0;3
Cymbalaria_muralis;0.21;30;5;3;7;7;4;5;8;3;0;4
Antirrhinum_majus;0.2;70;3;3;7;7;2;5;7;6;0;4
Misopates_orontium;0.13;60;2;1;7;7;3;5;5;5;0;3
Plantago_major;0.2;40;3;3;8;5;5;5;5;6;0;3
Plantago_media;0.32;45;3;3;7;5;7;4;7;3;0;5
Plantago_coronopus;0.21;30;3;2;8;7;3;7;7;4;1;2
Plantago_maritima;0.65;60;3;3;8;6;7;7;8;5;2;2
Plantago_serpentina;0.2;60;3;3;9;6;6;4;6;2;0;4
Plantago_alpina;0.35;10;3;3;8;3;2;5;3;2;0;5
Plantago_lanceolata;1.3;50;3;3;6;5;3;5;5;5;0;4
Plantago_arenaria;1;40;2;1;8;7;5;4;7;5;0;3
Veronica_scutellata;0.19;40;3;3;8;5;3;9;3;3;0;1
Veronica_montana;0.39;50;5;3;4;5;2;7;5;6;0;7
Veronica_officinalis;0.13;40;5;3;6;5;3;4;3;4;0;0
Veronica_aphylla;0.06853;4;3;3;8;2;4;5;8;2;0;4
Veronica_urticifolia;0.11;70;5;3;3;4;4;5;7;7;0;7
Veronica_alpina;0.05;15;4;3;7;2;2;6;5;3;0;4
Veronica_beccabunga;0.14;80;1;3;7;5;3;10;7;6;0;1
Veronica_catenata;0.04;60;3;3;8;7;3;9;7;7;0;3
Veronica_anagallis_aquatica;0.04;60;3;3;7;6;3;9;7;6;0;1
Veronica_serpyllifolia;0.05;25;3;3;5;5;3;5;5;5;0;4
Veronica_fruticulosa;0.2;15;5;3;9;3;4;5;9;2;0;4
Veronica_fruticans;0.12;15;5;3;8;2;2;4;5;2;0;5
Veronica_polita;0.35;20;2;1;5;6;3;4;8;7;0;3
Veronica_persica;0.96;40;2;1;6;5;3;5;7;7;0;3
Veronica_filiformis;0.3;25;5;3;7;6;4;5;5;7;0;4
Veronica_agrestis;0.569;25;2;1;6;6;2;6;7;7;0;3
Veronica_prostrata;0.333;40;5;3;9;7;6;2;8;2;0;4
Veronica_austriaca;0.071;50;3;3;8;6;6;3;9;2;0;4
Veronica_teucrium;0.2;60;5;3;7;6;5;3;8;2;0;7
Veronica_arvensis;0.12;30;2;1;7;6;3;5;6;5;0;4
Veronica_chamaedrys;0.21;60;5;3;6;5;3;5;5;5;0;0
Veronica_verna;0.1;55;2;1;8;7;5;2;4;1;0;4
Veronica_dillenii;0.155;30;2;1;8;7;6;2;5;2;0;4
Veronica_praecox;0.18;15;2;1;8;8;5;2;8;1;0;4
Veronica_triphyllos;0.41;15;2;1;6;7;3;4;4;4;0;3
Veronica_hederifolia;4;30;2;1;6;6;3;5;7;7;0;3
Digitalis_purpurea;0.1;200;3;2;7;5;2;5;3;6;0;7
Digitalis_lutea;0.31;120;3;3;7;6;2;5;7;5;0;7
Digitalis_grandiflora;0.18;120;3;2;7;4;4;5;5;5;0;7
Globularia_nudicaulis;0.72;30;3;3;7;2;2;4;8;3;0;4
Globularia_cordifolia;0.57;10;5;3;9;3;4;4;9;2;0;4
Callitriche_hermaphroditica;0.144;30;1;3;7;6;5;10;4;3;0;1
Callitriche_palustris;0.08;25;2;1;6;5;5;10;5;4;0;1
Callitriche_cophocarpa;0.027;30;1;3;8;5;5;10;8;5;0;1
Hippuris_vulgaris;0.92;75;1;3;7;5;5;10;8;5;0;1
Verbena_officinalis;0.33;75;3;3;9;6;3;5;7;7;0;3
Teucrium_scorodonia;0.8;75;3;3;6;5;2;4;2;3;0;7
Teucrium_montanum;0.74;25;5;3;8;5;4;1;9;1;0;4
Teucrium_scordium;0.4;50;3;3;7;7;5;8;8;4;0;3
Teucrium_botrys;1.14;30;2;1;9;6;4;2;8;2;0;4
Teucrium_chamaedrys;1.3;25;5;3;7;6;4;2;8;1;0;0
Ajuga_pyramidalis;1.45;25;3;3;7;3;2;5;1;1;0;5
Ajuga_genevensis;1.35;40;3;3;8;5;5;3;7;2;0;4
Ajuga_reptans;1.4;40;3;3;6;5;2;6;6;6;0;0
Ajuga_chamaepitys;1.7;20;2;2;7;8;2;4;9;2;0;3
Thymus_praecox;0.18;25;5;3;8;6;5;3;8;1;0;4
Thymus_pannonicus;0.1703;20;5;3;8;7;4;2;8;1;0;4
Thymus_serpyllum;0.18;25;5;3;7;6;5;2;5;1;0;4
Thymus_pulegioides;0.15;40;5;3;8;5;4;4;5;1;0;5
Origanum_vulgare;0.1;80;5;3;7;5;3;3;8;3;0;7
Mentha_suaveolens;0.04;80;3;3;8;7;3;8;6;5;0;3
Mentha_longifolia;0.048;80;3;3;7;5;4;8;9;7;0;3
Mentha_arvensis;0.2;40;4;3;7;5;5;8;5;5;0;0
Mentha_aquatica;0.1;80;1;3;7;5;3;9;7;5;0;1
Mentha_pulegium;0.1;25;3;3;8;7;3;7;7;7;1;3
Acinos_arvensis;0.21;30;2;1;9;6;3;2;5;1;0;4
Acinos_alpinus;1.6;45;3;3;9;3;3;5;9;2;0;4
Clinopodium_vulgare;0.4;70;3;3;7;5;3;4;7;3;0;7
Calamintha_nepeta;0.2888;60;3;3;8;7;3;3;9;3;0;7
Salvia_glutinosa;3.4;100;3;3;4;5;4;6;7;7;0;7
Salvia_pratensis;2.5;80;3;3;8;6;4;3;8;4;0;4
Salvia_verticillata;0.9;80;3;3;9;6;6;4;7;5;0;3
Nepeta_cataria;0.55;70;3;3;8;7;3;4;7;7;0;3
Glechoma_hederacea;0.69;40;3;3;6;6;3;6;5;7;0;3
Dracocephalum_ruyschiana;2.5;60;3;3;6;5;8;4;7;2;0;7
Hyssopus_officinalis;1.3;60;5;3;8;7;6;2;7;3;0;4
Lycopus_exaltatus;0.3;160;3;3;7;6;6;9;8;8;0;7
Lycopus_europaeus;0.3;80;1;3;7;6;5;9;7;7;0;1
Horminum_pyrenaicum;0.71;45;3;3;9;2;4;5;9;2;0;4
Prunella_vulgaris;1;50;3;3;7;5;3;5;7;5;0;4
Prunella_grandiflora;1.01;40;3;3;7;5;5;3;8;3;0;4
Prunella_laciniata;1.24;30;3;3;7;7;2;3;9;2;0;4
Scutellaria_galericulata;0.75;60;3;3;7;6;5;9;7;6;0;1
Scutellaria_hastifolia;0.4412;40;3;3;7;7;6;8;7;5;0;4
Scutellaria_minor;0.825;30;3;3;7;6;2;9;2;3;0;4
Galeopsis_segetum;1.4;50;2;1;7;6;2;4;3;3;0;4
Galeopsis_ladanum;1.2;50;2;1;8;5;5;4;8;3;0;4
Galeopsis_angustifolia;1.42;50;2;1;8;7;4;2;8;4;0;4
Galeopsis_tetrahit;4.1;100;2;1;7;5;3;5;5;6;0;0
Galeopsis_bifida;3.47;80;2;1;7;5;5;5;6;6;0;0
Galeopsis_speciosa;4.08;80;2;1;7;5;6;5;5;8;0;0
Galeopsis_pubescens;4.4;50;2;1;7;5;4;5;5;6;0;3
Betonica_officinalis;1.01;75;3;3;7;6;5;4;5;3;0;4
Betonica_alopecuros;1.03;60;3;3;7;2;4;5;8;3;0;4
Melittis_melissophyllum;5.39;75;3;3;5;7;2;4;6;3;0;7
Stachys_arvensis;0.7;30;2;1;7;6;2;5;3;6;0;3
Stachys_annua;1.075;25;2;1;7;6;4;3;8;4;0;3
Stachys_sylvatica;1.4;100;3;3;4;5;3;7;7;7;0;7
Stachys_palustris;1.12;75;4;3;7;5;5;7;7;6;0;4
Stachys_recta;1.4;70;3;3;7;6;4;3;9;2;0;4
Stachys_germanica;1.4;80;3;3;7;7;4;3;8;5;0;3
Stachys_alpina;4.77;60;3;3;7;4;2;5;9;8;0;7
Leonurus_marrubiastrum;0.288;125;3;2;7;7;8;6;8;8;0;3
Ballota_nigra;0.89;80;5;3;8;6;5;5;5;8;0;3
Marrubium_vulgare;0.9;70;5;3;9;7;5;4;8;8;0;3
Lamium_album;1.7;60;3;3;7;5;3;5;5;9;0;3
Lamium_amplexicaule;0.6;30;2;1;6;6;5;4;7;7;0;3
Lamium_purpureum;0.7;40;2;1;7;5;3;5;7;7;0;3
Lamium_maculatum;1.8;75;3;3;5;5;4;6;7;8;0;3
Lamium_hybridum;1.1;25;2;1;7;6;4;5;7;7;0;3
Buddleja_davidii;0.1;250;6;3;8;7;4;4;7;4;0;0
Limosella_aquatica;0.02;5;2;1;7;6;3;8;7;3;0;3
Verbascum_thapsus;0.09;200;3;2;8;5;3;4;7;7;0;7
Verbascum_densiflorum;0.1;180;3;2;8;6;5;4;8;5;0;3
Verbascum_phlomoides;0.14;150;3;2;8;6;5;4;8;6;0;3
Verbascum_lychnitis;0.13;150;3;2;7;6;5;3;7;3;0;7
Verbascum_pulverulentum;0.17;150;3;2;8;8;4;3;9;5;0;0
Verbascum_nigrum;0.13;150;3;3;7;5;5;5;7;7;0;7
Verbascum_blattaria;0.1;120;3;2;8;7;7;3;7;6;1;3
Verbascum_phoeniceum;0.11;100;3;3;7;6;6;3;7;2;0;4
Scrophularia_nodosa;0.11;120;3;3;4;5;3;6;6;7;0;7
Scrophularia_umbrosa;0.08;150;3;3;7;6;5;10;8;7;0;3
Scrophularia_auriculata;0.12;120;3;3;8;7;1;9;6;7;0;3
Scrophularia_vernalis;0.2;80;3;2;5;6;5;5;7;7;0;3
Scrophularia_canina;0.7;60;3;3;8;8;2;4;8;3;0;4
Mimulus_guttatus;0.02;80;1;3;7;5;3;9;5;6;0;1
Utricularia_vulgaris;0.0363;100;1;3;7;6;5;10;5;4;0;1
Pinguicula_vulgaris;0.02;15;3;3;8;5;3;8;7;2;0;1
Pedicularis_palustris;0.69;60;3;2;8;5;5;9;5;2;0;1
Pedicularis_oederi;1.488;15;3;3;9;2;7;5;9;2;0;4
Pedicularis_verticillata;1.07;25;3;2;7;5;2;8;1;2;0;4
Pedicularis_rostratocapitata;1.3065;20;3;3;8;2;4;5;9;3;0;4
Pedicularis_aspleniifolia;0.4802;8;3;3;8;1;5;6;8;3;0;4
Melampyrum_sylvaticum;8.5;40;2;1;4;4;5;5;2;2;0;8
Melampyrum_pratense;5.3;50;2;1;5;5;3;5;3;2;0;0
Melampyrum_cristatum;5.74;35;2;1;7;7;5;3;8;2;0;7
Melampyrum_arvense;14.09;50;2;1;7;7;5;4;8;3;0;3
Lathraea_squamaria;0.67;30;4;3;3;5;3;6;7;6;0;7
Rhinanthus_glacialis;2.0685;50;2;1;8;4;4;5;5;2;0;5
Rhinanthus_alectorolophus;2.82;80;2;1;8;5;2;4;7;3;0;0
Rhinanthus_angustifolius;2.54;60;2;1;7;5;3;6;7;2;0;0
Rhinanthus_minor;2.51;60;2;1;7;5;3;4;5;3;0;4
Bartsia_alpina;0.28;30;4;3;8;3;3;7;7;3;0;1
Euphrasia_officinalis;0.31;40;2;1;6;5;3;5;5;4;0;4
Euphrasia_minima;0.1986;15;2;1;7;2;5;5;2;3;0;4
Euphrasia_frigida;0.21;20;2;1;7;3;3;5;3;2;0;5
Euphrasia_stricta;0.16;30;2;1;8;5;4;4;5;2;0;0
Euphrasia_nemorosa;0.18;40;2;1;8;5;3;5;4;1;0;5
Odontites_luteus;0.2;50;2;1;7;7;5;3;9;2;0;4
Odontites_vulgaris;0.2;50;2;1;6;6;3;5;7;5;0;4
Calystegia_soldanella;56.82;60;4;3;8;6;2;4;7;5;0;2
Calystegia_sepium;25.58;300;4;3;8;6;5;6;7;9;0;3
Convolvulus_arvensis;14.5;100;4;3;7;6;5;4;7;5;0;3
Cuscuta_europaea;0.47;120;2;1;5;6;5;7;5;7;0;3
Cuscuta_epilinum;0.6;100;2;1;5;7;4;5;5;5;0;3
Cuscuta_epithymum;0.41;80;2;1;5;5;5;5;5;2;0;5
Lycium_barbarum;1.8;200;6;3;9;7;5;5;7;4;0;7
Atropa_bella_donna;0.81;150;3;3;6;6;2;5;8;8;0;7
Hyoscyamus_niger;0.6;80;2;2;8;6;5;4;7;9;0;3
Physalis_alkekengi;1.6;80;3;3;5;7;5;6;8;7;0;7
Datura_stramonium;8.3;100;2;1;8;6;5;4;7;8;1;3
Solanum_dulcamara;1.44;150;6;3;7;5;5;8;5;8;0;0
Solanum_sarachoides;37.2;50;2;1;8;6;4;3;7;5;0;3
Solanum_nigrum;0.7;50;2;1;7;6;3;5;7;8;0;3
Solanum_villosum;0.74;40;2;1;8;7;3;5;7;7;0;3
Ilex_aquifolium;27;1000;6;3;4;5;2;5;4;5;0;7
Wahlenbergia_hederacea;0.03;15;5;3;6;6;1;9;4;3;0;4
Jasione_montana;0.07;35;3;2;7;6;3;3;3;2;0;4
Jasione_laevis;0.04;40;3;3;9;6;1;5;3;2;0;5
Adenophora_liliifolia;0.4;100;3;3;7;6;6;6;8;2;0;4
Campanula_rapunculus;0.03;80;3;2;7;7;2;3;7;4;0;7
Campanula_patula;0.02;60;3;2;8;6;4;5;7;5;0;4
Campanula_scheuchzeri;0.0974;25;3;3;8;2;4;5;5;3;0;0
Campanula_baumgartenii;0.1;50;3;3;7;7;4;5;6;3;0;7
Campanula_rotundifolia;0.06;40;3;3;7;5;5;4;5;2;0;0
Campanula_persicifolia;0.1;80;3;3;5;5;4;4;8;3;0;7
Legousia_speculum_veneris;0.2;40;2;1;7;7;4;4;8;3;0;3
Legousia_hybrida;0.29;25;2;1;7;7;2;4;7;3;0;3
Phyteuma_orbiculare;0.188;40;3;3;8;3;4;5;8;3;0;4
Phyteuma_hemisphaericum;0.1;15;3;3;8;2;4;5;3;1;0;4
Phyteuma_nigrum;0.13;60;3;3;7;4;4;5;5;4;0;4
Phyteuma_spicatum;0.15;60;3;3;5;5;4;5;6;5;0;7
Phyteuma_ovatum;0.18;80;3;3;7;3;4;6;7;6;0;4
Phyteuma_betonicifolium;0.038;70;3;3;8;3;4;5;2;1;0;5
Campanula_rapunculoides;0.13;80;3;3;6;6;4;4;7;4;0;7
Campanula_bononiensis;0.2;70;3;3;7;6;6;3;8;2;0;7
Campanula_glomerata;0.13;30;3;3;7;5;7;4;7;3;0;4
Campanula_cervicaria;0.053;100;3;2;6;6;5;5;8;4;0;0
Campanula_thyrsoides;0.13;50;3;2;8;2;4;5;7;4;0;4
Campanula_trachelium;0.21;100;3;3;4;5;3;6;8;8;0;7
Campanula_latifolia;0.31;120;3;3;4;5;5;6;8;8;0;7
Campanula_rhomboidalis;0.0861;70;3;3;6;3;4;5;5;7;0;4
Campanula_barbata;0.05;30;3;3;7;2;4;5;1;2;0;5
Menyanthes_trifoliata;2.4;50;1;3;8;5;5;9;5;3;0;1
Nymphoides_peltata;0.5;200;1;3;8;7;5;10;8;7;0;1
Carlina_acaulis;4.05;15;3;3;9;4;5;4;3;2;0;5
Carlina_vulgaris;1.4;60;3;2;7;5;3;4;7;3;0;4
Carlina_biebersteinii;1.23;70;3;2;7;3;4;4;7;3;0;4
Echinops_sphaerocephalus;9.06;200;3;3;8;7;6;4;8;7;0;3
Onopordum_acanthium;8.3;250;3;2;9;7;6;4;7;8;0;3
Arctium_minus;9.8;120;3;2;9;5;3;5;8;8;0;3
Arctium_lappa;11;160;3;2;9;6;4;5;7;9;0;3
Arctium_nemorosum;390.07;200;3;2;6;6;2;7;7;9;0;7
Arctium_tomentosum;9.04;100;3;2;8;5;7;5;8;9;0;3
Jurinea_cyanoides;6.3;60;3;3;7;8;6;2;7;2;0;4
Cirsium_vulgare;2.9;120;3;3;8;5;3;5;7;8;0;3
Cirsium_eriophorum;11.6;120;3;2;8;5;3;4;9;5;0;3
Cirsium_arvense;1.3;100;4;3;8;5;5;5;5;7;1;3
Cirsium_oleraceum;2.5;150;3;3;6;5;3;7;7;5;0;4
Cirsium_spinosissimum;2.9146;50;3;3;7;2;5;6;7;8;0;3
Cirsium_helenioides;1.78;120;3;3;7;4;5;8;5;6;0;4
Cirsium_rivulare;2.4;120;3;3;9;5;4;8;8;5;0;4
Cirsium_palustre;1.67;200;3;2;7;5;3;8;4;3;0;4
Cirsium_tuberosum;3.04;80;4;3;7;6;2;6;8;3;0;4
Cirsium_erisithales;2.949;120;3;3;6;5;5;5;8;2;0;0
Cirsium_acaule;4.19;10;3;3;9;5;4;3;8;2;0;4
Carduus_defloratus;2.762;100;3;3;7;5;4;4;8;4;0;4
Carduus_nutans;4.4;160;3;2;8;6;5;4;8;6;0;3
Carduus_crispus;1.75;130;3;2;7;6;5;6;7;9;0;3
Carduus_personata;1.8;120;3;3;7;4;2;8;8;8;0;0
Carduus_acanthoides;2.49;130;3;2;9;5;6;4;8;7;0;3
Serratula_tinctoria;2.38;80;4;3;6;6;5;5;7;3;0;4
Centaurea_scabiosa;6.5;100;3;3;7;5;3;3;8;3;0;4
Centaurea_montana;15.5;60;3;3;6;4;4;5;7;6;0;7
Centaurea_triumfettii;9.65;70;3;3;6;7;5;4;7;4;0;7
Centaurea_cyanus;4.1;80;2;1;7;6;5;5;5;5;0;3
Centaurea_diffusa;3.34;50;3;2;9;7;6;3;8;3;0;3
Cnicus_benedictus;18.9;60;2;1;8;8;3;4;7;6;0;3
Centaurea_nigrescens;2.611;100;3;3;8;6;6;4;6;6;0;4
Centaurea_jacea;1.06;120;3;3;7;5;5;5;5;5;0;5
Centaurea_nigra;2.4;60;3;3;8;4;2;5;3;4;0;5
Centaurea_pseudophrygia;2.7946;100;3;3;8;4;5;5;5;4;0;4
Centaurea_stenolepis;2.3;100;3;3;6;6;5;4;8;4;0;7
Centaurea_phrygia;2.1297;120;3;3;8;5;5;5;5;4;0;4
Centaurea_solstitialis;3;90;2;2;8;6;6;4;7;6;0;3
Centaurea_calcitrapa;2.3;60;3;3;8;7;3;5;5;6;0;3
Tragopogon_pratensis;5.07;70;3;2;7;5;5;5;7;6;0;4
Tragopogon_dubius;8;60;3;2;8;7;4;4;8;4;0;3
Scorzonera_hispanica;10.4;100;3;3;7;7;6;4;8;3;0;7
Scorzonera_austriaca;6;50;3;3;7;7;7;3;8;2;0;4
Scorzonera_humilis;4.07;50;3;3;7;6;5;7;5;2;0;4
Scorzonera_purpurea;0.544;70;3;3;8;7;6;2;8;2;0;4
Cichorium_intybus;5.9;100;3;3;9;6;5;4;8;5;0;3
Tolpis_staticifolia;0.1353;50;3;3;9;4;4;4;8;2;0;4
Arnoseris_minima;0.4;30;2;1;7;6;2;4;3;3;0;3
Hieracium_intybaceum;0.7;30;3;3;8;3;2;4;4;2;0;4
Hieracium_rothianum;0.1;90;3;3;9;8;6;2;8;1;0;4
Hieracium_peleterianum;0.2;25;3;3;7;8;2;3;4;2;0;0
Hieracium_pilosella;0.2;30;3;3;7;5;3;4;5;2;0;5
Hieracium_angustifolium;0.2;80;3;3;8;3;5;5;4;2;0;5
Hieracium_piloselloides;0.1;80;3;3;9;6;4;4;8;2;0;4
Hieracium_fallax;0.1;80;3;3;9;7;4;2;7;1;0;0
Hieracium_caespitosum;0.09;80;3;3;8;5;6;7;7;3;0;5
Hieracium_aurantiacum;0.106;40;3;3;8;3;5;5;4;2;0;5
Hieracium_echioides;0.2;110;3;3;8;6;6;2;6;1;0;4
Hieracium_cymosum;0.1;80;3;3;7;6;5;3;8;2;0;4
Hieracium_bauhini;0.1;80;3;3;9;7;4;3;7;1;0;4
Hieracium_lactucella;0.1;20;3;3;8;5;3;6;4;2;0;5
Hieracium_sabaudum;0.42;120;3;3;5;6;3;4;4;2;0;7
Hieracium_caesium;0.34;80;3;3;9;4;3;4;8;3;0;4
Hieracium_lachenalii;0.4;60;3;3;5;5;5;4;4;2;0;7
Hieracium_laevigatum;0.5;120;3;3;7;5;3;5;2;2;0;7
Hieracium_schmidtii;0.6;40;3;3;8;6;2;4;2;1;0;4
Hieracium_murorum;0.4;60;3;3;4;5;3;5;5;4;0;0
Hieracium_bifidum;0.5;50;3;3;8;5;3;4;8;3;0;4
Hieracium_racemosum;0.318;80;3;3;7;6;4;4;5;2;0;7
Hieracium_alpinum;0.612;15;3;3;8;2;3;5;1;1;0;5
Hieracium_umbellatum;0.53;120;3;3;6;6;5;4;4;2;0;7
Hieracium_bupleuroides;0.7;40;3;3;9;5;4;4;9;2;0;4
Hieracium_villosum;0.7;30;3;3;9;2;4;5;9;3;0;4
Hieracium_maculatum;0.39;60;3;3;5;7;4;4;5;2;0;0
Hieracium_glaucum;0.9;40;3;3;9;3;4;4;9;2;0;4
Hieracium_franconicum;0.7;30;3;3;9;5;4;2;8;1;0;4
Hieracium_piliferum;0.6222;15;3;3;9;1;4;5;1;1;0;4
Hieracium_valdepilosum;1.2;50;3;3;8;3;4;5;7;4;0;4
Lactuca_perennis;1.36;40;3;3;9;7;4;2;8;2;0;4
Mycelis_muralis;0.31;90;3;3;4;6;2;5;5;6;0;3
Cicerbita_alpina;1.1;250;3;3;6;3;2;6;6;8;0;7
Lactuca_viminea;1.2;100;3;2;6;7;5;3;7;3;0;7
Lactuca_quercina;1.39;100;2;2;5;7;5;4;8;3;0;7
Lactuca_saligna;0.57;60;2;2;9;8;5;4;8;5;1;3
Lactuca_virosa;0.9;200;2;2;7;8;2;4;7;7;0;3
Lactuca_serriola;0.58;120;2;2;9;7;7;4;5;4;0;3
Sonchus_oleraceus;0.3;80;2;2;7;6;5;4;8;8;0;3
Sonchus_asper;0.28;60;2;2;7;5;5;6;7;7;0;3
Sonchus_palustris;0.58;300;3;3;7;6;6;8;7;7;1;3
Sonchus_arvensis;0.49;120;4;3;7;5;5;5;7;5;1;3
Aposeris_foetida;2.17;20;3;3;4;4;4;5;6;5;0;7
Prenanthes_purpurea;0.28;150;3;3;4;4;4;5;5;5;0;7
Leontodon_helveticus;1.71;50;3;3;8;3;4;5;3;2;0;5
Leontodon_autumnalis;0.7;45;3;3;7;5;3;5;5;5;0;4
Picris_hieracioides;1.18;90;3;2;8;5;5;4;8;4;0;3
Picris_echioides;0.84;120;2;2;7;7;3;5;8;6;0;3
Leontodon_incanus;1.4;35;3;3;7;5;4;3;9;2;0;8
Leontodon_hispidus;1.1;40;3;3;8;5;3;5;7;6;0;5
Hypochaeris_uniflora;2.7;60;3;3;8;2;4;4;4;2;0;5
Hypochaeris_maculata;1.112;60;3;3;7;6;5;4;6;2;0;7
Hypochaeris_radicata;1.04;60;3;3;8;5;3;5;4;3;0;5
Hypochaeris_glabra;0.4;30;2;2;9;7;2;3;3;1;0;4
Taraxacum_alpinum;0.45;15;3;3;8;2;4;6;8;6;0;4
Crepis_praemorsa;0.4515;60;3;3;6;7;6;3;9;3;0;7
Lapsana_communis;0.9;100;2;1;5;6;3;5;5;7;0;3
Crepis_mollis;0.85;75;3;3;8;4;5;5;5;5;0;4
Crepis_nicaeensis;0.323;60;3;2;8;6;4;4;7;6;0;4
Crepis_tectorum;0.2583;100;2;1;8;6;7;4;5;6;0;3
Crepis_paludosa;0.57;90;3;3;7;5;3;8;8;6;0;4
Crepis_foetida;0.5;30;2;1;9;7;3;4;7;3;0;3
Crepis_conyzifolia;3.1;50;3;3;9;3;4;5;2;2;0;5
Crepis_setosa;0.112;80;2;1;9;7;4;4;7;3;0;3
Crepis_biennis;1.23;120;3;2;6;5;3;6;6;5;0;4
Crepis_aurea;0.6;30;3;3;8;2;4;5;5;7;0;4
Crepis_capillaris;0.24;60;2;2;7;6;2;5;6;4;0;4
Chondrilla_juncea;0.49;60;3;2;8;7;5;3;6;5;0;3
Chondrilla_chondrilloides;0.4;35;3;3;9;4;4;5;9;2;0;4
Doronicum_pardalianches;0.27;90;3;3;4;6;2;5;7;6;0;7
Doronicum_columnae;0.39;50;3;3;8;2;4;6;8;7;0;7
Doronicum_austriacum;1.2;100;3;3;5;3;4;6;7;7;0;7
Doronicum_glaciale;0.595;20;3;3;8;1;4;6;7;3;0;4
Petasites_hybridus;0.21;80;4;3;7;5;2;8;7;8;0;3
Petasites_albus;0.2;30;4;3;4;4;4;6;5;5;0;7
Homogyne_alpina;0.94;40;3;3;6;4;2;6;4;2;0;8
Tussilago_farfara;0.3;25;4;3;8;5;3;6;8;5;0;3
Tephroseris_palustris;0.63;100;3;2;9;6;7;9;7;7;0;3
Tephroseris_helenitis;1.2;70;3;3;8;6;2;8;5;2;0;4
Senecio_sarracenicus;0.411;150;3;3;7;7;5;9;7;8;0;3
Senecio_doronicum;0.28;60;3;3;8;2;4;5;8;3;0;4
Senecio_ovatus;1.17;150;3;3;7;5;4;5;5;8;0;7
Senecio_hercynicus;1.13;130;3;3;7;4;7;6;5;8;0;7
Senecio_vulgaris;0.22;50;2;1;7;5;5;5;5;8;0;3
Senecio_vernalis;0.2;50;2;1;7;6;6;4;7;6;1;3
Senecio_squalidus;0.2;40;2;2;8;3;4;5;7;8;0;3
Senecio_sylvaticus;0.25;90;2;1;8;6;3;5;5;8;0;7
Senecio_viscosus;0.51;50;2;1;8;6;4;3;4;4;0;4
Adenostyles_glabra;1.7;50;3;3;6;3;4;6;8;4;0;4
Senecio_abrotanifolius;0.48;30;5;3;7;3;4;4;7;2;0;8
Senecio_paludosus;0.59;180;3;3;7;6;4;9;5;6;0;1
Senecio_erucifolius;0.34;120;3;3;8;6;4;3;8;4;0;3
Senecio_erraticus;0.1598;150;3;2;8;6;2;6;5;6;0;4
Senecio_aquaticus;0.43;120;3;2;7;6;2;8;4;5;0;4
Senecio_jacobaea;0.25;90;3;2;8;5;3;4;7;5;0;4
Senecio_subalpinus;0.5;70;3;3;6;4;4;8;7;7;0;4
Senecio_alpinus;0.6;70;3;3;7;3;4;6;8;9;0;3
Calendula_arvensis;6.2;20;2;1;7;8;3;4;8;6;0;3
Gnaphalium_uliginosum;0.012;20;2;1;7;6;4;7;4;4;0;3
Gnaphalium_sylvaticum;0.04;80;3;3;8;5;3;5;4;6;0;7
Helichrysum_arenarium;0.0765;40;3;3;8;6;7;2;5;1;0;4
Leontopodium_alpinum;0.13;20;3;3;8;2;5;4;8;2;0;4
Gnaphalium_supinum;0.09;12;3;3;7;2;3;5;3;4;0;4
Filago_minima;0.03;15;2;1;9;6;3;2;4;1;0;4
Filago_gallica;0.13;30;2;1;9;8;2;2;6;1;0;4
Filago_vulgaris;0.06;40;2;1;8;7;3;3;5;2;0;4
Filago_lutescens;0.04;40;2;1;9;7;2;3;4;2;0;4
Filago_pyramidata;0.05;30;2;1;9;8;5;2;4;1;0;4
Filago_arvensis;0.015;30;2;1;8;7;5;3;4;2;0;4
Antennaria_dioica;0.05;20;3;3;7;5;5;4;3;2;0;5
Antennaria_carpatica;0.08;15;5;3;9;2;5;5;6;2;0;4
Aster_linosyris;1.34;60;3;3;8;7;5;2;8;2;0;4
Aster_tripolium;2.03;100;2;2;8;6;5;9;7;7;2;2
Bellis_perennis;0.13;15;3;3;8;5;2;5;5;6;0;4
Aster_bellidiastrum;0.2266;30;3;3;7;3;4;5;8;4;0;4
Aster_amellus;0.54;60;3;3;8;6;6;4;9;3;0;7
Aster_alpinus;1.3;20;3;3;9;2;5;5;7;2;0;4
Aster_novae_angliae;0.4;150;3;3;7;6;5;7;7;9;0;3
Aster_novi_belgii;0.3068;120;3;3;9;6;2;6;7;9;0;3
Solidago_graminifolia;0.07;150;4;3;8;6;5;7;7;7;0;3
Erigeron_annuus;0.05;130;3;2;7;6;5;6;5;8;0;3
Erigeron_uniflorus;0.18;15;3;3;9;1;6;5;5;2;0;4
Erigeron_alpinus;0.2;25;3;3;8;1;5;5;5;3;0;4
Erigeron_atticus;0.2;50;3;3;9;2;4;5;6;4;0;4
Erigeron_acris;0.1;40;3;2;9;5;7;4;8;2;0;4
Conyza_canadensis;0.07;90;2;1;8;6;5;4;5;5;0;3
Solidago_virgaurea;0.49;90;3;3;5;5;5;5;5;4;0;0
Solidago_gigantea;0.22;150;4;3;8;6;5;6;5;7;0;3
Solidago_canadensis;0.104;150;4;3;8;6;5;6;5;6;0;3
Artemisia_campestris;0.1;60;5;3;9;6;5;2;5;2;0;4
Artemisia_absinthium;0.1;120;5;3;9;6;7;4;7;8;0;3
Artemisia_rupestris;0.5;45;5;3;9;6;8;7;8;3;1;2
Artemisia_umbelliformis;0.28;25;3;3;9;2;6;3;4;2;0;4
Artemisia_pontica;0.0624;80;3;3;9;7;6;3;7;4;0;3
Artemisia_vulgaris;0.17;120;3;3;7;6;5;6;5;8;0;3
Artemisia_verlotiorum;0.1147;180;3;3;9;6;3;6;7;8;0;3
Artemisia_maritima;0.5;60;5;3;9;6;8;5;5;7;1;2
Artemisia_annua;0.03;120;2;1;9;7;7;4;7;6;0;3
Achillea_ptarmica;0.25;90;3;3;8;6;3;8;4;2;0;4
Achillea_nana;0.286;15;3;3;8;1;3;6;6;2;0;4
Achillea_atrata;0.3;30;3;3;9;2;4;5;8;3;0;4
Achillea_millefolium;0.1;45;3;3;8;5;5;4;5;5;0;4
Achillea_collina;0.14;70;3;3;9;6;6;2;7;2;0;4
Achillea_pannonica;0.145;70;3;3;7;7;6;3;6;2;0;4
Achillea_setacea;0.2;30;3;3;9;7;8;2;7;1;0;4
Achillea_nobilis;0.1;50;3;3;8;7;7;4;8;1;0;4
Matricaria_recutita;0.04;50;2;1;7;6;5;5;5;5;0;3
Matricaria_discoidea;0.1;30;2;1;8;5;3;5;7;8;0;3
Anthemis_tinctoria;0.33;60;3;3;8;6;5;2;6;4;0;3
Anthemis_austriaca;0.5912;60;2;2;8;7;6;3;9;5;0;3
Tripleurospermum_perforatum;0.3;80;2;1;7;6;3;5;6;6;0;3
Tripleurospermum_maritimum;0.29;40;3;2;9;6;3;6;7;8;2;2
Anthemis_ruthenica;0.2192;50;2;1;9;7;6;3;7;4;0;3
Anthemis_arvensis;0.64;45;2;2;7;6;5;4;6;6;0;3
Anthemis_cotula;0.42;50;2;1;7;6;3;4;5;5;0;3
Tanacetum_corymbosum;0.45;100;3;3;6;7;5;4;7;4;0;7
Tanacetum_vulgare;0.2;120;3;3;8;6;4;5;8;5;0;3
Leucanthemum_halleri;0.5;50;3;3;9;2;4;5;9;2;0;4
Leucanthemum_vulgare;0.41;60;3;3;7;5;3;4;5;3;0;4
Leucanthemopsis_alpina;0.329;15;3;3;8;2;4;7;2;2;0;4
Buphthalmum_salicifolium;0.36;70;3;3;8;5;4;4;8;3;0;0
Carpesium_cernuum;0.602;80;3;2;5;6;4;5;7;7;0;3
Telekia_speciosa;0.564;170;3;3;7;6;4;7;7;7;0;3
Inula_helenium;1.01;200;3;3;7;7;6;5;7;5;0;0
Inula_conyzae;0.24;90;3;3;6;6;2;4;7;3;0;7
Inula_britannica;0.152;80;3;2;8;6;5;7;8;5;1;3
Inula_helvetica;0.2;150;3;3;7;8;5;8;8;8;0;3
Inula_salicina;0.45;60;3;3;8;6;5;6;9;3;0;4
Inula_hirta;1.12;50;3;3;7;6;6;3;8;3;0;7
Inula_germanica;0.098;60;3;3;8;7;6;3;8;2;0;7
Inula_spiraeifolia;0.195;80;3;3;8;7;6;3;9;2;0;4
Pulicaria_dysenterica;0.07;80;3;3;8;6;3;7;7;5;0;3
Bidens_tripartita;2.1;120;2;1;8;6;5;8;5;8;0;3
Bidens_radiata;1;90;2;1;9;6;5;9;6;8;0;3
Bidens_cernua;2.9;90;2;1;8;6;5;9;7;9;0;3
Bidens_frondosa;5.2;120;2;1;7;6;5;9;7;8;0;3
Bidens_connata;2.741;80;2;1;8;7;5;9;7;9;0;3
Iva_xanthiifolia;0.7;150;2;1;9;7;8;4;7;6;0;3
Xanthium_strumarium;174.1;75;2;1;8;7;5;5;7;6;1;3
Rudbeckia_laciniata;2.5;250;4;3;7;6;5;8;7;7;0;3
Rudbeckia_hirta;0.3;120;2;2;8;7;5;4;8;5;0;3
Galinsoga_parviflora;0.22;60;2;1;7;6;3;5;5;8;0;3
Galinsoga_ciliata;0.25;60;2;1;7;6;4;4;6;7;0;3
Eupatorium_cannabinum;0.29;150;3;3;7;5;3;7;7;8;0;3
Arnica_montana;1.67;50;3;3;9;4;4;5;3;2;0;5
Hedera_helix;23.6;3000;6;3;4;5;2;5;5;5;0;7
Hydrocotyle_vulgaris;0.55;20;3;3;7;5;2;9;3;2;0;1
Astrantia_bavarica;1.7;60;3;3;7;2;4;5;8;4;0;4
Astrantia_major;2.95;50;3;3;6;4;4;6;8;5;0;0
Sanicula_europaea;3.15;35;3;3;4;5;3;5;8;6;0;7
Eryngium_campestre;1.79;50;3;3;9;7;5;3;8;3;0;4
Bupleurum_stellatum;2.94;40;3;3;8;3;5;4;3;3;0;4
Bupleurum_rotundifolium;2.74;60;2;1;8;7;4;3;9;4;0;3
Bupleurum_tenuissimum;1.55;70;2;1;9;6;4;7;8;4;1;3
Bupleurum_ranunculoides;1.55;60;3;3;9;2;5;5;9;3;0;4
Bupleurum_longifolium;2.8;150;3;3;5;5;6;4;9;5;0;0
Pleurospermum_austriacum;5.59;200;3;3;5;4;5;6;8;4;0;7
Cicuta_virosa;1.5;125;3;3;7;6;7;9;5;5;0;1
Oenanthe_aquatica;2.34;130;1;2;7;6;5;10;7;6;0;1
Oenanthe_lachenalii;0.9;60;3;3;8;7;2;8;8;7;1;3
Oenanthe_peucedanifolia;1.8;70;1;3;7;7;2;9;5;3;0;4
Oenanthe_silaifolia;1.7;60;3;3;8;6;5;8;7;5;1;4
Oenanthe_fistulosa;6.65;100;1;3;7;7;2;9;8;5;0;1
Sium_latifolium;1.77;150;1;3;7;6;4;10;7;7;0;1
Berula_erecta;0.76;60;1;3;8;6;3;10;8;6;1;1
Apium_inundatum;0.48;40;1;3;7;6;2;10;5;2;0;1
Apium_nodiflorum;0.54;80;1;3;7;8;3;10;5;6;1;1
Apium_repens;0.24;25;1;3;9;6;3;7;7;7;0;3
Orlaya_grandiflora;8.19;40;2;1;7;7;2;3;9;4;0;3
Laser_trilobum;9.49;100;3;3;7;6;4;4;9;2;0;7
Laserpitium_prutenicum;4.5;100;3;2;7;6;5;7;7;2;0;4
Laserpitium_latifolium;8.59;120;3;3;7;4;2;5;9;3;0;7
Laserpitium_siler;7.19;100;3;3;7;5;2;4;9;2;0;7
Daucus_carota;1.19;80;3;2;8;6;5;4;5;4;0;3
Turgenia_latifolia;28.7;50;2;1;8;7;5;3;9;3;0;3
Caucalis_platycarpos;15.98;40;2;1;6;6;5;4;9;4;0;3
Torilis_nodosa;2.6;40;2;1;8;6;3;4;7;6;0;3
Torilis_japonica;1.7;120;2;2;6;6;3;5;8;8;0;3
Torilis_arvensis;2.1;70;2;1;7;7;3;4;9;4;0;3
Conopodium_majus;2.58;75;4;3;8;4;2;5;4;4;0;4
Athamanta_cretensis;3.0152;60;3;3;9;3;4;4;9;2;0;4
Chaerophyllum_temulum;1.88;100;3;2;5;6;3;5;5;8;0;3
Chaerophyllum_hirsutum;3.3;120;3;3;6;3;4;8;5;7;0;4
Chaerophyllum_villarsii;4.77;120;3;3;8;3;4;6;6;8;0;7
Chaerophyllum_aureum;6.5;120;3;3;6;5;4;5;9;9;0;3
Chaerophyllum_bulbosum;1.5;150;4;2;7;6;5;7;8;8;0;3
Chaerophyllum_aromaticum;15.27;200;3;3;7;5;5;7;6;8;0;3
Scandix_pecten_veneris;16.6;30;2;1;7;7;3;3;8;4;0;3
Myrrhis_odorata;39.22;120;3;3;7;6;2;5;7;7;0;3
Anthriscus_cerefolium;2.1;40;2;1;6;7;6;5;5;8;0;3
Anthriscus_caucalis;1.17;60;2;1;8;6;2;5;6;6;0;3
Anthriscus_nitida;3.4;150;3;2;4;4;4;6;8;8;0;7
Anthriscus_sylvestris;4.16;120;3;2;7;5;5;5;5;8;0;4
Ligusticum_mutellinoides;1;30;3;3;9;1;6;5;3;1;0;4
Ligusticum_mutellina;3.5;50;3;3;7;2;4;6;5;4;0;4
Meum_athamanticum;7.25;60;3;3;8;4;2;5;3;3;0;5
Selinum_carvifolia;1.49;100;3;3;7;5;5;7;5;3;0;4
Peucedanum_carvifolia;0.8183;100;3;3;8;7;6;5;7;5;0;4
Aethusa_cynapium;1.57;80;2;1;6;6;3;5;8;6;0;3
Seseli_libanotis;1.53;120;3;2;7;5;5;3;8;2;0;7
Trinia_glauca;1.69;50;3;3;9;8;5;1;8;1;0;4
Angelica_sylvestris;2.74;200;3;3;7;5;4;8;5;4;0;4
Angelica_archangelica;3.9;200;3;3;7;6;5;9;5;9;1;3
Peucedanum_palustre;2.51;100;3;2;7;6;6;9;5;4;0;1
Peucedanum_oreoselinum;4.22;100;3;3;6;6;4;3;6;2;0;7
Peucedanum_cervaria;4.15;150;3;3;7;6;4;3;7;3;0;7
Peucedanum_ostruthium;1.5;100;3;3;6;3;2;5;7;7;0;7
Peucedanum_alsaticum;1;180;3;3;7;7;6;4;9;3;0;7
Seseli_annuum;0.6;50;3;2;8;7;5;3;9;2;0;4
Seseli_hippomarathrum;1.5;60;3;3;9;8;6;2;9;1;0;4
Peucedanum_officinale;5.4;200;3;3;7;7;5;4;8;2;0;7
Pimpinella_nigra;1.3;80;3;3;9;6;6;2;8;1;0;4
Pimpinella_alpina;2.411;30;3;3;7;3;2;5;5;4;0;7
Pimpinella_saxifraga;1.26;30;3;3;7;5;5;3;5;2;0;4
Tordylium_maximum;3.89;150;2;2;7;8;4;3;5;5;0;7
Pastinaca_sativa;4.12;100;3;2;8;6;5;4;8;5;0;3
Heracleum_sphondylium;56;150;3;2;7;5;2;5;5;8;0;4
Heracleum_austriacum;4.44;40;3;3;9;3;4;6;8;4;0;4
Heracleum_mantegazzianum;9.92;300;3;2;9;6;5;6;5;8;0;0
Ammi_majus;0.6;80;2;1;7;8;3;4;8;7;0;3
Apium_graveolens;0.4;60;3;2;9;6;2;8;7;8;1;3
Bifora_radians;9.5;40;2;1;7;7;4;3;9;5;0;3
Aegopodium_podagraria;2.2;60;4;3;5;5;3;6;7;8;0;3
Carum_verticillatum;0.89;50;3;3;7;7;1;8;4;3;0;4
Carum_carvi;2.5;60;3;3;8;4;5;5;5;6;0;4
Falcaria_vulgaris;0.9;80;3;2;7;7;6;3;9;3;0;3
Conium_maculatum;2.8;200;3;2;8;6;5;6;5;8;0;3
Bunium_bulbocastanum;1.4;75;4;3;7;7;2;4;9;4;0;3
Silaum_silaus;2.07;100;3;3;7;6;5;7;7;3;0;4
Viburnum_opulus;35;400;6;3;6;5;3;7;7;6;0;7
Viburnum_lantana;44;400;6;3;7;5;2;4;8;4;0;7
Sambucus_racemosa;2.4;400;6;3;6;4;4;5;5;8;0;7
Sambucus_nigra;18;1000;6;3;7;5;3;5;5;9;0;0
Sambucus_ebulus;14.1;200;3;3;8;6;3;5;8;7;0;3
Adoxa_moschatellina;64;15;4;3;5;5;5;6;7;8;0;7
Lonicera_periclymenum;5.42;400;6;3;6;5;2;5;3;4;0;7
Lonicera_caprifolium;190;400;6;3;7;7;4;4;8;2;0;7
Lonicera_alpigena;35;300;6;3;3;4;4;6;8;7;0;7
Lonicera_nigra;410;200;6;3;3;4;4;5;5;4;0;7
Lonicera_xylosteum;4;200;6;3;5;6;4;5;7;6;0;7
Linnaea_borealis;2;40;5;3;5;5;5;5;2;2;0;8
Scabiosa_lucida;2.1;50;3;3;9;3;4;4;8;3;0;4
Scabiosa_columbaria;1.9;60;3;3;8;5;2;3;8;3;0;4
Scabiosa_ochroleuca;1.539;60;3;3;8;7;6;3;8;2;0;4
Scabiosa_canescens;0.842;60;3;3;7;7;6;3;8;3;0;7
Dipsacus_fullonum;2.26;150;3;2;9;6;3;6;8;7;0;3
Dipsacus_laciniatus;3.49;150;3;2;7;7;5;6;8;6;0;3
Knautia_arvensis;4.24;60;3;2;7;6;3;4;5;4;0;4
Knautia_dipsacifolia;4.6;60;3;3;5;4;4;6;6;6;0;7
Succisa_pratensis;1.3;100;3;3;7;5;3;7;5;2;0;4
Succisella_inflexa;2.2;80;3;3;8;6;4;8;5;2;0;4
Valerianella_locusta;1.7;30;2;1;7;6;3;5;7;6;0;3
Valerianella_carinata;0.51;20;2;1;7;7;3;4;8;5;0;4
Valerianella_eriocarpa;0.7;20;2;1;7;7;3;4;8;3;0;3
Valerianella_dentata;1.09;30;2;1;7;6;2;4;7;5;0;4
Valerianella_rimosa;1.33;30;2;1;6;7;2;4;7;5;0;3
Centranthus_ruber;1.8;80;3;3;7;8;3;6;8;5;0;4
Valeriana_montana;1.2;50;3;3;8;2;2;5;9;2;0;4
Valeriana_tripteris;0.8887;40;3;3;7;3;2;5;8;2;0;4
Valeriana_dioica;0.55;40;3;3;7;5;2;8;5;2;0;4
Valeriana_wallrothii;0.8;80;3;3;7;5;4;4;7;4;0;7
Valeriana_officinalis;1.1;150;3;3;7;6;5;8;7;5;0;4
Valeriana_sambucifolia;0.8;150;3;3;7;6;5;8;6;5;0;4
