Grassland,Year,LDMC,[N],ANP
type,measured,(%),(mg/g),(g/m2)
mixture,2016,20.75,21.2,313.37
mixture,2016,21.69,18.01,264.18
mixture,2016,20.43,19.31,260.92
mixture,2016,20.47,20.88,263.91
mixture,2016,17.15,22.56,297.42
mixture,2016,15.06,23.01,331.28
mixture,2016,15.6,18.6,309.31
mixture,2016,17.41,22.43,314.21
mixture,2016,18.36,21.68,299.62
mixture,2016,15.98,25.13,340.05
mixture,2016,14.75,25.85,356.73
mixture,2016,16.15,25.72,350.81
mixture,2016,17.81,24.02,292.19
mixture,2016,11.42,23.92,442.88
mixture,2016,17.53,19.83,343.37
mixture,2016,11.9,18.17,343.71
mixture,2016,16.72,17.44,317.92
mixture,2016,11.47,18.97,361.54
mixture,2016,9.36,19.83,365.19
mixture,2016,15.65,16.37,278.16
mixture,2016,19.46,16.79,247.48
mixture,2016,11.03,20.58,371.11
mixture,2016,10.77,20.97,386.32
mixture,2016,14.1,21.49,325.89
mixture,2016,13.8,22.84,358.17
mixture,2016,13.55,22.64,397.61
mixture,2016,14.94,20.01,309.51
mixture,2016,20.53,17.07,245.74
mixture,2016,14.32,20.74,303.76
mixture,2016,19.07,19.29,309.62
mixture,2016,19.1,20.25,267.29
mixture,2016,22.95,19.22,211.09
mixture,2016,30.9,15.01,184.87
mixture,2016,29.64,16.65,182.17
mixture,2016,22.1,19.74,213
mixture,2016,22.28,17.44,230.29
mixture,2016,25.86,16.8,222.63
mixture,2016,13.78,21.57,364.46
mixture,2016,19.41,20.73,307.86
mixture,2016,17.09,21.26,339.37
mixture,2016,18.39,21.68,270.26
mixture,2016,18.57,21.06,244.35
mixture,2016,17.76,21.49,319.95
mixture,2016,17.31,20.3,313.48
mixture,2016,18.22,20.78,298.92
mixture,2016,27.52,16.53,225.93
mixture,2016,27.16,18.89,236.3
mixture,2016,21.47,19.08,263.29
mixture,2016,20.39,18.61,265.51
mixture,2016,21.21,19.31,241.5
mixture,2016,21.01,22.54,272.26
mixture,2016,20.67,19.26,298.92
mixture,2016,17.39,19.29,321.45
mixture,2016,26.96,18.01,196.75
mixture,2016,23.74,18.73,214.08
mixture,2016,19.26,18.28,251.57
mixture,2016,25.66,15.78,215.73
mixture,2016,11.38,15.68,341.08
mixture,2016,13.35,18.52,371.23
mixture,2016,16.36,17.4,351.28
mixture,2016,19.69,18.33,320.16
mixture,2016,17.22,20.68,352.81
mixture,2016,18.87,18.86,317.6
mixture,2016,16.78,19.89,339.94
mixture,2016,18.2,21.45,402.3
mixture,2016,24.83,17.11,212.22
mixture,2016,22.3,16.62,225.56
mixture,2016,16.74,17.57,278.9
mixture,2016,22.33,14.82,263.91
mixture,2016,19.76,15.51,326.33
mixture,2016,20.65,12.66,307.34
mixture,2016,19.93,16.87,280.59
mixture,2016,21.9,16.36,255.65
mixture,2016,19.5,14.64,291.8
mixture,2016,21.71,16.84,310.55
mixture,2016,17.01,20.26,300.93
mixture,2016,18.61,21.96,315.06
mixture,2016,19.1,19.72,302.85
mixture,2016,24.72,9.37,275.01
mixture,2016,19.65,13.51,297.12
mixture,2016,19.09,11.97,326.88
mixture,2016,16.51,14.2,299.72
mixture,2016,12.39,17.33,416.13
mixture,2016,12.66,15.34,355.18
mixture,2016,14.64,18.11,322.31
mixture,2016,16.31,15.92,284.85
mixture,2016,8.42,19.09,419.63
mixture,2016,8.53,20.69,433.49
mixture,2016,15.08,20.69,371.73
mixture,2016,18.34,20.42,362.02
mixture,2016,25.79,18.02,291.41
mixture,2016,22.74,13.77,267.11
mixture,2016,18.08,13.31,342.91
mixture,2016,14.31,16.83,312.01
mixture,2016,17.65,17.54,358.41
mixture,2016,20.34,9.36,333.51
mixture,2016,17.03,15.34,289.56
mixture,2016,13.17,14.92,378.89
mixture,2016,20.15,14.47,276.58
mixture,2016,8.91,21.04,487.88
mixture,2016,16.19,15.91,318.56
mixture,2016,9.33,17.54,422.74
mixture,2016,15.32,16.02,304.88
mixture,2016,10.96,17.12,369.74
mixture,2017,22.06,19.12,321.34
mixture,2017,25.4,17.51,255.39
mixture,2017,27.03,16.18,221.37
mixture,2017,23.92,15.89,242.15
mixture,2017,19.28,20.3,291.6
mixture,2017,19.16,19.37,327.64
mixture,2017,23.76,18.75,236.07
mixture,2017,24.45,20.02,257.45
mixture,2017,19.74,21.53,326.77
mixture,2017,20.44,22.46,304.07
mixture,2017,22.53,21.31,283.99
mixture,2017,23.4,19.1,309
mixture,2017,23.77,18,267.11
mixture,2017,21.89,18.19,325.35
mixture,2017,24.72,18.51,281.25
mixture,2017,27.21,15.88,227.99
mixture,2017,28.76,15.42,222.41
mixture,2017,18.14,16.48,312.85
mixture,2017,18.85,16.75,312.74
mixture,2017,28.81,16.09,211.58
mixture,2017,29.34,16.1,207.58
mixture,2017,19.48,19.24,311.7
mixture,2017,20.49,16.1,296.03
mixture,2017,21.27,18.04,299.82
mixture,2017,19.25,17.38,335.08
mixture,2017,19.55,19.93,351.39
mixture,2017,20.54,18.85,270.89
mixture,2017,24.61,17.58,210.73
mixture,2017,20.17,18.94,284.28
mixture,2017,26.22,17.81,244.43
mixture,2017,26.82,18.6,226.39
mixture,2017,29.62,16.16,194.53
mixture,2017,32.08,14.93,187.18
mixture,2017,20.77,17.36,299.12
mixture,2017,25.62,18.28,219.23
mixture,2017,24.91,16.02,229.83
mixture,2017,21.99,19.6,277.69
mixture,2017,25.51,19.91,265.33
mixture,2017,26.27,18.43,262.59
mixture,2017,21.86,18.3,258.58
mixture,2017,26.56,17.69,193.81
mixture,2017,21.46,18.83,272.72
mixture,2017,26.9,18.3,247.81
mixture,2017,27.03,18.24,224.88
mixture,2017,30.6,16.43,194.33
mixture,2017,31.08,15.48,194.46
mixture,2017,21.24,18.48,299.82
mixture,2017,25.28,18.23,228.14
mixture,2017,25.5,16.2,233.16
mixture,2017,21.86,18.6,290.14
mixture,2017,26.47,19.21,262.41
mixture,2017,26.33,18.43,264.8
mixture,2017,22.69,20.78,303.05
mixture,2017,35,17.59,165.92
mixture,2017,25.14,17.52,239.09
mixture,2017,24.03,16.8,245.99
mixture,2017,26.55,15.98,234.41
mixture,2017,20,16.98,310.45
mixture,2017,21.23,17.32,331.28
mixture,2017,25.07,17.92,277.51
mixture,2017,26.42,18.52,262.59
mixture,2017,25.67,18.14,300.43
mixture,2017,26.9,16.95,246.24
mixture,2017,22.97,19.61,325.02
mixture,2017,23.51,20.29,379.78
mixture,2017,25.19,20.18,231.99
mixture,2017,22.01,19.32,249.14
mixture,2017,16.43,21.07,352.69
mixture,2017,22.45,19.77,269.9
mixture,2017,19.93,23.76,331.06
mixture,2017,21.67,24.03,310.34
mixture,2017,26.57,19.77,225.48
mixture,2017,26.36,18.74,216.02
mixture,2017,23.24,18.72,254.45
mixture,2017,30.82,16.84,194.2
mixture,2017,28.82,16.13,191.68
mixture,2017,29.82,17.68,209.05
mixture,2017,30.16,17.18,197.08
mixture,2017,21.95,19.61,288.3
mixture,2017,17.67,19.12,302.85
mixture,2017,21.39,18.52,264.53
mixture,2017,19.02,18.53,275.01
mixture,2017,19.68,19.95,316.01
mixture,2017,21.23,19.06,241.66
mixture,2017,15.76,20.06,349.99
mixture,2017,22.9,17.73,231.76
mixture,2017,15.54,18.14,320.05
mixture,2017,16.09,20.89,384.77
mixture,2017,22.22,20.02,316.11
mixture,2017,22.68,21.65,326.77
mixture,2017,23.67,17.57,271.44
mixture,2017,22.86,16.99,264.35
mixture,2017,21.98,19.24,239.73
mixture,2017,18.68,19.66,324.48
mixture,2017,18.7,22.23,345.21
mixture,2017,18.94,23.21,359.25
mixture,2017,25.83,18.04,204.34
mixture,2017,25.09,16.2,222.63
mixture,2017,28.04,15.44,192.65
mixture,2017,20.26,18.99,266.31
mixture,2017,24.46,17.41,209.47
mixture,2017,20.42,17.07,246.98
mixture,2017,23.97,17.66,234.73
mixture,2017,21.06,19.02,255.56
mixture,2018,26.65,17.86,268.82
mixture,2018,26.88,15.53,246.65
mixture,2018,21.42,18.55,313.06
mixture,2018,24.82,12.46,300.12
mixture,2018,23.19,17.02,294.35
mixture,2018,24.9,18.32,254.88
mixture,2018,23.93,20.06,223.38
mixture,2018,23.99,17.48,265.24
mixture,2018,22.24,15.77,343.83
mixture,2018,22.67,20.23,331.73
mixture,2018,23.29,19.38,314.84
mixture,2018,22.8,19.66,337.67
mixture,2018,21.91,18.03,324.59
mixture,2018,21.45,20.08,372.85
mixture,2018,23.99,14.29,314.84
mixture,2018,26.63,19.6,304.58
mixture,2018,26.9,18.17,286.47
mixture,2018,25.25,17.18,258.75
mixture,2018,28.1,16.61,271.53
mixture,2018,28.26,15.72,274.09
mixture,2018,26.77,16.02,271.35
mixture,2018,25.31,17.23,275.1
mixture,2018,25.26,16.15,297.42
mixture,2018,27.88,16.97,237.33
mixture,2018,27.54,21.3,242.31
mixture,2018,26.77,17.73,265.33
mixture,2018,28.04,14.1,227.38
mixture,2018,30.02,12.93,212.58
mixture,2018,25.74,12.27,261.36
mixture,2018,26.42,14.67,300.43
mixture,2018,27.85,15.2,276.58
mixture,2018,28.63,13.38,234.88
mixture,2018,31.97,10.29,214.22
mixture,2018,31.11,12.88,204.14
mixture,2018,30.06,15.21,221.29
mixture,2018,32.45,14.64,191.62
mixture,2018,30.42,14.17,207.1
mixture,2018,27.69,17.1,281.15
mixture,2018,27.65,16.81,280.87
mixture,2018,29.53,14,233.31
mixture,2018,27.57,14.17,275.93
mixture,2018,31.79,15.26,197.28
mixture,2018,30.2,14.47,211.37
mixture,2018,29.02,14.11,269.81
mixture,2018,29.98,14.54,257.45
mixture,2018,30.28,14.78,225.33
mixture,2018,32.04,14.97,213.22
mixture,2018,28.81,15.75,250.98
mixture,2018,31.55,16.08,227
mixture,2018,33.87,15.73,197.55
mixture,2018,28.83,16.2,247.89
mixture,2018,31.05,14.97,241.58
mixture,2018,33.83,16.27,195.57
mixture,2018,34.37,14.71,204.14
mixture,2018,33.88,15.42,200.68
mixture,2018,34.61,15.09,193.49
mixture,2018,28.62,13.77,258.75
mixture,2018,30.35,14.82,221
mixture,2018,28.78,14.06,256.25
mixture,2018,32.01,13.84,244.68
mixture,2018,34.29,11.6,216.24
mixture,2018,36.49,14.65,190.21
mixture,2018,34.27,13.78,216.82
mixture,2018,32.88,12.95,215.01
mixture,2018,30.88,13.53,240.78
mixture,2018,31.16,14.74,250.31
mixture,2018,34.92,14.68,221
mixture,2018,39.16,14.81,176.29
mixture,2018,30.47,15.6,236.22
mixture,2018,33.85,15.2,240.78
mixture,2018,32.43,16.29,258.32
mixture,2018,32.79,15.01,238.13
mixture,2018,30.43,13.05,253.94
mixture,2018,29.12,15.21,276.3
mixture,2018,31.88,15.54,246.07
mixture,2018,32.97,13.76,229.98
mixture,2018,31.03,14.94,261.62
mixture,2018,32.36,12.89,256.51
mixture,2018,31.84,17.35,231.29
mixture,2018,30.74,15.6,242.07
mixture,2018,33.06,16.21,221.59
mixture,2018,30.7,14.94,228.29
mixture,2018,28.87,17.85,280.78
mixture,2018,25.32,16.63,362.39
mixture,2018,31.24,13.89,226.24
mixture,2018,29.61,18.24,246.65
mixture,2018,30.79,14.8,229.83
mixture,2018,28.75,18.6,259.88
mixture,2018,31.93,13.23,248.64
mixture,2018,25.74,18.63,272.72
mixture,2018,27.89,18.48,266.66
mixture,2018,30.05,11.24,258.84
mixture,2018,27.81,13.07,269.9
mixture,2018,30.84,15.97,215.8
mixture,2018,28.09,10.04,280.59
mixture,2018,29.43,14.5,242.88
mixture,2018,29.26,14.36,249.81
mixture,2018,28.92,13.18,254.96
mixture,2018,30.65,14.52,218.49
mixture,2018,25.46,12.72,321.56
mixture,2018,31.53,13.64,212.72
mixture,2018,24.95,15.97,273.54
mixture,2018,33.21,11.99,207.44
mixture,2018,30.72,12.78,250.06
mixture,2019,21.05,15.83,327.31
mixture,2019,23.91,14.55,284.56
mixture,2019,26.05,12.12,249.98
mixture,2019,22.73,13.19,262.5
mixture,2019,18.21,13.86,292.78
mixture,2019,16.89,11.5,432.91
mixture,2019,18.93,12.36,334.74
mixture,2019,21.29,10.29,307.04
mixture,2019,20,13.44,312.01
mixture,2019,18.24,15.51,348.35
mixture,2019,17.89,16.92,373.35
mixture,2019,22.1,13.09,291.7
mixture,2019,20.27,11.6,312.53
mixture,2019,16.97,21.72,612.83
mixture,2019,23.91,15.22,347.77
mixture,2019,27,11.38,326.99
mixture,2019,26.06,12.46,328.08
mixture,2019,23.94,13.81,360.57
mixture,2019,25.07,13.79,344.17
mixture,2019,27.04,11.69,297.62
mixture,2019,30.8,13.69,250.06
mixture,2019,20.87,14.24,427.15
mixture,2019,21.99,13.51,405.68
mixture,2019,22.64,12.72,363.97
mixture,2019,21.59,14.21,405.41
mixture,2019,20.92,16.51,425.72
mixture,2019,21.85,18.38,313.9
mixture,2019,21.71,18.46,318.13
mixture,2019,18.93,19.87,387.49
mixture,2019,23.65,15.19,288.5
mixture,2019,24.66,13.39,288.01
mixture,2019,33.93,12.95,184.38
mixture,2019,43.08,11.12,138.38
mixture,2019,30.16,14.62,202.3
mixture,2019,28.49,12.4,226.77
mixture,2019,34.27,11.73,167.71
mixture,2019,27.3,15.27,191.04
mixture,2019,23.14,17.75,345.68
mixture,2019,23.02,16.17,317.07
mixture,2019,23.34,17.96,375.61
mixture,2019,21.42,20.97,440.51
mixture,2019,26.32,17.86,269.72
mixture,2019,20.94,18.27,372.35
mixture,2019,26.45,14.05,308.79
mixture,2019,26.47,15.32,316.96
mixture,2019,26.29,17.91,272.44
mixture,2019,27.49,16.36,251.07
mixture,2019,27.6,16.29,280.78
mixture,2019,27.16,17.05,259.79
mixture,2019,26.81,16.82,225.18
mixture,2019,22.32,19.22,296.83
mixture,2019,28.03,15.05,255.31
mixture,2019,15.62,24.42,560.05
mixture,2019,23.72,17.83,288.3
mixture,2019,22.26,18.26,325.24
mixture,2019,22.99,16.86,327.31
mixture,2019,22.4,18.38,345.1
mixture,2019,19.68,19.35,350.81
mixture,2019,19.48,20.84,373.35
mixture,2019,26.82,14.65,288.88
mixture,2019,27.48,15.53,266.84
mixture,2019,26.77,15.1,295.73
mixture,2019,29.43,15.17,256.51
mixture,2019,28.48,14.36,256.33
mixture,2019,25.79,15.63,323.83
mixture,2019,26.35,16.97,297.02
mixture,2019,35.31,14.03,189.7
mixture,2019,36.36,15.43,195.7
mixture,2019,22.9,16.2,295.93
mixture,2019,27.7,19.08,265.33
mixture,2019,24.16,18.16,332.84
mixture,2019,27.37,16.4,252.67
mixture,2019,24.15,17.98,314.42
mixture,2019,22.3,19.52,373.98
mixture,2019,28.43,14.26,257.71
mixture,2019,26.78,13.61,276.67
mixture,2019,27.35,14.27,288.59
mixture,2019,31.05,14.94,229.75
mixture,2019,25.58,16.46,250.23
mixture,2019,26.58,17.11,244.59
mixture,2019,26.41,17.46,234.88
mixture,2019,24.21,17.19,255.82
mixture,2019,20.94,21.35,386.45
mixture,2019,20.43,22.36,372.6
mixture,2019,27.58,17.83,231.99
mixture,2019,25.99,18.43,244.27
mixture,2019,26.99,17.47,250.48
mixture,2019,21.33,19.5,328.74
mixture,2019,22.3,21.56,337.44
mixture,2019,18.08,17.9,385.42
mixture,2019,22.7,17.77,287.15
mixture,2019,25.78,15.44,244.1
mixture,2019,22.52,19.04,286.09
mixture,2019,20.16,22.92,405.14
mixture,2019,28.56,15.41,226.62
mixture,2019,26.53,17.59,242.72
mixture,2019,27.45,16.65,239.09
mixture,2019,23.99,21.39,322.74
mixture,2019,22.98,20.67,294.35
mixture,2019,23.82,19.96,309.72
mixture,2019,27.92,17.17,220.92
mixture,2019,20.1,20.18,316.54
mixture,2019,29.81,16.64,214.51
mixture,2019,29.34,16.58,230.44
mixture,2020,20.9,18.07,293.17
mixture,2020,23.2,16.24,270.08
mixture,2020,23.13,18.81,298.72
mixture,2020,22.17,14.44,276.67
mixture,2020,21.56,16.15,285.61
mixture,2020,23.95,19,267.47
mixture,2020,20.84,20.04,258.75
mixture,2020,22.79,17.66,257.19
mixture,2020,21.95,14.14,290.73
mixture,2020,23.13,16.79,266.84
mixture,2020,23.36,18.2,269.63
mixture,2020,23.35,16.1,266.31
mixture,2020,22.78,9.2,279.09
mixture,2020,17.05,22.35,476.73
mixture,2020,22.29,18.01,260.05
mixture,2020,28.47,15.41,204.48
mixture,2020,28.05,15.14,211.65
mixture,2020,27.55,14.69,226.46
mixture,2020,26.39,16.66,246.9
mixture,2020,28.01,14.54,211.65
mixture,2020,29.61,14.68,199.14
mixture,2020,25.92,14.97,225.93
mixture,2020,25.21,16.83,246.65
mixture,2020,25.76,16.42,230.75
mixture,2020,25.15,16.25,242.56
mixture,2020,23.4,16.78,281.06
mixture,2020,22.57,17.44,365.07
mixture,2020,25.33,15.64,310.34
mixture,2020,20.77,19.19,544.15
mixture,2020,26.5,16.3,304.37
mixture,2020,27.06,13.6,266.84
mixture,2020,30.46,12.88,228.6
mixture,2020,29.3,16.54,230.52
mixture,2020,22.63,17.21,278.62
mixture,2020,25.83,14.46,257.37
mixture,2020,27.83,15.22,233.16
mixture,2020,20.58,15.97,314.11
mixture,2020,23.46,17.31,354.23
mixture,2020,23.4,18.33,292.48
mixture,2020,19.83,20.69,461.5
mixture,2020,20.82,19.89,360.45
mixture,2020,29.06,13.49,222.41
mixture,2020,28.07,16.58,240.21
mixture,2020,29.58,15.78,238.85
mixture,2020,31.46,14.02,231.37
mixture,2020,21.86,11.73,279
mixture,2020,22.47,13.04,279.84
mixture,2020,26.99,13.79,254.62
mixture,2020,25.57,9.84,256.51
mixture,2020,25.96,8.6,245.09
mixture,2020,22.5,13.56,298.32
mixture,2020,27.61,15.76,264
mixture,2020,17.46,26.47,422.03
mixture,2020,22.57,19.22,328.19
mixture,2020,21.69,17.62,331.95
mixture,2020,23.63,16.34,303.15
mixture,2020,25.86,17.17,262.06
mixture,2020,20.31,21.89,339.37
mixture,2020,21.38,20.39,329.96
mixture,2020,32.14,15.37,222.7
mixture,2020,29.83,14.72,237.81
mixture,2020,30.21,15.83,236.46
mixture,2020,29.35,16.72,249.98
mixture,2020,27.26,16.35,265.77
mixture,2020,26.79,17.42,280.12
mixture,2020,22.41,16.51,322.96
mixture,2020,23.99,17.74,304.58
mixture,2020,19.79,22.07,410.32
mixture,2020,21.1,19.74,377.12
mixture,2020,21.12,17.56,370.36
mixture,2020,21.2,20.4,386.45
mixture,2020,28.42,14.45,240.37
mixture,2020,24.87,17.45,283.23
mixture,2020,21.05,18.64,338.46
mixture,2020,31.59,16.76,213.79
mixture,2020,30.52,15.24,226.54
mixture,2020,30.15,17.23,233.47
mixture,2020,29.36,16.38,236.86
mixture,2020,20.97,20.6,370.73
mixture,2020,21.5,21.01,362.75
mixture,2020,21.13,20.24,358.65
mixture,2020,21.74,19.25,330.84
mixture,2020,23.56,19,311.28
mixture,2020,21.96,21.45,352.93
mixture,2020,25.52,17.57,265.24
mixture,2020,22.65,18.01,310.24
mixture,2020,21.59,20.44,348.58
mixture,2020,20.43,22.5,351.98
mixture,2020,20.83,24.66,360.57
mixture,2020,21.86,19.54,299.82
mixture,2020,22.19,17.93,288.59
mixture,2020,23.66,17.65,337.55
mixture,2020,22.94,19.19,335.86
mixture,2020,22.14,19.99,375.98
mixture,2020,21.82,20.69,341.76
mixture,2020,21.48,19.09,362.15
mixture,2020,23.09,19.25,328.74
mixture,2020,21.15,21.45,374.48
mixture,2020,23.49,18.39,302.65
mixture,2020,22.43,19.77,346.6
mixture,2020,25.78,15.57,279.28
mixture,2020,21.29,23.97,358.65
mixture,2020,27.74,17.02,247.31
mixture,2020,24.28,20.84,314.84
mixture,2021,25.41,11.51,315.69
mixture,2021,29.58,11.89,258.14
mixture,2021,33.02,13.43,214.94
mixture,2021,29.77,12.18,231.99
mixture,2021,27.38,14.04,266.84
mixture,2021,25.56,11.78,320.59
mixture,2021,28.48,15.16,254.96
mixture,2021,29.69,13.52,241.18
mixture,2021,29.61,14.79,255.99
mixture,2021,26.4,16.66,295.54
mixture,2021,24.13,16.83,328.41
mixture,2021,27.88,15.99,268.28
mixture,2021,28.55,15.68,272.81
mixture,2021,n/a,n/a,n/a
mixture,2021,31.93,12.34,183.88
mixture,2021,33.26,12.53,175.05
mixture,2021,35.83,11.91,169.12
mixture,2021,36.47,12.59,146.78
mixture,2021,35.37,11.5,160.73
mixture,2021,37.13,11.9,153.67
mixture,2021,40.32,10.25,134.59
mixture,2021,33.53,12.71,167.93
mixture,2021,35.49,12.07,170.54
mixture,2021,34.99,11.9,162.08
mixture,2021,33.49,13.88,174.88
mixture,2021,34.77,12.25,184.69
mixture,2021,32.4,12.8,178.07
mixture,2021,35.71,10.79,173.54
mixture,2021,32.59,10.92,186.36
mixture,2021,33.48,12.49,177.41
mixture,2021,34.68,13.73,170.71
mixture,2021,41.5,11.11,142.76
mixture,2021,43.35,10.58,136.04
mixture,2021,36.34,13.16,167.37
mixture,2021,34.43,13.99,183.82
mixture,2021,41.21,12.33,144.35
mixture,2021,33.53,15.84,186.11
mixture,2021,32.32,16.5,205.78
mixture,2021,32.92,15.05,190.91
mixture,2021,35.18,12.78,138.2
mixture,2021,35.81,11.83,136.68
mixture,2021,33.61,12.16,140.3
mixture,2021,30.4,15.27,165.09
mixture,2021,33.5,11.39,153.47
mixture,2021,36.68,10.91,155.22
mixture,2021,32.76,14.29,159.39
mixture,2021,31.91,13.28,166.31
mixture,2021,34.41,12.44,162.95
mixture,2021,35.81,14.74,150.01
mixture,2021,34.49,12.53,150.21
mixture,2021,30.54,15.2,180.89
mixture,2021,37.13,11.75,155.43
mixture,2021,n/a,n/a,n/a
mixture,2021,36.37,9.9,144.25
mixture,2021,35.27,13.1,149.46
mixture,2021,30.93,14.3,174.7
mixture,2021,35.26,11.21,161.43
mixture,2021,37.19,10.63,163.22
mixture,2021,34.78,13.02,168.38
mixture,2021,32.31,15.21,179.99
mixture,2021,35.22,11.34,173.65
mixture,2021,37.88,12.06,156.9
mixture,2021,36.37,12.32,161.16
mixture,2021,32.1,12.2,190.78
mixture,2021,38.17,11.2,164.92
mixture,2021,37.18,12.8,170.25
mixture,2021,36.04,12.05,192.97
mixture,2021,37.79,9.54,174.58
mixture,2021,35.48,11.29,173.77
mixture,2021,35.03,11.7,196.16
mixture,2021,33.73,11.89,217.25
mixture,2021,38.71,11.37,172.26
mixture,2021,35.69,11.73,175.99
mixture,2021,36.54,11.89,172.09
mixture,2021,37.64,11.17,192.71
mixture,2021,35.91,11.89,203.73
mixture,2021,35.5,11.75,219.74
mixture,2021,38.98,13.02,179.75
mixture,2021,32.47,10.26,235.2
mixture,2021,34.27,11.46,216.24
mixture,2021,n/a,n/a,n/a
mixture,2021,35.54,11.35,196.88
mixture,2021,37.66,10.83,191.55
mixture,2021,36.66,11.11,201.76
mixture,2021,35.92,11.75,198.94
mixture,2021,35.98,10.39,190.02
mixture,2021,35.87,12.19,193.36
mixture,2021,27.81,15.34,308.58
mixture,2021,32.7,13.39,237.57
mixture,2021,28.34,14.46,305.19
mixture,2021,30.44,12.8,277.78
mixture,2021,35.45,11.99,188.18
mixture,2021,33.22,12.17,207.86
mixture,2021,36.39,13.22,209.47
mixture,2021,33.33,10.77,214.15
mixture,2021,36.15,11.54,199.54
mixture,2021,36.91,11.78,190.53
mixture,2021,36.02,11.37,189.26
mixture,2021,37.31,11.3,188.5
mixture,2021,34.15,12.46,215.44
mixture,2021,38.17,11.81,186.43
mixture,2021,32.92,13.91,240.86
mixture,2021,37.16,12.1,199.41
mixture,2021,36.93,11.67,201.89
switchgrass,2016,23.63,22.51,335.3
switchgrass,2016,24.15,23.14,315.9
switchgrass,2016,26.03,22.56,281.81
switchgrass,2016,27.02,22.33,256.51
switchgrass,2016,26.15,21.49,246.65
switchgrass,2016,25.89,21.33,250.4
switchgrass,2016,24.9,20.05,269.63
switchgrass,2016,26.31,20.83,246.57
switchgrass,2016,24.67,23.54,255.48
switchgrass,2016,24.75,22.76,254.54
switchgrass,2016,26.37,23.57,269.72
switchgrass,2016,27.65,20.89,238.53
switchgrass,2016,27.46,20.21,242.31
switchgrass,2016,26.49,24.6,300.83
switchgrass,2016,26.83,22.76,253.94
switchgrass,2016,28.25,23.08,287.24
switchgrass,2016,27.57,21.38,284.94
switchgrass,2016,25.64,25.45,320.16
switchgrass,2016,28.25,21.28,258.66
switchgrass,2016,28.37,22.64,251.74
switchgrass,2016,26.91,24.21,252.75
switchgrass,2016,26.58,23.96,265.51
switchgrass,2016,28.29,21.48,239.73
switchgrass,2016,25.53,24.21,245.09
switchgrass,2016,26.88,22.43,243.12
switchgrass,2016,28.57,19.57,238.45
switchgrass,2016,23.3,23.4,240.29
switchgrass,2016,26.48,22.59,244.02
switchgrass,2016,23.1,22.21,256.68
switchgrass,2016,22.99,23.07,291.02
switchgrass,2016,30.73,19.84,236.7
switchgrass,2016,27.77,22.71,268.1
switchgrass,2016,31.78,18.58,212.29
switchgrass,2016,33.16,16.77,204.48
switchgrass,2016,25.44,22.53,291.31
switchgrass,2016,26.45,20.6,261.97
switchgrass,2016,32.79,17.33,208.07
switchgrass,2016,26.65,24.89,274.09
switchgrass,2016,29.64,21.14,239.97
switchgrass,2016,39.19,17.3,143.57
switchgrass,2016,33.85,19.76,175.4
switchgrass,2016,34.55,18.99,165.26
switchgrass,2016,30.02,19.98,191.55
switchgrass,2016,28.51,21.84,209.12
switchgrass,2016,30.07,21.29,199.81
switchgrass,2016,24.85,22.82,317.92
switchgrass,2016,28.27,22.29,244.27
switchgrass,2016,27.14,23.68,272.35
switchgrass,2016,26.55,25.73,274.46
switchgrass,2016,29.78,23.64,244.68
switchgrass,2016,28.02,23.07,233.55
switchgrass,2016,29.13,23.16,230.52
switchgrass,2016,27.77,23,281.91
switchgrass,2016,27.37,24.39,350.22
switchgrass,2016,30.27,20.5,228.83
switchgrass,2016,26.91,22.35,308.07
switchgrass,2016,32.48,20.25,186.49
switchgrass,2016,25.52,21.04,261.01
switchgrass,2016,24.41,22.48,322.85
switchgrass,2016,29.2,20.18,285.71
switchgrass,2016,29.2,21.02,255.99
switchgrass,2016,27.55,25.45,328.08
switchgrass,2016,30.53,22.08,247.98
switchgrass,2016,27.44,23.35,271.17
switchgrass,2016,26.8,24.23,278.53
switchgrass,2016,27.31,23.57,280.03
switchgrass,2016,28.85,20.47,253.94
switchgrass,2016,25.03,24.97,349.75
switchgrass,2016,29.22,22.51,258.23
switchgrass,2016,25.37,25.05,353.64
switchgrass,2016,24.12,23.91,348.58
switchgrass,2016,29.17,21.62,232.53
switchgrass,2016,25.09,25.17,334.52
switchgrass,2016,24.3,23.85,288.98
switchgrass,2016,26.46,27.75,408.68
switchgrass,2016,30.56,22.7,249.39
switchgrass,2016,30.39,21.57,245.33
switchgrass,2016,27.42,26.12,290.43
switchgrass,2016,24.68,23.97,359.25
switchgrass,2016,23.61,23.52,303.36
switchgrass,2016,25.22,22.77,312.01
switchgrass,2016,25.13,23.32,375.61
switchgrass,2016,23.82,23.37,318.13
switchgrass,2016,24.98,22.52,261.89
switchgrass,2016,21.68,24.86,374.98
switchgrass,2016,17.76,26.78,390.75
switchgrass,2016,13.07,26.62,487.71
switchgrass,2016,23.27,22.99,280.4
switchgrass,2016,23.53,23.11,277.23
switchgrass,2016,27.08,20.72,312.95
switchgrass,2016,32,17.9,245
switchgrass,2016,27.48,23.95,353.99
switchgrass,2016,24.12,24.38,397.34
switchgrass,2016,25.41,24.11,315.79
switchgrass,2016,29.22,20.76,269.18
switchgrass,2016,26.32,23.51,312.85
switchgrass,2016,26.26,22.44,290.05
switchgrass,2016,24.07,22.83,325.13
switchgrass,2016,26.02,21.12,320.48
switchgrass,2016,30.89,20.34,225.71
switchgrass,2016,27.78,22.39,319.09
switchgrass,2016,22.28,24.55,353.99
switchgrass,2016,25.17,24.69,329.51
switchgrass,2016,27.6,22.59,274.73
switchgrass,2017,27,22.48,279
switchgrass,2017,26.05,23.14,303.87
switchgrass,2017,25.7,22.16,290.24
switchgrass,2017,25.44,20.36,280.59
switchgrass,2017,23.47,21.33,320.48
switchgrass,2017,27.34,20.04,249.64
switchgrass,2017,22.69,22.84,318.34
switchgrass,2017,22.52,21.56,312.12
switchgrass,2017,21.59,22.75,329.18
switchgrass,2017,21.62,21.73,342.22
switchgrass,2017,20.07,23.17,403.11
switchgrass,2017,24.38,18.83,309.62
switchgrass,2017,22.99,21.97,339.48
switchgrass,2017,43.44,14.61,134.63
switchgrass,2017,29.74,19.34,229.9
switchgrass,2017,28.72,19.65,228.06
switchgrass,2017,32.35,17.98,191.42
switchgrass,2017,25.42,19.94,251.4
switchgrass,2017,28.91,19.03,217.69
switchgrass,2017,29.77,17.75,211.3
switchgrass,2017,33.76,17.61,177.53
switchgrass,2017,30.75,17.76,189.26
switchgrass,2017,29.42,17.89,207.72
switchgrass,2017,30.29,18.59,197.21
switchgrass,2017,29.07,17.82,211.3
switchgrass,2017,22.7,18.48,273.36
switchgrass,2017,33.61,18.38,158.27
switchgrass,2017,21.41,20.71,300.02
switchgrass,2017,32.47,16.81,165.31
switchgrass,2017,23.74,21.37,266.49
switchgrass,2017,31.22,17.68,197.21
switchgrass,2017,30.47,18.43,205.16
switchgrass,2017,32.13,17.46,189.32
switchgrass,2017,31.52,16.9,201.89
switchgrass,2017,35.05,16.66,169.63
switchgrass,2017,30.45,18.55,198.81
switchgrass,2017,27.79,18.42,237.73
switchgrass,2017,29.92,18.84,205.03
switchgrass,2017,30.87,18.2,199.47
switchgrass,2017,33.95,19.35,163.49
switchgrass,2017,21.3,19.17,316.43
switchgrass,2017,34.14,16.27,160.73
switchgrass,2017,25.43,19.38,262.41
switchgrass,2017,31.06,18.62,207.93
switchgrass,2017,30.84,18.96,211.58
switchgrass,2017,32.09,16.91,200.28
switchgrass,2017,30.28,17.05,218.13
switchgrass,2017,37.38,16,161.37
switchgrass,2017,30.26,18.04,206.47
switchgrass,2017,28.11,18.32,238.93
switchgrass,2017,31.13,18.3,210.59
switchgrass,2017,30.98,18.22,211.23
switchgrass,2017,30.9,19.29,215.37
switchgrass,2017,36.21,17.57,169.12
switchgrass,2017,30.36,17.94,202.91
switchgrass,2017,34.11,17.83,181.07
switchgrass,2017,38.64,15.54,146.73
switchgrass,2017,29.67,16.7,211.72
switchgrass,2017,27.87,17.84,234.88
switchgrass,2017,35.27,16.59,188.31
switchgrass,2017,27.82,20.33,260.75
switchgrass,2017,29.39,20.38,251.32
switchgrass,2017,30.44,19.92,235.75
switchgrass,2017,27.9,20.19,248.06
switchgrass,2017,28.54,20.68,257.37
switchgrass,2017,27.66,17.62,212.29
switchgrass,2017,36.67,16.81,146.54
switchgrass,2017,32.48,18.4,181.01
switchgrass,2017,39.38,16.8,142.33
switchgrass,2017,28.22,18.52,221.74
switchgrass,2017,24.6,19.39,260.31
switchgrass,2017,34.48,17.29,166.37
switchgrass,2017,34.89,17.71,165.37
switchgrass,2017,33.2,17.06,169.86
switchgrass,2017,24.75,22.02,281.91
switchgrass,2017,35.46,18.39,169
switchgrass,2017,32.49,18.01,181.92
switchgrass,2017,27.12,19.72,231.76
switchgrass,2017,29.7,17.33,198.41
switchgrass,2017,34.62,18.28,160.24
switchgrass,2017,26.51,19.77,233.71
switchgrass,2017,31.98,18.14,168.95
switchgrass,2017,29.39,17.98,187.55
switchgrass,2017,35.18,17.34,149.76
switchgrass,2017,30.52,18.25,180.89
switchgrass,2017,30.48,18.34,181.68
switchgrass,2017,27.6,20.27,203.93
switchgrass,2017,33.22,17.64,163.44
switchgrass,2017,26.61,17.13,207.17
switchgrass,2017,23.46,21.97,285.61
switchgrass,2017,26.67,20.43,240.37
switchgrass,2017,35.09,18.41,163.33
switchgrass,2017,31.17,18.87,191.04
switchgrass,2017,35.93,17.79,162.4
switchgrass,2017,36.25,17.11,161.7
switchgrass,2017,35.62,18.34,168.16
switchgrass,2017,36.03,17.4,156.58
switchgrass,2017,32.51,18.51,182.29
switchgrass,2017,34.89,16.63,161.75
switchgrass,2017,33.62,18.1,171.92
switchgrass,2017,38.92,16.7,141.43
switchgrass,2017,32.45,18.96,180.89
switchgrass,2017,38.14,16.95,143.57
switchgrass,2017,30.92,18.6,185.55
switchgrass,2018,22.63,21.15,382.2
switchgrass,2018,22.93,24.49,368.26
switchgrass,2018,24.39,24.88,361.54
switchgrass,2018,22.84,21.67,335.53
switchgrass,2018,23.27,22.23,334.63
switchgrass,2018,23.07,22.49,341.99
switchgrass,2018,27.73,22.45,291.7
switchgrass,2018,23.28,20.18,323.72
switchgrass,2018,21.54,24.52,366.29
switchgrass,2018,21.87,22.98,357.57
switchgrass,2018,26.7,21.18,296.73
switchgrass,2018,24.39,19.97,334.29
switchgrass,2018,22.33,18.52,317.28
switchgrass,2018,29.2,22.24,243.21
switchgrass,2018,26.81,20.93,260.23
switchgrass,2018,26.55,21.33,297.32
switchgrass,2018,24.87,22.25,288.5
switchgrass,2018,21.38,26.1,342.11
switchgrass,2018,28.77,20.33,231.21
switchgrass,2018,25.03,22.79,300.12
switchgrass,2018,23.82,21.6,308.07
switchgrass,2018,24.44,22.86,303.76
switchgrass,2018,27.02,21.84,265.24
switchgrass,2018,25.94,23.02,253.52
switchgrass,2018,22.95,24.57,295.54
switchgrass,2018,23.88,22,343.48
switchgrass,2018,25.19,17.11,224.5
switchgrass,2018,31.89,18.59,211.87
switchgrass,2018,25.41,19.24,246.57
switchgrass,2018,30.84,18.17,222.18
switchgrass,2018,28.27,18.87,246.73
switchgrass,2018,24.21,20.89,284.75
switchgrass,2018,26.88,18.86,255.99
switchgrass,2018,29.74,14.76,238.21
switchgrass,2018,24.77,19.63,269.63
switchgrass,2018,22.78,21.6,307.86
switchgrass,2018,30.53,15.35,223.83
switchgrass,2018,27.72,18.76,270.35
switchgrass,2018,24.86,19.21,278.34
switchgrass,2018,25.22,19.34,315.37
switchgrass,2018,23.45,21.38,328.08
switchgrass,2018,22.55,21.4,330.84
switchgrass,2018,23.5,20.58,332.84
switchgrass,2018,22.84,20.68,332.28
switchgrass,2018,22.55,21.91,336.31
switchgrass,2018,21.68,22.76,339.37
switchgrass,2018,27.2,20.61,267.11
switchgrass,2018,26.26,20.96,297.92
switchgrass,2018,23.85,22.37,311.38
switchgrass,2018,27.38,21.87,263.82
switchgrass,2018,24.83,22.58,289.95
switchgrass,2018,24.72,22.42,290.14
switchgrass,2018,34.89,16.09,179.56
switchgrass,2018,29.84,18.75,246.57
switchgrass,2018,40.23,15.76,160.46
switchgrass,2018,26.87,20.15,266.93
switchgrass,2018,31.45,18.97,215.08
switchgrass,2018,28.93,18.07,310.14
switchgrass,2018,26.92,18.65,270.62
switchgrass,2018,31.55,16.44,219.23
switchgrass,2018,31.54,20.17,267.74
switchgrass,2018,27.04,21.38,317.49
switchgrass,2018,26.56,21.31,291.02
switchgrass,2018,26.15,21.56,289.46
switchgrass,2018,26.87,22.07,274.27
switchgrass,2018,32.11,19.22,238.13
switchgrass,2018,29.94,18.63,248.14
switchgrass,2018,31.96,18.71,232.92
switchgrass,2018,33.32,17.94,218.2
switchgrass,2018,30.12,18.72,255.31
switchgrass,2018,31.38,18.59,258.66
switchgrass,2018,38.6,16.06,171.51
switchgrass,2018,28.66,20.07,273.9
switchgrass,2018,33.99,16.32,222.03
switchgrass,2018,32.94,20.84,266.58
switchgrass,2018,29.55,19.14,271.71
switchgrass,2018,30.83,19.28,261.19
switchgrass,2018,26.74,21.14,312.95
switchgrass,2018,27.77,20.78,260.14
switchgrass,2018,31.8,18.34,214.58
switchgrass,2018,30.74,20.48,210.66
switchgrass,2018,32.11,18.58,200.21
switchgrass,2018,32.01,19.97,204.34
switchgrass,2018,26.99,23.12,258.66
switchgrass,2018,25.73,19.55,252.84
switchgrass,2018,33.78,18.76,187.49
switchgrass,2018,26.24,18.54,240.61
switchgrass,2018,32.69,15.76,186.8
switchgrass,2018,30,16.5,195.11
switchgrass,2018,25.06,22.34,353.05
switchgrass,2018,29.86,19.17,255.73
switchgrass,2018,28.98,19.75,238.53
switchgrass,2018,27.88,19.95,251.4
switchgrass,2018,30.74,20.19,224.5
switchgrass,2018,31.09,18.58,223.45
switchgrass,2018,30.83,18.35,216.09
switchgrass,2018,27.71,20.67,245.83
switchgrass,2018,30.11,18.43,224.35
switchgrass,2018,29.15,19.48,216.89
switchgrass,2018,35.73,18.12,176.94
switchgrass,2018,27.44,19.86,245.74
switchgrass,2018,35.62,17.13,177.29
switchgrass,2018,29.59,19.36,223.83
switchgrass,2018,36.8,17.5,170.37
switchgrass,2019,17.61,18.32,466.63
switchgrass,2019,20.07,23.07,490.17
switchgrass,2019,21.94,21.91,416.13
switchgrass,2019,22.82,21.25,373.85
switchgrass,2019,23.83,21.49,346.26
switchgrass,2019,22.22,20.77,389.05
switchgrass,2019,23.77,20.97,310.86
switchgrass,2019,24.87,20.17,331.95
switchgrass,2019,24.53,20.23,308.27
switchgrass,2019,22.79,21.87,346.26
switchgrass,2019,22.56,21.4,344.52
switchgrass,2019,25.13,20.86,321.34
switchgrass,2019,30.24,16.1,220.77
switchgrass,2019,28.38,18.01,292.97
switchgrass,2019,28.04,17.55,293.27
switchgrass,2019,27.61,18.17,299.22
switchgrass,2019,25.67,18.35,341.08
switchgrass,2019,23.24,19.64,363.24
switchgrass,2019,23.7,18.66,352.93
switchgrass,2019,26.39,16.82,317.07
switchgrass,2019,27.08,16.24,327.31
switchgrass,2019,28.59,16.1,316.75
switchgrass,2019,26.54,17.23,300.12
switchgrass,2019,26.42,19.27,284.75
switchgrass,2019,25.05,20.53,307.45
switchgrass,2019,24.23,21.71,369.74
switchgrass,2019,25.27,19.66,273.54
switchgrass,2019,26.81,19.66,264.09
switchgrass,2019,26.26,18.27,243.7
switchgrass,2019,22.57,19.47,298.12
switchgrass,2019,29.41,17.79,229.9
switchgrass,2019,27.81,18.7,250.98
switchgrass,2019,35.02,15.14,185.18
switchgrass,2019,36.33,14.65,177.41
switchgrass,2019,33.31,18.67,194.53
switchgrass,2019,30.65,18.16,208.28
switchgrass,2019,34.56,15.32,196.03
switchgrass,2019,25.8,20.27,267.65
switchgrass,2019,32.11,16.32,195.83
switchgrass,2019,27.52,17.81,250.06
switchgrass,2019,22.41,19.08,303.05
switchgrass,2019,24.07,19.63,276.86
switchgrass,2019,21.94,20.89,337.33
switchgrass,2019,26.5,16.84,247.06
switchgrass,2019,19.32,20.45,447.8
switchgrass,2019,24.31,22.82,353.99
switchgrass,2019,27.17,20.96,292.39
switchgrass,2019,27.1,21.34,295.34
switchgrass,2019,26.47,20.52,322.1
switchgrass,2019,28.63,21.33,283.14
switchgrass,2019,29.22,19.61,263.73
switchgrass,2019,28.17,20.73,272.72
switchgrass,2019,28.62,18.65,249.22
switchgrass,2019,28.46,19.03,260.49
switchgrass,2019,25.3,19.23,307.86
switchgrass,2019,27.5,20.24,257.19
switchgrass,2019,30.76,17.17,225.78
switchgrass,2019,23.13,20.76,309.72
switchgrass,2019,19.69,21.31,347.07
switchgrass,2019,29.64,18.91,237.97
switchgrass,2019,27.86,18.52,282.66
switchgrass,2019,26.78,22.7,312.53
switchgrass,2019,31.93,19.38,229.83
switchgrass,2019,24.08,21.8,332.62
switchgrass,2019,26.34,21.23,278.72
switchgrass,2019,30,18.13,218.57
switchgrass,2019,29.7,18.43,199.54
switchgrass,2019,28.03,19.04,254.79
switchgrass,2019,33.01,18.23,204.41
switchgrass,2019,27.16,20.15,252.75
switchgrass,2019,26.81,20.72,275.75
switchgrass,2019,32.22,17.46,206.75
switchgrass,2019,23.61,20.95,298.52
switchgrass,2019,24.77,19.16,300.93
switchgrass,2019,27.03,21.88,298.42
switchgrass,2019,32.24,17.28,222.48
switchgrass,2019,31.81,16.83,233.55
switchgrass,2019,25.22,21.73,305.4
switchgrass,2019,25.29,20.72,239.73
switchgrass,2019,27.59,19.09,217.91
switchgrass,2019,25.05,20.73,244.02
switchgrass,2019,26.39,19.72,222.55
switchgrass,2019,20.57,19.55,274.55
switchgrass,2019,27.56,19.26,210.66
switchgrass,2019,20.31,22.27,292.09
switchgrass,2019,24.85,21.52,234.18
switchgrass,2019,19.64,22.48,282.85
switchgrass,2019,28.38,20.25,188.81
switchgrass,2019,26.73,19.38,204.55
switchgrass,2019,23.01,25.05,341.31
switchgrass,2019,24.5,22.66,282.38
switchgrass,2019,26.97,20.34,250.31
switchgrass,2019,24.11,21.43,300.53
switchgrass,2019,29.83,19.4,214.79
switchgrass,2019,30.16,18.91,217.4
switchgrass,2019,32.5,17.87,197.08
switchgrass,2019,28.17,20,245.25
switchgrass,2019,28.6,20.55,228.83
switchgrass,2019,25.68,20.46,248.06
switchgrass,2019,36.97,17.21,168.27
switchgrass,2019,27.66,20.8,234.8
switchgrass,2019,31.89,19.65,193.94
switchgrass,2019,29,19.27,217.76
switchgrass,2019,29.03,20.03,216.82
switchgrass,2020,21.19,22.72,350.1
switchgrass,2020,21.76,24.77,300.02
switchgrass,2020,22.05,23.54,295.34
switchgrass,2020,21.67,23.3,308.27
switchgrass,2020,21.25,22.28,296.43
switchgrass,2020,20.72,23.42,300.12
switchgrass,2020,21.51,20.01,295.73
switchgrass,2020,21.44,21.88,303.76
switchgrass,2020,20.39,22.23,307.86
switchgrass,2020,20.43,25.7,367.4
switchgrass,2020,20.91,24.6,348
switchgrass,2020,25.28,18.36,237.41
switchgrass,2020,23.33,18.84,254.03
switchgrass,2020,17.82,23.27,347.3
switchgrass,2020,19.66,21.25,261.45
switchgrass,2020,20.5,20.26,258.14
switchgrass,2020,27.32,19.27,191.68
switchgrass,2020,24.48,19.87,226.24
switchgrass,2020,26.7,19.14,199.21
switchgrass,2020,27.64,19.47,201.89
switchgrass,2020,26.57,20.25,208.84
switchgrass,2020,23.78,20.33,239.65
switchgrass,2020,26.24,18.97,214.58
switchgrass,2020,24.99,20.28,202.91
switchgrass,2020,23.03,20.54,232.92
switchgrass,2020,21.42,18.56,287.24
switchgrass,2020,17.6,21.97,413.77
switchgrass,2020,17.17,19.88,375.73
switchgrass,2020,23.53,18.96,279.46
switchgrass,2020,23.05,19.29,329.29
switchgrass,2020,21.74,19.33,275.38
switchgrass,2020,26.59,20.18,228.52
switchgrass,2020,26.82,16.91,232.69
switchgrass,2020,27.96,17.31,252.16
switchgrass,2020,26.98,21.26,232.38
switchgrass,2020,27.4,19.13,235.51
switchgrass,2020,25.69,17.49,221.29
switchgrass,2020,17.51,20.1,281.34
switchgrass,2020,27.22,19.19,222.18
switchgrass,2020,22.97,19.14,289.66
switchgrass,2020,24.41,18.96,263.56
switchgrass,2020,21.69,20.47,313.58
switchgrass,2020,20.55,18.17,321.77
switchgrass,2020,25.76,18.15,244.76
switchgrass,2020,21.36,19.77,325.78
switchgrass,2020,23.36,21.76,292.58
switchgrass,2020,28.21,19.61,244.1
switchgrass,2020,26.45,20.4,270.71
switchgrass,2020,27.29,20.84,264
switchgrass,2020,28.26,20.97,248.89
switchgrass,2020,25.77,20.31,271.53
switchgrass,2020,27.33,18.7,253.09
switchgrass,2020,25.27,18.45,234.18
switchgrass,2020,25.8,20.81,230.52
switchgrass,2020,23.32,22.49,278.16
switchgrass,2020,21.78,19.81,274.73
switchgrass,2020,29.47,17.76,211.72
switchgrass,2020,14.16,22.51,358.17
switchgrass,2020,19.47,24.08,314.42
switchgrass,2020,30.92,17.96,206.75
switchgrass,2020,29.63,17.33,224.95
switchgrass,2020,26.75,21.44,269.27
switchgrass,2020,29.53,19.42,221.14
switchgrass,2020,25.13,22.96,277.88
switchgrass,2020,26.61,22.71,263.21
switchgrass,2020,21.93,21.52,296.33
switchgrass,2020,26.65,21.21,210.17
switchgrass,2020,23.4,20.85,254.62
switchgrass,2020,23.34,21.99,252.42
switchgrass,2020,19.45,23.41,313.9
switchgrass,2020,18.95,26.7,370.49
switchgrass,2020,25.2,21.13,244.76
switchgrass,2020,21.58,21.23,275.84
switchgrass,2020,24.84,18.8,251.74
switchgrass,2020,25.64,21.81,264.35
switchgrass,2020,31.36,18.79,176.76
switchgrass,2020,29.06,17.53,212.08
switchgrass,2020,23.81,22.48,282.19
switchgrass,2020,23.65,21.22,278.16
switchgrass,2020,22.75,22.13,283.23
switchgrass,2020,22.24,21.31,302.04
switchgrass,2020,24.85,18.61,276.58
switchgrass,2020,21.82,17.52,301.74
switchgrass,2020,25.17,19.73,245.99
switchgrass,2020,22.29,20.65,298.42
switchgrass,2020,20.91,23.67,317.28
switchgrass,2020,23.01,19.6,273.36
switchgrass,2020,25.27,19.64,261.62
switchgrass,2020,28.93,16.79,211.37
switchgrass,2020,22.59,24.71,321.66
switchgrass,2020,21.42,24.78,297.32
switchgrass,2020,28.63,19.98,210.45
switchgrass,2020,26.02,20.22,244.19
switchgrass,2020,26.21,20.4,228.14
switchgrass,2020,28.85,19.99,201.08
switchgrass,2020,27.98,20.27,213.72
switchgrass,2020,23.9,21.98,277.88
switchgrass,2020,22.18,22.78,286.19
switchgrass,2020,20.14,24.29,321.13
switchgrass,2020,26.51,22.21,232.61
switchgrass,2020,25.71,22.23,235.59
switchgrass,2020,23.12,23.16,283.42
switchgrass,2020,27.93,19.96,216.24
switchgrass,2020,26.52,21.28,230.36
switchgrass,2021,26.62,18.55,274.64
switchgrass,2021,26.6,18.07,274
switchgrass,2021,26.98,18.16,274
switchgrass,2021,26.92,18.66,275.93
switchgrass,2021,26.72,18.6,275.56
switchgrass,2021,26.89,18.47,274.09
switchgrass,2021,26.92,18.83,276.02
switchgrass,2021,26.73,18.57,269.09
switchgrass,2021,26.42,19.18,273.81
switchgrass,2021,25.86,19.3,293.37
switchgrass,2021,25.98,19.84,323.39
switchgrass,2021,35.4,13.4,192.39
switchgrass,2021,33.72,15.94,203.59
switchgrass,2021,35.47,16.25,147.08
switchgrass,2021,30.78,17.17,182.11
switchgrass,2021,30.54,17.71,194.85
switchgrass,2021,32.81,17.17,164.54
switchgrass,2021,29.93,19.49,180.29
switchgrass,2021,30.89,17.51,180.17
switchgrass,2021,33.33,15.65,160.19
switchgrass,2021,30.79,17.23,172.9
switchgrass,2021,31.53,17.57,165.42
switchgrass,2021,35.31,14.79,153.01
switchgrass,2021,30.93,17.02,168.44
switchgrass,2021,30.04,20.57,174.99
switchgrass,2021,30.88,17.83,190.53
switchgrass,2021,32.44,18.36,187.3
switchgrass,2021,31.12,17.45,204.34
switchgrass,2021,28.28,18.59,216.89
switchgrass,2021,26.5,19.59,243.7
switchgrass,2021,29.2,19.27,196.56
switchgrass,2021,29.23,19.64,190.91
switchgrass,2021,31.99,17.38,181.01
switchgrass,2021,35.07,15.9,168.89
switchgrass,2021,31.75,17.97,175.99
switchgrass,2021,32,18.23,180.65
switchgrass,2021,33.91,16.63,209.4
switchgrass,2021,25.11,20.3,271.8
switchgrass,2021,33.47,17.81,180.53
switchgrass,2021,33.97,13.15,155.17
switchgrass,2021,30.95,16.3,158.32
switchgrass,2021,32.52,13.92,156.63
switchgrass,2021,31.11,14.08,172.67
switchgrass,2021,33.9,13.01,146.78
switchgrass,2021,33.12,13.01,164.54
switchgrass,2021,27.03,17.58,183.64
switchgrass,2021,29.2,16.82,170.65
switchgrass,2021,27.18,16.49,182.47
switchgrass,2021,27.94,18.04,174.06
switchgrass,2021,31.16,18.77,161.05
switchgrass,2021,30.54,18.26,155.07
switchgrass,2021,30.52,18.19,160.62
switchgrass,2021,36.21,13.07,162.13
switchgrass,2021,33.77,14.69,165.98
switchgrass,2021,34.17,11.4,168.21
switchgrass,2021,31.63,14.06,191.3
switchgrass,2021,35.26,13.94,156.11
switchgrass,2021,33.96,12.72,174.88
switchgrass,2021,29.38,16.85,192.45
switchgrass,2021,30.65,17.32,179.87
switchgrass,2021,29.43,16.54,192.58
switchgrass,2021,30.22,15.81,187.81
switchgrass,2021,33.45,16.12,161.81
switchgrass,2021,32.39,17.34,167.76
switchgrass,2021,31.76,17.03,172.38
switchgrass,2021,35.65,14.86,206.82
switchgrass,2021,35.99,14.89,190.47
switchgrass,2021,31.96,15.9,217.98
switchgrass,2021,34.5,15.8,196.23
switchgrass,2021,30.16,16.47,227.68
switchgrass,2021,n/a,n/a,n/a
switchgrass,2021,36.78,15.35,208.35
switchgrass,2021,27.54,18.17,262.76
switchgrass,2021,36.09,14.96,223.3
switchgrass,2021,30.52,18.61,288.98
switchgrass,2021,34.8,16.38,202.84
switchgrass,2021,34.41,15.57,204.75
switchgrass,2021,28.62,18.16,262.85
switchgrass,2021,29.87,16.1,248.22
switchgrass,2021,34.24,16.35,224.88
switchgrass,2021,33,15.25,225.56
switchgrass,2021,29.13,16.84,274.64
switchgrass,2021,31.07,14.49,262.06
switchgrass,2021,33.13,15.01,234.18
switchgrass,2021,31.54,15.14,246.98
switchgrass,2021,32.55,13.88,232.85
switchgrass,2021,32.64,14.16,239.49
switchgrass,2021,33.98,15.28,227
switchgrass,2021,35.38,12.59,214.36
switchgrass,2021,28.15,19.55,330.84
switchgrass,2021,26.77,19.09,326.77
switchgrass,2021,33.29,17.05,214.22
switchgrass,2021,32.03,17.06,248.14
switchgrass,2021,32.2,16.9,236.7
switchgrass,2021,33.65,16.04,219.96
switchgrass,2021,34.56,15.99,213.5
switchgrass,2021,33.35,15.7,239.97
switchgrass,2021,34.33,15.87,203.93
switchgrass,2021,33.17,15.75,197.21
switchgrass,2021,40.03,14.33,167.99
switchgrass,2021,35.24,16.05,191.1
switchgrass,2021,35.11,15.17,199.87
switchgrass,2021,35.26,16.13,201.89
switchgrass,2021,37.32,14.17,193.29
